CustomerID,probability_score
0465e1d5adc84233,0.45102921984429495
2e92a20d5ba44245,0.1440501214444078
3415bc0eabec4c83,0.20037145361864403
a9701499e89847d3,0.28376870177155755
808c6d4f17f542d5,0.11058136848371761
8259b518f07a43e9,0.7230157658016041
80fd07b6045542d6,0.059689381942813376
ea9d29b96aa74e87,0.17544326990230438
0132c988354c48bf,0.5646316505246364
0f94ad03af3f43e3,0.24190377094471144
13bc342627b84fca,0.13895324578556242
81a4fd84cbbd4b81,0.07247382587042873
f948143369384b65,0.1261185441836055
694c3c61fed94590,0.6393618064841403
592f978b2df34e70,0.9364767054473863
4446c008cdca42fc,0.2660470460947204
22666da57bfc40ee,0.921290292043912
eb94a9f75bac43e2,0.23720644654026135
01716c732e83427c,0.0842499175586266
047d405da0ed4a8f,0.8178393581526356
9c750444134e4234,0.1524561837456402
6a07a6ef8e534112,0.6944448999051447
3f3d38cae1f2430f,0.10908237426244595
2054897b1ae54e2e,0.18615025784132222
ed309ae54fbe440e,0.4953354873986308
f542c55e7d964f3f,0.15965109205113764
ec19c1c6bbe14671,0.09895683063835764
bd7a5b24f1ad41b3,0.21585768042125872
9d6225bae4f042cf,0.3370290421825814
c1e009d64e954fe4,0.6402814694525009
af8a066d655a4f07,0.2656078043132682
4f3bb2e7afbc4025,0.6853701812037154
22a461e6fa254b5b,0.3242788358026531
228fc3116deb4bd0,0.12282589877140722
a595c794b01f4678,0.4333291036142749
25aa8ff7fc55423a,0.9132021681133922
87707586f7ea48e9,0.4738109441534671
bb6ac3ecd92d4fb2,0.19264395139555324
0ba972fa69cb42ac,0.4845864735169423
385a9d150b244b76,0.1325045769460577
05e2b369e2534339,0.25034393031679314
e468471c19654ef4,0.20596674507409793
7f29ac2088d341e8,0.856751130503905
4b9da8b385984efa,0.4016365936173161
d63809beb7d547a5,0.5815935180313261
99e2c528d84e4e61,0.1108123975254786
f944f4ade25f49df,0.22767627714005986
e4ab9e103f7847c2,0.11984253963036265
3a80e8d8a70a4b71,0.12139406217784117
44999fafe6454343,0.2110503927149625
48145dd67d7b45cd,0.9473940786676598
654b96617bc244a0,0.24037999817771813
81380199ebc642b8,0.16343352616522092
c7ac059960a5402b,0.3862852972093466
09c3150926bf40d3,0.10264112667691543
6f443ae789264d12,0.5946684129159803
9c30900f19804dc9,0.1677824983953409
6a39ba614b1d4288,0.18725031239340492
7bb62ab7e0ed42c9,0.4484841904412907
41473ec291f14e75,0.7640422496163666
342ef47d853348d7,0.13510819960926487
3fb6684f423a4c11,0.10212567543758629
f9aacf78480146af,0.27519512399873614
cb6d73e58bf24c36,0.10844073580278375
4b4b5f97710a4c9e,0.5025977717155576
66af5ed434c44a76,0.46249858338446287
dad82e8603b44813,0.11108355460475049
8e682a36fb884a44,0.12595271943521638
f48aec3f96a04568,0.2636135249551663
e9b72518d15d49a1,0.21630438515657788
c4040e62983b41c4,0.3810753620265164
4185057b916444e5,0.44380840272976707
b05abf77eff54029,0.21413814421416094
3938c151944e49f6,0.14478196396427803
4587d75e502f47d2,0.39726676177717896
6327a78b68934364,0.09190311018521649
7e9cd4aa5b7f428a,0.20653285429677803
aaa976d12996489d,0.09632934497299979
26099a8d7da4454c,0.08984644384121769
bbfa4f17c8864bd0,0.06489701382964722
a74e1baaee344727,0.12001170785191372
b6c8088fcdc3476f,0.2406713581283082
ffbec3a6c5b346ea,0.2686583404269111
92153406aa8b4d5e,0.19410130942813475
29992d60f8354a1c,0.15374335613517873
931091da622d4e53,0.15442760973699982
4fe3f3d3397747a0,0.8738269618567585
c21281b3b048415b,0.07266737244658925
e24da10ad596439d,0.19622488455297846
22b90a9497804343,0.5915467540536947
76f58b46989a4726,0.17598946318041278
ac21c326157f4d4a,0.10473672675841265
bb96cccc488447d0,0.15268788749854492
6b439a4f9c344729,0.5223712031958131
3cda664e8c8144e1,0.40924135621320473
715c8afc4ca74fac,0.19968905647082122
03f21b826d4b46fb,0.12321279740031578
666e170b0bf24ded,0.796825852808627
09fd6fab1092400d,0.9226260119509483
86270afc04e54867,0.29436842423046256
3e84d20f92634dd1,0.14845690321659136
89924af24d9441de,0.13094717441339251
8baeec3e32d34c91,0.16109913129637712
37c647d92c8b4cb4,0.2095998529368552
100ea5eac6e54b01,0.15105481137555288
81bebd38f30649cf,0.10645665498723546
05139d5407f14287,0.16246209725314906
00611a28aba04e79,0.08825295179612538
6e973d668a6947b0,0.8193147090502926
1f8caecd6270482a,0.14697930243920673
71464fa6c4ad4459,0.06619872341922514
da6cf12a3c184d14,0.4438223630997038
a3209a64e33b4e65,0.08614707332907731
a35e5d9090034033,0.17278494332242408
afe792b76d6f4357,0.8832885856303079
d136d7f7df89420e,0.09670151104557084
341db8d424d141ad,0.15400939434630914
108b3c88f5274041,0.13318687195565163
e28f3e11b1714abb,0.1718313955298977
f741a4e87bec431a,0.08130664342893398
252b47b2f2a74682,0.6638578076537526
2a2d340a80a044b0,0.8657371217514432
670545efb4fe477f,0.13416884176822924
7d1f097da16e49b0,0.16790292950122643
dea49983178544a7,0.07424524610082665
fc45910f3c6a49c0,0.2192841867486667
dccff66033d043bb,0.08063894741086977
8c107154b4194d20,0.09638440788527956
9162030984684ee6,0.09829632118448119
130c08310d0d4b20,0.11159758806877443
5daa0146dadd49db,0.08267452395630795
dc52726f779d4aaf,0.5119134415498952
d5795a2407524a62,0.27151288515930244
11b902b588124678,0.2107110903805773
deb22fdbf13a4668,0.3717118407614519
77d7b1e741d44ac2,0.35123651820096635
c942712f77f84d13,0.28282765229963197
cabbd4db689d4a79,0.4916686966355434
e23f2a325ba145c9,0.09631625952510238
1540c329fb4349ad,0.8535826737073898
3e5195ad3c834ac8,0.7486689834319643
5514985c7b154ad1,0.09662892560706526
d6c9d8dc3f124e43,0.15250368285433816
5d99613e4c294f14,0.24132941930281834
693f779c906d4f3a,0.11747224736579782
1ea0e913c170447f,0.1375858479802521
236ff86932ba4243,0.10934913379474598
dedec37c30fa45e0,0.19297020209408858
2646d633f83e4bed,0.21942676301476138
732d07118cee46d0,0.10927088606727518
c47b7436648d4079,0.0590064347524899
87743ff9fe7c4fd9,0.3504726573749829
b74bd7abb98947cc,0.12680673928998656
5743a0b8e74b4e06,0.11749345011777088
5bc15169bc4040b0,0.11031120921005907
bd77f911ba224594,0.07299414913127082
c6b8827516f34329,0.1209390034052211
61dfbb92c9854a04,0.263410189698548
5624254a388248d0,0.11177423620537577
4e894dacb6dd4e9c,0.0702048490647766
15f468ccd17448d3,0.12101001518109437
976ac159f8424c4a,0.3900664341899582
15027a19bb134996,0.11713456481775605
35a6efd648004d08,0.874908162302028
ed0e640f722748bc,0.05283911976499261
9c457df8a0c64273,0.14798484637552545
bd95a05534334d0c,0.6277038549008426
9fcc034678d44f96,0.12411285004679633
5b8ecd9f7c344bee,0.10519067957873175
b5353af5a690487a,0.11553820580521575
e5430b8714b14e58,0.10023612290901994
84ddfd04d03a4bb0,0.15472501716538484
dc0dd9e59b9c4749,0.8733923714068924
48e20ef15d0c40fc,0.15136589159788383
7d8eca8abf324974,0.11166338166227088
20ae778f70d444a5,0.631095959404774
31d41c9d0d4a452f,0.8084360675283613
aae44e74704a4f35,0.4906953750795071
bf2db42d2a8b4c48,0.12229353249031943
cf1463dd91d34eca,0.9084584769076558
1c365493a508486e,0.17665342160794423
620b583de9a0460e,0.14810867783199644
d3234f34898b4836,0.10698580372022122
27ba066750564c3a,0.14919378924771426
b4891948645d47d7,0.9194645905958212
c41f56352b90419d,0.10280309121750429
afb3bcf76e534c50,0.11153828051752418
8e4c4a078c25496f,0.33362273811144727
0cc2e9a2bf624c30,0.131672615508372
3f0817436bc94afa,0.09275714980081874
309e1e77c91b46fe,0.08679971487104413
1ed213134bef45b2,0.0956593618795608
b323f4a0fd6d4bc9,0.07946180424576665
1f244e78a9834999,0.10555465676264612
8fc299237722432e,0.3340616473014105
50366941a650440c,0.8409072567129534
7236b08d755846ef,0.4685999976566486
839cadfd0795420e,0.11348094983772437
1cabb4db08444ab6,0.513834621647077
0cda594b79674b9b,0.8007703064067352
7dd6ba9db7d846f8,0.3211078510564775
2b18ea38a47f4e83,0.10708813663740317
30e8890f190d4509,0.09169130740969114
e107f58fbfba49b4,0.24441985987261272
3c96b6af49f04df3,0.2523832416295132
0b700a056fd34001,0.48375780189142314
6535e569cac74b1b,0.1704749856345017
a2f6f156391f4984,0.09768980151634868
4e0dcd40ec484c6e,0.12606421483574906
3b5010153e7545ab,0.13634354592528866
5e83594a679943e7,0.6950854121652199
5321541614704bbb,0.09481315111441227
3781d2b64daa4823,0.4766642278615344
2eb4213d62814f45,0.09907027496637719
0267be4ca4fa45fa,0.12805074407172853
21d8e4fdd38c4805,0.2855298363068101
80968415bfa34795,0.1467226379708931
20fbdfee86334130,0.31818181332919243
97759165f404465d,0.3142790472399429
0140a90f32314052,0.7925308544998071
e8e15422327042a5,0.09038464930169092
c50ae123e8854225,0.8599895912695652
32a291c8dc6b4795,0.3449211309785953
4a47667ab4144996,0.1518841334301637
b2afb0f845d5479d,0.8814521876332452
8b4d620752cb4e5d,0.06325014998212529
ea75cf8398c84022,0.11136443364700153
0753d2e7893f45b6,0.3630285365931998
05b25ef813474f30,0.11196778980408435
e6800771604744af,0.06421180187170239
75fa9c8fc850415d,0.12072587935539666
763ad808e817478e,0.21012357368706672
4cd7dd61548d4afd,0.608153311156949
eaf8527165b04de1,0.2809592694804621
31dd982860c746b7,0.08855795887816884
e8777b7a8c4442e7,0.648001843818654
638ffed24f084892,0.5441505803708786
041460928f3e40fd,0.08126801570864513
d98a53b2d7b84600,0.10288175321540699
ffb3859051f6445c,0.2158816158797399
fcda8e7a36b34611,0.6143680706225622
a422a325c5824bae,0.9398131697154285
cfaabf0808074915,0.06909802508217042
8d4f7d7a81b44f63,0.19174000395510693
e2d52e7e89e244dc,0.7553838352422638
2d85e9aa32094ebf,0.11210072612392155
c1952682574347ea,0.8783191465421097
8074253722dc436c,0.20470777314951558
b28c7873b2284db2,0.132216623140409
7797c6d7f870434f,0.1334768211536397
dc70ada301dd489a,0.3923920935592625
042c823a3cee4e45,0.1738357419151486
5065a5d502124ba4,0.07716993020170479
d2bd2d48d3c1414f,0.5472432705122268
97ac395158a2408e,0.6312934428547883
0c388da1e4934348,0.17323118327413817
9ec659927d6d48e0,0.11072420209057013
47bfdde82bfa4cb8,0.113845657038962
69dbe0030bc1476e,0.19792933800890553
98122e907a844c2a,0.11996866763745367
957761e36e6347a6,0.1115118773100689
3520c688bc764d6c,0.08263851582804545
d52349487748467e,0.11576973746809285
d277639b0cc04d88,0.14420392331660867
5d357c2b969c4ef9,0.290739924924582
9082ed1c22734783,0.8850245539635127
de9f6c0d135d4340,0.0964272608975434
f6514bf35efd4c68,0.12119304336365647
adba2c8ab2da42fe,0.0805539592975007
31d003a44af440a7,0.10944008025148075
8ddc774413cb45aa,0.12425813657219784
346ac0da09a7428d,0.14729876641615913
1d46dc0135f444f5,0.43595710675331173
d5d9caaaaf16472a,0.24504396302971518
e3d9b55ccf65477d,0.09610330165161206
eb8f108a3c214dc2,0.11651536020400731
e2462f6786534df1,0.33584303552347744
ec15d37897d94d4c,0.9354975849425085
4a8a0b3b60514c3b,0.09255192042966692
6d6efeaf84494f9d,0.0925447053483052
3c732bd7bbdf4619,0.7823309199209467
8ed6e9ffeb914d05,0.48258326435309734
4443dbbebd614450,0.32893263526435607
688bef0930fa4ca2,0.25191788951475336
f12ab7292b3843b4,0.11412183603207669
0d3ed0cc13ee400d,0.4925504503194811
aa71f79ee87f4e2c,0.5713603679327088
dfceb4427dde4df9,0.17772552259636448
31842cff491b4468,0.20629318372628103
c1d726e379be42d4,0.05932029389844264
cadb76def79b4452,0.166647240941626
098220ef01934924,0.08800138591303315
1d54878d2add4e1a,0.08482595490492456
776df4a481ef4ef0,0.07243637826778969
b13c65ae608c4c26,0.36442383853628635
f5d217bd881149ef,0.1714505011815772
ad4068f8ac9f4d2f,0.1418887833768884
dbb4711d57394d32,0.26255423276758016
53b531b0229643ac,0.13213042891617902
51f112f066d94c1d,0.3428468443323282
e8cd5bf849c34ca3,0.11723090034332621
d5ec72a18d11402d,0.10196167044344788
7c5567f853404b4b,0.16665417378694197
7d7a34ee16114ca1,0.0856373951827573
05f64e7de6ae4744,0.21104925830308846
5eaa78448dbe4d98,0.47643982252337985
658191963425498b,0.08651373598590306
47612a8b56ae4f52,0.07976836702290369
94b545da647847d8,0.10872606352968948
67e5a76ac9654d1f,0.20213108619909592
a6976eff67604a66,0.09396582521504507
12f8f379695c400c,0.2944532269178958
8cfdd1e9f3a24690,0.15768330992567794
cc2d529cb45f42d3,0.7050298745930805
0eb74903a10f47a3,0.5135350117146941
933a5119b759433a,0.5346959135170265
d817e124ad9c4454,0.10686491244034924
bd15e58fc94d4b58,0.10072281231656581
4c1f5ace34da48ab,0.5343611088343546
1ee6556a27b54c35,0.27769977157053033
6845feec561b436e,0.3542173855471337
cee8212c1f7e43b6,0.11812970113707363
00b175e2fecd4c5f,0.18011198547721907
772f073b005249a1,0.09728076944574432
202094f00bb74a81,0.10800365236922112
7158445eb2e9481b,0.09793189837874641
8b6fe755588e45ae,0.10041339675036699
439cc944525942bd,0.12345446560634217
62cf7b170c314182,0.07800111096246447
5fe41db960e74804,0.3949856373479543
967a72aaafc249d2,0.3151703756402664
9466da674b5544eb,0.10767509664445714
01b565725f734290,0.1455370533204202
a99edf8b953f4c56,0.4096136237461601
95946c87691348c1,0.2146665889430239
76db8a02ae7f42e0,0.4036898006230331
a04db82c8af3450e,0.31079132778128005
22ecc058cb114557,0.13480097850103387
a717199e35804923,0.10545581218737098
2903d92c1485494d,0.15454789984887574
6b6ae127f82c4f7e,0.20531326183814844
84f863370dde40c5,0.09913000472641963
cc9993928bc84a1e,0.12723780102682264
87bc3442bdfd47e1,0.09521454064206333
c67d82b745ee4225,0.19258036392081032
89ab8d792ab64b73,0.07224415295637636
9989f701e0c941e9,0.3941500209785569
806212f77be148f6,0.09756707475640321
c0d7202dec29453f,0.09431349620754959
d8d83715735e4a27,0.07513901364912898
276790e179214cab,0.10848999936995035
d7be196c34634868,0.12962228337608211
f80ab2dae39c4afe,0.10813741775285972
b189dba9d632449d,0.12523018926983673
676aeae1f58f474d,0.11304343104120314
ecc7633a3c4843a6,0.34339768581881636
2c60978b32904b3f,0.2532920581239828
22fa70434cc94e66,0.12339164264892263
f23e711a52154577,0.11807350089890502
979cc7750c104934,0.1662796409017102
b2339d4b935c40d2,0.07211673265214236
285aabc283b14aee,0.11584250074023708
0fdaa78f4b3e48dc,0.22857850178804134
ef178ec19ec8412c,0.08808757136041047
837efc05e2284e6a,0.155757721522377
b11e8781232d4eca,0.15037062666772405
e681157953d54c29,0.2527654891558629
aef96050496b4d23,0.07147575365214098
2c12891415d4405f,0.1459688393149152
6016edc99d3f40ba,0.11502325035024762
48d69ccb0f0743a1,0.09270501162055693
a97dbc63e45f4424,0.09203618636188912
8c018b71381e40f4,0.727680774222109
29ef8bcdc72448e0,0.10532624885503376
b441af7fdc2c42e9,0.09745519035117244
dce4777d50434851,0.30194187472133477
04ba8e201a0d426e,0.08775582630818074
41fbd42b60ee40f8,0.10036306530368887
3842d21c6f104b2c,0.14056688451699623
c5d08d74454844af,0.2728954928603547
08a6e5cef3104969,0.22715266710447676
c1cce2dfed084d83,0.1050183014935564
cf4e91cb235243bd,0.17350313880087698
4f1d9b122aaa4f00,0.47808197974917516
6dd4e852867d4191,0.10697751656791016
69bf1fae8481417d,0.2133697925609898
6e89006f45434ab9,0.10174583910497186
5e92f50b0af145cd,0.5832616404151014
dbee82bc1f594bca,0.8661897994543948
05a63fc3430d49c4,0.18716939369466828
de1f18926bdd4642,0.1320216070371396
f1dac3923de948d8,0.5043133426171075
0f276924ef734c41,0.32297954570394954
aebb49fb07f046cd,0.14630546203637368
27cafb9007704567,0.16327352543712115
098826ef4f144075,0.6558743847052039
60790db303ed4fdc,0.12061628543667664
ee04d8ae96cc4420,0.07980242450818478
4287236dcdc947f7,0.06378466838483443
df62feddb1474836,0.16870190539550528
8a40d5e6e7b54804,0.1716197832939361
57dda6ad05de41c4,0.13351575658944065
3ab9dfc6804c4c39,0.1504913154163389
ccd48dac9d8646e1,0.8441678898823591
0efb11eb661d425f,0.6318320585066292
743339eb10ca47cc,0.16909150516106192
038ac34aa2254e09,0.13880073130286197
27d148072cc84619,0.2518670134082274
2503ac9377584258,0.10034930373018634
51bdd70bcb8647f8,0.15738157765671507
e2205a8c40da4673,0.21657594846239653
14c714b26dc9462d,0.26535386050024623
b7b0575879f04825,0.20188902595879094
20033bab245c43e0,0.1705716004975325
e458988107b04a39,0.10392389298515818
6a3c56feab9b4c52,0.11141161523884154
19a3954cc38e4d23,0.10867360513624542
6a0da1dd922b4633,0.17382408219902032
4c73058161f843ae,0.08364171533775545
ca17440aacfb4c94,0.4069711588160154
2a14c2ccf51147e6,0.9125631288287335
8032e37e8792449c,0.13578543278253008
dc8109ccd1a341e3,0.1269029810931465
77841399e67f429c,0.06522553556765165
434c41187aa24efd,0.1004150905360814
07adac095bd64541,0.1079227196067413
7314e097b0e7493b,0.5304564591367348
421965d1e97245b9,0.18134905713383764
99acfe453990437e,0.20936959851593784
646de9d3096e4921,0.11076086157504604
9d1fccd7c6454740,0.21532045321175824
f299fb23f1784916,0.06615831386389294
4905038ba7854e80,0.10851259427298257
5a514a50040c49d3,0.27732768032272487
78233bced87b470c,0.8290264145428765
36a057511b4a4081,0.06319019343259881
b4462ea6ea0c4c4f,0.07503694083650204
2b7bc6a0e4db4c91,0.7268730818022816
a4b8b45390ee4e2d,0.09859214658479018
bfa32a1567f54a36,0.06353301711111964
8c6814a9cd074217,0.09964728896871493
fe2469c637894c6e,0.10676582678702724
f02dc7f08deb4d46,0.1555210697097977
509400f5a45d46e7,0.5722131099524415
9ae22978ad104e8a,0.08267164648639903
a46839957a5f4a16,0.18418604582185494
264ca2e34e9246e4,0.4077817856051415
788a5183bff04efe,0.07934496155359612
8719c84415fe45b1,0.0811982709112496
35c18691986f4df9,0.1512809202046623
a7722727d1344998,0.2565577047226828
570a0f9e709947b6,0.10108565735038127
16a7a11fe8e74f14,0.17990508503606528
537b24e3f8b04ac5,0.07727488617195902
725becd5652041e2,0.14450716271016734
9cd9f2267fad457f,0.1379609683004887
723fc495b27247f9,0.22806095120367392
1012293ec892452e,0.0917623080652733
c9693ed52d9e456f,0.12103744110748972
07f3a2325d7649e4,0.13930154703290987
da76b07531d34b7c,0.33209836594742853
da3512e0b5104924,0.49402539413765845
3bfb6cc4020040ea,0.07357216512587574
62b8fe08d6884685,0.3192459972532788
f3080e1d4a1a4a5f,0.2349036063752547
750f6371db334a64,0.15603047524674835
6dc5ffe4c67042e8,0.11062030859531302
d88e2d5005824580,0.3732643811461133
df6c060feeaf487d,0.10050908033937307
cae00e6a4d704df7,0.3073607242214236
f4ade9597c0d4901,0.13587962910847698
94cfb3af025445f7,0.08194067473861981
9b66e75bbf874202,0.08253645008392549
9affbdb07cec48d5,0.10931476720778678
04c5cbe747844241,0.17941244214543403
52eff8ad516d49ce,0.16390767451093288
8627453dc7ab4eb8,0.2661621322210542
12878ded036744c4,0.3239362810384075
645a7b520a5c4e63,0.1199938153591554
423f34cae9b74d5d,0.05257460904324984
19fbe37a54384b8e,0.10798899051245137
eb804c71ed55476c,0.2177161898195434
7c9e165eeadd4071,0.1665450056026521
5ea876142c5a4d70,0.11717489311745978
0d3cfe78c29e4c3a,0.45059223218564276
4b763dde93654d5f,0.23568844499380798
7f9e58d48c8749ed,0.1354827258365347
12cfc677dc354069,0.12367471098840714
d439363454be4ccd,0.12459918919540847
44b44a96861644ae,0.16158671567103863
8.68E+43,0.13155650380746192
2e6721aec33e4bd0,0.09884670407843302
b77c04dd8b7e4087,0.1148463529990828
f266cfa2b68943e3,0.8261486628780972
ea98cf3bd164403f,0.23073854275281294
8d2467836d95417d,0.11204040817628327
aec89b4f18ac4835,0.09176343960229735
93ee8aef3c9b43f8,0.15075801557413981
7bfeff31cd8348e5,0.2780832152633241
b3231bc2356d4551,0.1353197818299357
01e067bee1fe4755,0.09605922668190463
5ebaaf316b214b3a,0.6498775578581495
e6c708ea050047aa,0.7632623136363823
471c53cfc0c34cea,0.11898375046377303
d20e64bd480c43bf,0.215535342101278
d0be9310d9894981,0.08248704784257901
22bed567d4ef43ef,0.17573201418708448
37a3cfd5027f4099,0.2491830329354861
184e7068a8bc4c6b,0.3675129736797688
27fcf5eefdd34b7f,0.0883556563743863
0ffa0260e5504b85,0.0862498525943826
606d68c9727e4527,0.19430155107179445
c88b3d8428b04f14,0.12087863151943874
92ed47736f5d424d,0.11943022847434297
2708ad409e374e33,0.12183147231096562
525cd9098a7c457a,0.22398505656711945
588974a41c2a4c65,0.09016419176037724
eaa58a3fe9b1494d,0.11818527693285154
1b03db86c12e4437,0.14797632855185097
2cef87623dec4c68,0.2715403533212765
7330ee75851d43b2,0.1096064566174378
8e637431fe3b4a74,0.14598104655289662
4c5d37cbd4b843c7,0.09486805736473394
8641035a6d544a37,0.5133818757447017
1a173934a7bc42be,0.07915985995664634
9953b1f64b0c4280,0.10053445194871807
efe0056b94a74c85,0.321078323891553
f6fc08f5b4e14138,0.3323691130219372
6a43860847764fed,0.34781955848897306
c80708ca6ce14a6c,0.6553688725954544
4083ae17dc8c45c8,0.06811553916741958
620ab648c7b24e79,0.14746676345076626
845af96d78d34f2f,0.06933777264556795
8afeed5b71074701,0.206934163605173
208a6a237d714666,0.16465519511102553
267a9a5077fd40eb,0.2419480481074486
1e47aad6c8484586,0.23812175505693176
d4c21994b7714d28,0.1333286969371483
3b3023d0cdf04a12,0.13759522987797013
321dfd17f93144ba,0.07014362434824487
3974ab2c4f2f4f42,0.08978210471192827
ecba8e2ba5f546d3,0.07193756167227881
c3fde5ba41c84c83,0.11117794625381139
1a4810670e1b4767,0.20567830071809332
00ae3371895c4421,0.6621325969945969
d1aac716fc6646a6,0.28993316775702443
04b9c46c26714d7a,0.1103916447004822
4117fa3007864aff,0.1818808028096841
80ebf2bea484454c,0.0815188585323724
85234f54900e4e61,0.23974901824252598
e5ec86a0689848e9,0.11203234257730481
f5012bcecdf24dd6,0.2358098507142852
e18d1ddceff24113,0.08623104344325018
e2b0dd497d624721,0.12403949918646552
883a8e8783f24729,0.09354926844094566
98c3413577344f6c,0.4287784804059422
29f873e8cfa04821,0.07876114440727096
abdffb1a39144e67,0.2116159809572875
e98d5818fcac4d5e,0.061626696405744974
cc938b6348b74d86,0.09709474686731133
bb986919b1d145bb,0.18500549906819633
e09239529eeb4453,0.14262627222036428
d0aee39879b74183,0.1652662759715035
1af336c78ab84a69,0.6480116190349537
806374dd842a4f2e,0.09588853215752988
375643dadbb44101,0.14708515531369326
85446f91ff014ebc,0.09532582446539996
00295142d4654a43,0.12717537853145108
4179ca796e2f4daa,0.2377914279688094
dd4293c66e594a96,0.1492849760135723
51520633fb2d49d0,0.11328226298829432
248a3a18655d4417,0.16370649811046398
dcc280c7a7d54a20,0.12292550659227784
782aed9c54e8442d,0.11022295737996478
5622191a8eaf452b,0.6492932906136322
e756bdd3ae4f4ce2,0.2088386364802782
abaac8cedb5e4a69,0.08213658519800755
a060cc8921684fc3,0.08971569401714186
8881305994f646fa,0.16830059606273953
21693eee8c0f4959,0.10120187193344012
0822d8ff30364275,0.6135628551444041
416ca6b87ae14974,0.8015703692980573
37247243d8b74931,0.45325845734445286
15821c3a97da42ec,0.19270620999069504
e2335e4167c84a6c,0.08254780711222803
eb7fcf5a7fbe465b,0.4158324510521391
ed15459bb79246a7,0.12167496299519577
d9aad45ee38949fd,0.09783219349382713
19d6f2b1d5e542b6,0.08702928268469076
d7a9c72b96204cd9,0.10744667365166476
681cac0b8c4d407c,0.6622354706122304
a9748ee5eb144c9a,0.3561393229040689
9b776ffc1b744bb2,0.07186468990122177
c8937be618c94b72,0.13711392664113736
0793eb05252746eb,0.4422918823417217
2f33983b2c304358,0.08539855236642852
ea0c39789d014145,0.10807527981470712
b4ee6427ad5743d7,0.23267304357696694
dd02ffb783314878,0.24143205997080064
6655fea8477643b3,0.2561999302265037
28049b266f3b4399,0.32852172233096055
6c426cb115e646eb,0.4064616574931013
00e85f321fad4066,0.1030916491922519
6f3b01714fdb4954,0.27180012344691323
c1b4e2744b28430c,0.088214067624294
ee29c41fdad64d82,0.11502691796261115
60b6de3398ec488d,0.0872142588439265
5894f0afa5114697,0.18208329858075295
ec60f563da854ca4,0.10683053502296819
9d90302df9884f26,0.5792924236981112
a687b8769ef145d2,0.12634658363648674
f788333c2a534242,0.19757266838390203
78e3db4525e3482d,0.12333760372790609
df0d8982a9704042,0.3193867287715411
b6e76daf62ce4628,0.07108069427183539
36d772a74618486d,0.11993195780899546
8ea8897a926e45b2,0.10871724374153552
4f9ffd673db84951,0.1390476543611729
863df638e6a0495c,0.20286351193972316
4f4c6e935c5e43a5,0.11610818923854316
4fff838afadb4a61,0.12287096446706246
ca269cd159084a51,0.05267588929612718
242a72c6c0dc44d3,0.09588119578160935
59e9fcaf0dee4319,0.1932022920131603
26e3e7b63daf4725,0.11801477840387754
2eed4a8ac63d407d,0.5130968167895553
ff0ef3701ecf4e87,0.23649482248243137
be1b170cf693428f,0.2291925195472004
dceeb421a7324b0d,0.21216126813818686
a606042968db47a7,0.07537321704615914
2a3f44a612a545c9,0.13167939283497165
1dfac3f93d1d4dff,0.3077684329429761
a3b0231eb1ce43cc,0.6575420664892421
5568a8ea69d54111,0.09169370395045731
ed0d87e8fd33461d,0.14329232051468294
dccd369ac7d64baf,0.14547598426682296
429fc2d7fc894f32,0.11852652712836378
a0322560971149f3,0.12452499551610523
e3de8266f3604d61,0.2879369613328282
c661cfdddbcf4ae7,0.15005113900225286
0564f8c83a0241b1,0.19991266930474327
22a426c01a5f494d,0.09930282036012172
9a0fac49f251442c,0.12522253932885366
78717b1b61624695,0.13942516888084297
0e9d839ec8774d44,0.3990028308547452
5a20ab5ad5604d48,0.12886555878044248
10648c0b853b4206,0.14115549127903418
5df954aede0c4428,0.25304406025074355
2a979bc633b84a0d,0.3867399492519904
9fc7e3f3cf504a5f,0.43597518096116605
d8e19d6e4f774218,0.14527933898159096
6fe9087b884b4579,0.10175615350175038
12ebc125126d4dfc,0.4117641875446273
ee558b952551499b,0.7942683750680278
e972f87009b846a4,0.47402709357338196
0e0bacb4715644f9,0.09761087623005311
16f357a16a924519,0.11695638645378362
2d97eb6d737c485a,0.2725911253718703
508668deedbb459a,0.14058348327182402
a96532f0fb134755,0.4172289521259614
f701f4c0bf324c7d,0.8405804739110706
3a4220c9cc9645b4,0.17441983681737988
aeb6664ad39246eb,0.14919920796416491
66455e3e98274f61,0.30296301358316025
a0fca86a7d194fcf,0.170855302034282
e4f6576c554844b2,0.32851585216911333
36bfdb512d094e4d,0.7407582251157768
f3bad77b2bec409f,0.08580509939760361
bb98fcff05784b02,0.6987940156936309
0b9189c3ed1a4a56,0.14611145717032153
e5bc6f1376bd4cd2,0.8184975122652768
03d8477697604193,0.13979279884425108
4b91b93f76df4c43,0.09670746552808353
2b68c5c6221342d8,0.0811164298997912
c17b32a6acb44fab,0.09342215809592874
d778943a4dda479c,0.09603824555780865
776239e037cf4941,0.16884578643064027
c56a5af182b74cfa,0.09887114379905193
fac0776dc5514d98,0.1304906075691145
4e21f70b3b39493f,0.2179043370031849
b1e36a20a45d4750,0.9114594422232831
668e7ec23b42447e,0.08192840321873751
da7d3d7392e3461e,0.14408790520441134
f6c044a99f2a490c,0.2737781591038869
af36c1db7f5a4768,0.5130067707388496
3f990959a1ae4f47,0.08802356149580529
a70a22e18a64445f,0.13669677397711466
3f10090d67e94de7,0.08635339170728377
a13e4e43fe0045b9,0.0917311859287669
a717afafc99a48f9,0.12082510453244306
8894d23f0da6421f,0.5045894800699828
153cc3b3edd741cb,0.1026384473736833
fc495311a85e455d,0.3641184642999297
c7cfaf34cfbe4e17,0.15911300222258717
3b6f09b0ca7c4ff1,0.6144537833051475
e2897cd9fbec47ae,0.08966199097516928
0e3d8b83d5ea4158,0.10311781968215293
c7a503f28a0a41fc,0.09770746405040795
0a350583146b46a2,0.11430850388856695
ae5f88dd522f4e2d,0.09913633152369776
97d0e6a172954bc3,0.11530982178424674
9529d97597824763,0.0831322921829243
11a97fe952994d84,0.08489587063742304
66d19dd936a54589,0.09347792129970034
b7d94bdde86a4ec4,0.11973721478925058
8d4bcac527a74eaa,0.21626908878972403
89ad2aebf01f475b,0.1385707156268332
685cbe5cb35f4ddd,0.10241365505759732
c8e331e12aed463d,0.8371216206693854
cd17098b2ed64af4,0.30272423995599135
b672dd77f4f14f18,0.042983241196445025
188b939adc454ef7,0.15083661616823893
3a3ff02f88ac420b,0.4432186582189984
d1fae5cdc9d84114,0.6061672731352697
c7ce139b93054e0c,0.11144435774460622
d1025054ea49403a,0.2063533067057276
f8ab835929894079,0.06793852393724907
92c21417b3e249b5,0.5770121833315955
e16b0a40ecc6484d,0.10550725188403577
e070fca4b9ea499b,0.10989815299681772
111da4c67bfe4ab4,0.2997956515213695
40fa7a6927134076,0.19031415194191656
8e65735055b34857,0.08195167968283337
8ee8efa8bfce44ce,0.3438704420523711
a906d8eeb7064b54,0.5938771161432903
27638c5b205741cc,0.10022290843081431
d2ada997f2c74e3d,0.09378169786598789
567e52cc2ce044fa,0.12501432065202722
f463bf93672e4657,0.15977934127295007
79b19d5406754489,0.10478961136708001
bf6c6b141e33418d,0.12979518981170068
44150620a80a4b8b,0.10898687832887317
86719c33bfbe4689,0.19360801397042277
d5825dd770db407b,0.25192332618659125
48e4318a7a7d4ba5,0.07931341536703079
a2b5cc33727341b5,0.1431000655070822
58e80496ec4b4356,0.3370261735923061
952cc32e2ac5456c,0.15995066531559987
0b94418b23ac493c,0.4403834998263949
9ff5e27c27794692,0.13126475841479285
811a2671a6504ef7,0.164026701062151
385f07aed5b94e2e,0.19413286182450185
3adbd276561f4040,0.19642638251110117
8667851c37004ce6,0.10965655968404674
1103bfbe6bf842a3,0.07149771164965765
8a31ec5cbe8647cd,0.07471248919308726
ad2541628ba34324,0.11630909716114975
2530d70eafe84a72,0.1173045719529471
895da8e846e34742,0.8523005846780515
920898161c6c458d,0.35310733363205127
b10b38f7e797428b,0.088238410767694
e08c8b8ed9d749b7,0.20638433927471225
9b7ad327accc4f2e,0.1347963418924924
f65a37e6e7fe4417,0.11388963745560778
8272509717f447a4,0.2768033586576177
3f01bf3036634998,0.5932351788678082
7313e7eaf3474676,0.5750818278042878
22cb8b6543964cd7,0.07181210309037073
ad95c6506a434f49,0.17778098088503116
92b0fc4fdab046e4,0.1122201728183108
113979154f6d48d6,0.13050601087894578
be9ab441cb584ff0,0.13039386878855486
9d11bf593bfb40e2,0.13396947312377616
1eeb9cf31b874b2e,0.34646447008638526
9d3e64824adb443c,0.46602904540273504
49de1fb6ba08442a,0.7475843935182697
d238a41844ee492c,0.34617692818649204
e50b268670544b4a,0.09713901874562482
439e961fd4a0473d,0.14543663193471323
9cdf3e0423fa491a,0.30669382309187343
b009294df519447b,0.13903412875948873
b4ba4ecd13284bd4,0.2593601020975772
af585bc54048431c,0.178957589303272
e19316363d7a4f27,0.188760469873
310a8e4b91dd4723,0.12950448788656682
219fb2bd2c7c4857,0.14106491535305324
cc2d46e557f94992,0.11027824084770962
67953e9c1f0a4218,0.321840761124997
55864e4f2c574124,0.34175655629519014
be3a2f0f887048e3,0.21709614844656477
9ca04673b3044493,0.10240840260535933
8bd5a01dce844410,0.09162511902208896
071a56b57c17461b,0.30122755445068927
20aff1dff7b34e7a,0.08963696621091355
87722f38ffb8480d,0.22156775558281283
21b05d8c331d4966,0.599182651314681
8537d453561c4271,0.12349843691742503
c3882afa79094d4f,0.39130434695394006
8f75164223804ab7,0.84528214523819
937d1eed1bd943f8,0.37343538942091414
838936e0167f4c45,0.08948790478454707
52bf6296b2db400c,0.27430638006289376
7c18003b545d42b2,0.12226231165065789
b12900bf639c4326,0.3976421884250824
908c46dac079463a,0.09907201128985285
9eebfc304a4d4e57,0.13601694635446024
aa16196174a74137,0.2902527688886944
9c21972a36f3409d,0.18429333612472248
a88bf00533b1447d,0.73302480298141
3360b7381a6b4b19,0.12068468322759246
b8d7d80e3eca48b3,0.39043023500876567
41719e36537f4584,0.07814857298684735
ffc75941d3624359,0.10875188537322997
2452010249af4898,0.07484434319975168
27cd1f1d2dbc4c42,0.15988388426180494
a16f1c217a494598,0.15095338036709202
b43b492bda6a4426,0.4853914158505936
acd468c90ca146b8,0.17122544882262117
8c7bed5095f34fab,0.31469034356908904
e801b5a3f7334e14,0.14105554405533305
97a47908951c4539,0.3244106781838961
fc9e2f39def94dd6,0.10370506187565427
bfa1f82f6b3341a6,0.1023600731746696
9470aa3e81ce4c4d,0.32410462860971845
6aeac88b222f476f,0.15904570875510193
26e638e765e74a55,0.11642501195396371
2484eb462a214eb4,0.21744562775329757
63cdd8899c554105,0.4162214684992958
988b8ed52f4749b7,0.24127113140205858
d4b786988a0a4ca4,0.07962943827070901
7837a89fbfb24c21,0.12193671974174747
7c1c56a3a3a54d07,0.06662188720646171
0546fb68cf2141b6,0.24680347457687213
6ffff50bbe1c44d9,0.24347418989594552
f4e05819c91640e5,0.10517135952727484
c09ff5ef26ae4e6d,0.10444883640687044
60052b561ccd4dd5,0.24529486834630754
cb542e99b7854e8e,0.40700328626861176
c9b3229bb02140ee,0.1944359334385111
1600a541c11a4af1,0.12066923969929474
6d561138e5974782,0.11242262458635101
b2fb7fc33fba43f9,0.4819135331857367
1eb497e9edc1416b,0.085460397217334
c76188d400fd47da,0.16048839916103705
f2edbeed970d45c9,0.094671332588478
90e596610f154646,0.09000029050645685
390d8897d47f46b0,0.4313104891785688
71e9c97b0b97496e,0.3673771320366354
253809404c694bea,0.11660331812718568
ec4c8d55127544d4,0.1394573360242043
b7c2c56884594f7a,0.148054390238089
9ac3b86309aa40ae,0.41219427457339997
998c4104e4f04479,0.20696619634950464
7caaee9fb5b34a1d,0.0857062195528192
40bb98943b06466e,0.0757794215416903
3f0c34c075ce4d78,0.14853787299183344
af5a86979c98401e,0.2980603122782188
63eba8196c424661,0.20901863915379448
9b46f4b336b547a6,0.18097646583497184
da71e42cee584eba,0.22101027005460552
04fe31e0c3314b04,0.4338262753739898
0c764018edd745e9,0.1279291556311102
2881a43324b443d8,0.1272102966364111
78e5bcf591dc4761,0.24490304543332042
b01345ae67cb461a,0.17278685193267423
c28d3862b21646af,0.09198533997434578
0689b1225c3048da,0.09432489241514744
c73d6869076a4b9a,0.29269017926522084
0f9ad917906a4b91,0.32500771039283527
ffea9bd5eb96442b,0.17066824439368586
59564f89e112453b,0.33518293193210974
ed3892d43ad4469a,0.1200189501809846
33219baeee334bec,0.1417733717679689
a56feb1f95e04d2c,0.8339100167360562
d548ad7d812d4f55,0.20483344652555696
3a1a71f0fea84a40,0.1852459255974057
d9f4f372da4a426a,0.37953680482027313
7f18a60c6529499c,0.08552403259402698
1eb89d2d763f4f2a,0.11736939961700557
787ce0968edb49bd,0.09060650370038932
59f45ac541d24184,0.7537430229912431
d58cee3994f5402d,0.3995740213582423
d9c7f27725db4eb0,0.26027719943305844
4dcd88504e0744c6,0.18908803000703367
2d712161e9c642db,0.0936167030572829
c69cfa3086be4f54,0.09840960229020947
e9be6d65085c4631,0.093975690634509
072b6725bfe4479d,0.08281147817196197
6376a0b96ab14e09,0.11450038759090402
fd9684a95ef84211,0.13311539224077532
335d4d45b50a477e,0.08998091732215545
257e881ffbed4ec1,0.13254384613592654
733c72cbf1594376,0.07779233266773179
d4ca78f557634954,0.055354361706407174
0a6391dfb81e41db,0.11284722250305766
d42c16555e744215,0.06038375973370759
2254e8d059f445ec,0.10560890278724631
411533cd1e764536,0.07162076032728634
418a72c9bbfc4267,0.1930511640534739
b771973f1dd2459c,0.18743511156257514
e45ef0fde8cc4631,0.4084338407865424
0290f7cfe6194c55,0.11585529575738097
e3b6a834d3084566,0.13262728832300452
ab855f421e244136,0.16794141624747902
df2c6d39b6f14b35,0.28861476229702593
87b0e0acd48d4ce9,0.08058957907876803
523a9f7c5bfe42e0,0.34694867694160597
34f33bf4eaf24ce2,0.08009497712169027
ad372ee9fa7d4700,0.12609072980145408
e4a5812fbc4644d4,0.4527671665859697
ff5a602a705b4057,0.10757156199262927
f2e52e84274d4fdf,0.14571579288335396
7adb5804a80a442c,0.1219961633389724
a84faa6517ae4220,0.132878509786055
765f0dbbf5af42a2,0.08492957119028087
bc71f74b1e574579,0.21101436544940144
c597ea7e30474917,0.13086652410127086
3f68e9b9c9f44217,0.3931613939384036
8ef960bfccb2469d,0.0908283974061138
68361b03d94c4260,0.4320495127890188
6f4acb7660204ccb,0.12911366147051065
79875c0289824fe9,0.1345711134339877
aab0ed82a25146e1,0.11716951382838064
2669bb5c3e1a41b3,0.10556779655944494
7202f04018494a35,0.1742985057873179
d8adc51150154d97,0.07357806146955997
b612a69127154129,0.10994963816490075
976e90d975ae4890,0.15721855463786938
0e2ab3dc6dcc4cd5,0.10422033644483167
8487c0a44959422b,0.11390709393947795
86f2276dd4f148f8,0.12783856270885263
6c12d62e01a449bf,0.09427923484148401
0b623ab5ed1c47cb,0.08349017508446327
56335679f33b48a8,0.04769081211633542
c6eb28074a454809,0.08554103298018169
66fe6df8b0b044da,0.08168135179433356
19cc9d8866b8402a,0.1051944157167214
f9dde4d59ac142c2,0.3264244318196293
2d3a82607f264f74,0.25283981266324185
dccb2679bdb64287,0.08992454689100358
14fbb3ce3a204b73,0.14987736225428006
794ae04b2e0e4520,0.14809302927623524
05195e23b5294a71,0.3404212559632718
9c3e77a60c3d4a85,0.0995071162344985
ed559799f696457a,0.10006421734422562
6fed0995a8fb4c28,0.09713744957832601
e210d04923f8411f,0.19906098614755516
6811fb1455da4527,0.21495445505022184
aee48506c37a4bf8,0.5629379157657511
da396162c0d244f4,0.08843667175764211
c5d85c826f9a4d36,0.343414424671139
222fd3394a56496b,0.7778836286743569
7647dba832734082,0.09772416842311445
90c0071af5744ced,0.43896683453348856
0e5a75e43422400d,0.17269964785174158
c8c1d2a7c55e49d5,0.09913189775692165
96999bfebce743fa,0.22775709786175538
d2a284c067374f9d,0.30978209315664335
05a7e9d614924b39,0.15105549094465337
357886e5a0e64e63,0.10082378112191226
e5dc88cfb5e142b2,0.08892855196023781
31ce6cddb870476a,0.7304762036896149
f0044ac4eb474b0e,0.11808237870635115
67136f5d5ffa488f,0.15108328375153263
43e6d256f38b4611,0.08834918078770786
5cfd4d202e3d4833,0.09941810582713503
5bb19245b6bf429e,0.14487848051875285
875b6c6f4d824317,0.06484444150901852
4e27f3ddaa0d4e61,0.6003958846068619
334e29cdfa02493b,0.037954367124524914
db29bfeb84ec489c,0.26365975183947293
c5e4d7df9d8c416f,0.33489376790106684
418ff02282934d0f,0.40101516499714573
8b167f4bdea24150,0.11226093139667888
1057e5184fa34f80,0.2247430802363963
88248b891ef94dcc,0.17188342700865697
ff848d13642146ca,0.7030167929550227
1e57301901b741d8,0.7126114255793622
88d42935f8ad49bc,0.2668407386517393
0a1d64968408479a,0.38306141601919347
6de9e5b6454b4aec,0.16915402909136204
a72eee995e1f4c0b,0.10687570727242993
38f3df31925043bf,0.12335315479279736
db9b96a05bdb4734,0.08683905786028066
21249ad48a0a4579,0.17597006083168712
66542577cd7245d2,0.15246151922920173
c54fa7e8c8854204,0.2212373947488593
db21e1c06fa14ae0,0.24698844146812582
2539d43d14c449e6,0.42023428992734235
f3a7d46fb3644aa9,0.09880870773266642
a8d8e933cbdc47be,0.1346813281147257
3893706ad7784872,0.1247440633246148
24d771c17b614854,0.07749021860242797
d31d47f5a3d042ed,0.18628582499565888
2a6be3df25554f7e,0.21431710320192562
f6936e2fff24475c,0.05792997362297267
951b2016d5864ca2,0.2886537697930185
39c49175ac0c4d68,0.1634916676723949
014d8827e1d145f2,0.07901375369062519
e88f6e6f9a2840ef,0.1784161786200037
9d01fc643bf947bd,0.14505372368701155
4387ef4c18ee48d4,0.15204784352909653
663025a0baf744c6,0.30679277503033237
0de0e721ec2b4c59,0.4931062299063697
d5ac01b9d6484e1b,0.11514047965830368
15565c31aa7a4ea4,0.1463140892278428
0e69db7858a14b41,0.09895322426031407
0b310eaaedec46f0,0.13060745435786245
9ca004790bf94ed9,0.0830178055443162
7e00dcfb5fb04a7e,0.08942152108218734
0516320266334fd0,0.07657533228609321
6de186fb53f34454,0.3109850356466818
ca461fafa50c47fa,0.1475099043531735
bf6c9aabbc8b40e1,0.15455421247236217
fd64f29a895e458b,0.1919660290120136
e58e3a4b1ee2476e,0.12263777324233877
fe0620f7d0424e19,0.14840692285498572
12b9b25813d542c6,0.09589900780257604
ef689bed9d1d46b7,0.11330555095209129
845729a393a14245,0.09739304211190385
54a06d153afa4927,0.7788316710357737
85876e7ea85e4af7,0.09582884701132045
88b208a530334155,0.2721205042258178
7d9ce4d6b6ae470d,0.16609407926853498
fae986eba7154c8b,0.11472494705609435
9d730841ba5c440b,0.11957496207018418
97c35160249f46e9,0.11614525085511876
f533f42c70934a3c,0.1406055385972031
859a5bb153444794,0.19689331659222686
50c3eff96ada4bc2,0.6232346018317985
8fb1ba10899548a8,0.09577835450985721
308a9bc1428043c0,0.16552339881582412
84a472bda3b844f8,0.10012675416970743
179164099e2e4b12,0.14266344163299985
8f9e84fed505402a,0.0941552479819538
e5dab00eb8a44b57,0.08773862098160749
1d5bcb1ff6eb4db3,0.1373008740790308
ed0f2b5d08ed4f58,0.25915672456749356
5c65b728810f47cc,0.11354049390662259
ade292ff26f84995,0.29061849177524024
f74e16eab9334d0f,0.1579770224498636
05ead34378bb4ad2,0.134490530672392
35ca20a775ad4024,0.1299642835812302
181c3f7ce3b94017,0.147451116685033
8ea15d0525a548b3,0.08865670515149274
8bac3b3de3604105,0.13542790325015872
2f042c20d32e456e,0.6136194814260508
af2fe3c49831432b,0.6227517040252976
8f2f662b27ad48f0,0.08593531709680825
99352300c7874f60,0.10391078999497413
ba55bb621dad4434,0.2034234594791186
e6eac38ca65e4a96,0.11822516889633192
5a879f5f59f14bf6,0.11795843123408477
90efcc2985bc4581,0.5032438396642611
6a91f8aafdf142fb,0.396521773970545
1d580db7cf0d489a,0.38415389313376264
fa516f77aded4b47,0.1795698070734333
dbf92145a8dc4af2,0.45899578479354364
86902e7f44e64aa2,0.5062299537198967
e4968de5677d4768,0.18122270745682723
1d2ca95f30ff418c,0.3175295439912104
f53a86e2630a4ee6,0.07306326207497334
26eb5894c73644cf,0.39875866397654147
8ee4686a0b114563,0.17026273566666505
006d000767c94951,0.33051471412084693
0996d57f98774a9c,0.8437573687942332
eb1a51867ca3474d,0.34434542320122113
39e3bc042eda4c4c,0.16231315057710136
5254766de88140cd,0.5323086585610134
dcf173acd290421f,0.1350699683821562
341b0f1718cb4a7e,0.23938831414511572
54599ef06d8641ed,0.11253733946155457
ddaa33fdffb54bdb,0.35586482956457755
f5af009b2f554691,0.08720912710181393
fdfcbf77963d4667,0.07631332188644063
43515ed33f3d42e9,0.7172086825828412
e48114545f114ee7,0.14695533519379964
4dc94b68ff4549cb,0.12185382039832397
0e603dad6f484f21,0.10310874227569379
4ab0a24f741c401c,0.32735998738918315
7880499e570f4679,0.5434259801590721
f645b2b690444249,0.17379299176778223
b393e6431d3943cc,0.08404637094662425
6d4406dc156e40bb,0.20566807957481256
bb6cd2ed762c409a,0.22466951879466257
5e15e457926f4b52,0.07560739391032242
e4e1132ed12041ed,0.10921271833933203
d22bf28e7dd041c6,0.0813929727870715
a9ff642269c04f52,0.1287831349433879
a70089be44de43ec,0.1109629696949076
c2ba6a38ffa64e06,0.08476266638316675
b50587d5b6fb4a83,0.7043303795037534
6603a69dacf04c83,0.23490434943414865
494bd8a1fc404eca,0.10214465738550356
e63f8386934d4466,0.11393251210969159
4e836658eaf445da,0.07864182197336723
cc204aaeab094330,0.17173217329199894
fd74fe4ffe784a2a,0.12477442211973716
3ca6ce134b21431f,0.14000590325959505
952d89462de348aa,0.09700220344635328
31c9b1757b49487f,0.08664350538149852
076d323d29d44ea6,0.10322956357441786
78790019c6d64c14,0.36617607316142886
9a8925c8078c46d7,0.10510949417315489
7f1f756b2aed468a,0.40724154279817676
8bebb64a71bb4195,0.5694311925972406
ae27baea5923445a,0.16602477378576563
7aceb10bc78a4ed6,0.05976413184093909
c3229fdf19f7477b,0.11209418511399231
fd7c1974bf4547b5,0.24506071630558557
a407a62791a944d2,0.11701195099888642
2199d2e6bbd343ce,0.33898627423727024
2720b88d1ab244b1,0.05093890485608363
e84471fc082349c5,0.1536012174166606
728d961507194828,0.794779167041345
d43ad7919fbf4914,0.11216100674623505
98c5f88c3ae64e91,0.21864819883187983
9ec8854f54074f6b,0.7089893373248435
d6bea9dab9f24119,0.1505569003908879
239d1e6c954042ad,0.08220194484740095
c1f166167be147f1,0.10923340413353971
07875eeb84844bf6,0.17194217673627615
0e000b7c9e0f4ec8,0.21590288773438082
56bc7cc0ad954d7d,0.09133800811741866
c289113b7ecd4042,0.1373543875736645
75c159b229df4c9c,0.5464249899399732
fc3cc37f556948ea,0.10534353690320862
aabedcea176f4302,0.7476217454361986
c7a09785fb4f4a9d,0.1006304487316237
d57923bdd6cd467a,0.17889695537979014
6c884302a641423a,0.20159479576033829
06bb09359e2449a8,0.4222684541352025
1d1796efac8040e7,0.08653955024151914
e5eb9e934ad64b38,0.3629700870948748
acc6bac9d8db42df,0.0954957359834522
174057d6937d474b,0.09693604635587842
bc339a42ec4443ec,0.7586292348963172
87ae3c684fea4a11,0.18766892105426922
604fc8b6910c47b6,0.12002536142980778
1d0e3625e89b44cf,0.1594941910814447
33b11ebdedbd43ef,0.08964495459476629
b722b9b021c14646,0.09526847963275954
96c1a5ddb84c44c9,0.13134670977730312
a2c32e631ab546ce,0.6966960870263231
1038c0f930a248f6,0.5162535360717451
713e08f05259476c,0.1999814107777819
d02daafd39d349a8,0.27997597259076784
9bca453936404301,0.10425298236889124
d31499c986564cc9,0.09277446284450729
953fd497f83d4e2b,0.5149443848035925
a4d7acc7d5814f36,0.39729777403789873
8443e98a30bc4893,0.08911777153534542
a034c43331a941c1,0.4465244112721872
1a4383932b564e4c,0.6154198180148802
6c5447ca7cf34615,0.19490407021490574
d2d00bb584624ace,0.1665962136293095
51ada0f8784f4b9e,0.3488427682185737
ee130dec4dab4ec7,0.09946213861424921
d37ff92e1199417c,0.11535231870781955
f54f599ab2174d2c,0.26661416918997516
f7c1ef988ace4e24,0.13634362699902
31b1a45c6da845c6,0.07389029261301977
53a086fe767d4d5c,0.35288178921922436
311b761985334bf7,0.6958781398347186
a709406346464248,0.07430515022786287
b5fbbb4854ba4812,0.08790611131552001
929c665680534684,0.09160398282892171
3d1bff497a7249b9,0.14045481111939187
8078699e7c3e4bc0,0.11772255675179855
69b01fa0a0db49cb,0.10023103912368679
8eefb7dacdde4374,0.09231087606785873
c0e7e4048bd3482c,0.16878807225160353
4cad917401a044c9,0.07321063504685861
c46fad99b64246db,0.12785982007692506
48c0a82f501c424c,0.10789128630998439
e3a6036de81d4f1f,0.2801530794548772
9ebc555072fa4a03,0.149221159148935
eb2b61f1e5004635,0.28510625073702317
ffeaba3be0274a39,0.25388198313936317
5498499fbb4f4d97,0.09378622151171091
494abf1d8ceb496f,0.08867662085434755
4a009bfe498942d1,0.13097697413547812
a82ee1d1f5144733,0.20956131471971204
edc2f6b3214c4f35,0.9289166572707245
2519f3644a744dfb,0.10434650264542022
60b0922f36b249f8,0.40608879903752826
a0593cba4f0e432e,0.2854039806807705
9a6f16bd9d2f4840,0.2368597658411327
c820d0edc46e4ded,0.11542295437890618
d6175182bf8d4ef5,0.09221239021576497
3d6df779d1fc4278,0.20982695768922865
e8c3af1171ec4b3c,0.24733864987816107
8935f5770fee4838,0.08413199206856876
a7ce72792e7a47a5,0.2422695332402411
c2d1f679d515435e,0.08149416114119418
7fc3703708094596,0.15901632992567002
f77f457e947d4bb9,0.5362075511540512
f990198c56ba4b64,0.32180833150032334
f6295134be2e407e,0.17979140199327695
4e2f441da77b448b,0.10248168237202628
a49ed110475048cc,0.3129737830087103
df8ec8a5cdb941e4,0.2598019635308999
ffc5521862f54aaf,0.08982776897228957
0a2fba403aa34541,0.4954188815036807
d2de259d6fa94028,0.07452889842379795
702515f4b9be4cca,0.40157854612186183
3443fded63804c8e,0.1427254874929913
00e3e3bf6b844ee5,0.29184189584594195
dab9316777b34e08,0.11210550840112309
63191cc57bbc4539,0.16363243443788258
6d69384bfbf84161,0.32209985371578953
d2976c25882f41f6,0.10358723187552993
fcb81646b74d4d39,0.3874556832215167
adf38665ddac40b4,0.1385994259748247
648b184ea89e4fd8,0.1582234421772117
9dd08e3c15904553,0.08645545626545363
df2cccb89e7b4aa3,0.10547959201557558
56c71ba091c3491d,0.10397885017348672
c72b22353bd3451c,0.2999419884256949
556b42564b6b42d4,0.09462207927026313
9a1acbda19964581,0.11187012797953554
5393e3ea04c34a17,0.10598775593550591
579ffecf00ee4fb1,0.1210176563542323
18995e923de4455c,0.15967980214804775
c4d3e5b17ac94aa5,0.11836348329809779
2c884ffe658144a8,0.40658623862451637
b46af8dd46ce4e0b,0.18185365341341592
56feeeea774d4b45,0.22384689426960455
ddfee02bd93e44f1,0.24219539200609605
8940fe45495543b1,0.4327574004323237
15849deae0714219,0.8447719590342939
2eaf36ad5696475d,0.10260494972135593
bf642c2c4b024837,0.6317100663848415
d687d1affb5746e7,0.10226436329676408
bf3de04871494ba9,0.08763049502898225
922ee02f17dc4411,0.1211420825640934
9ddb1f09507a4a93,0.20976767367613763
578ffb3c6f1e47dc,0.0938887875636779
d2b6480acf294508,0.08720197087142793
9c1467b70fd843b9,0.11974437874759955
72f3fc4764ce4325,0.2780575866633499
92d49583fca140d6,0.12959070304529535
b4e6b031a356494e,0.17159837646388343
f904f661e025484f,0.16328964467064824
16af1be18a79423f,0.2665070403171074
c1fb05915e984018,0.15601033243625237
ab98a202acd84f1c,0.11344550766079367
0c713776916343e7,0.1638534931193252
19adb95688794676,0.3612940351378844
fe3c9194924b4dc1,0.0993111244598006
8f59baadff2c4c30,0.11002548712673994
94d79923faf4480b,0.24339801523926247
aba5c0985fc04d52,0.1881939682990385
a84635795ebc4d42,0.14915662336692073
bd44069f35b845bc,0.16029433519940403
7af263cd04f14dc4,0.1009164085424558
98a1f7ea500247d7,0.5068178941425949
468f571ede11481b,0.22611378931047887
429e0694c4c94b96,0.29947817876848903
3773ae1a445a4ca0,0.11229718013067418
0ef9b0feb71046da,0.08206857122104158
bfffc4b2453f4528,0.1063799936396319
571f2ae87e8340f7,0.23649884024512718
0db120c899b640d8,0.7100322903409639
a4a66f3a4e2b4be2,0.15560120829710325
2d8d798e8e894597,0.08797735948275084
190125f36ab145c6,0.1188978414180144
d25f5910b1d646f6,0.5302511940890442
922b28f7025a4f2f,0.09093349535968782
50a479791528413c,0.1543438831651356
72bbf3e3db474f31,0.5491904937325502
e1c7248809094e81,0.1856554112007247
8d969ce498a948ef,0.13896231860690111
1264125b951f4c8e,0.7217821445818563
c83658eb55384bc9,0.07672999939259205
64185bbdf18a466b,0.7289663136802879
1863833c3f0e4627,0.5163173800508766
580a9af678c14fb1,0.2661665941466897
a387956f9b1f42a7,0.09607061866510859
b2f59927c8c9439b,0.8181347988461192
1139262535e24c67,0.09801206830951201
f63dfb82a6864af1,0.1935733225215876
4193dc6e709748a2,0.09910618111532464
518127c997db411a,0.11596217720238941
a1984866ced643bf,0.5566221467184351
203db1c52df24304,0.20372628256478376
65af58731b1c47a1,0.10492859545713787
71d41d6570d541a0,0.9028609461748539
b58fbe3585ca496f,0.17934225994163525
dc3c714190964421,0.11804370604303716
a98b8ef158714c5e,0.10136469754883683
eac4abd0c6524614,0.17967856377335892
50ff940e8e6b4332,0.17267811808259712
68cec80bb5194f0e,0.08737646639192459
134e90ba8860448f,0.08802631088740459
0b8dcd21c4f54a96,0.2354419153504782
a744ba3561ee4f49,0.13123320133876962
f58522dcc1bd42c8,0.08319930880107002
1537035f419145ee,0.10047921977005075
a276f4bd26e9400d,0.09844258097134917
c5d2b542e7e8417d,0.08266046300312038
e99b657074d845f5,0.48306659411325115
700a95bd2bc34efd,0.09735934021205647
c00949715ff04e38,0.15533706189488522
6ce7c2fe1fe8439b,0.8247019302689803
8e2531a978c7478e,0.15749552453063212
183cc6b332ed49ef,0.17655103991291662
8d0c1a39e5974366,0.11232661143903114
2761dcbc02e54932,0.08924697031531395
fd41a1643c4d4197,0.21725444451189957
05fe320a0e3d47f7,0.14324617456752275
f10a45998db3438d,0.8692635406375815
08a7fa61e77145b0,0.13989180007976434
9315a22bf1a8422c,0.13310053219060436
2cd51a90f0794524,0.07403308429677895
c4bb7d78a54c444d,0.27078901117906773
fd6066ffb1e14e9f,0.16961678220244789
43f5153a29454a6f,0.08499536654330167
c3680ab589b14418,0.18806291485490104
6c54209b47ac4155,0.1825718091328732
89e0faa3277f4776,0.2756564267095955
f11600cf37c04602,0.07160207431546739
8a112f2afb3d4f96,0.7278636266147203
a8e3407ee78f4be9,0.1279575851353131
eed25200695b4f20,0.24472250535836165
adfaa9ac81114d9a,0.13457983244484248
61dc7ef7801c4053,0.1939461347685953
4fba25b8bfe5470e,0.10737300898081387
76fd40ff58c54ecf,0.0730792549269048
531a04faff604894,0.12894352501134887
745dc8ad8b7841d0,0.2631769806167486
441bd53f07a146c3,0.10278504769399889
01f2fc7c05694f1f,0.10790163628019771
437df9c0163c4f67,0.6874300251990251
2d7b8913789d46ee,0.6689312019674442
0be463994eb240fc,0.0994612993458319
3a3902c40fe94fd1,0.1347492076089708
636e196cdb3e4736,0.10059590865560815
cc5ed3d65a2a498a,0.11564799716532519
b2c493dcfab24767,0.0942533120661737
02ff3257adcc4fae,0.46588533069888216
2381f0ebb70f4db7,0.4111725505982871
afcd570ee64d47cb,0.38116122645004463
e4ea8c064a604f51,0.6646854437396975
fa341106bc1d4541,0.12801643345645042
d101938121874750,0.11161239026287342
ad7b24cff1084ba2,0.17701269804606937
0bdf189d539f4c5d,0.1427433672492267
f3e617bd70ee4c1f,0.22836786978663556
9e23e54571d04181,0.0811948150028607
c463dbdffccc46e8,0.20181953739167038
f47c1e27c8f34cc3,0.09247441708493516
4e13f95c241e4f03,0.10738390601832358
fa989af234514162,0.33638768991164797
80192a6e8bc3458b,0.21027293273074876
870afc1b812b4219,0.171033797681973
5d69b763dcfe4eee,0.10876237796565236
731a168d03504b8b,0.454270122283595
a13da34325e34dde,0.4123093332882265
795eee401eff47e4,0.11261523027668628
28e96dcb67eb4a7c,0.11637037552682286
b550456769594e73,0.7102012858107003
4f7b5d35b58946f9,0.14062095858416473
632a5c9382db4ee8,0.1720925550881956
cf4b0c1e48954f63,0.2219290770439134
0918b2986d9c4a08,0.09016154957060074
0c742bf46eac4137,0.11332985900821564
45844b7c5cd74ef9,0.2734351877428087
67fa23120bea4866,0.102299572244673
cb802483d04c4909,0.2741424831819771
2b4b81c28a40431f,0.2597414906604794
143662e78a1044f5,0.17962928874966017
213090fccee94d47,0.16810357479453775
683791c7710743e1,0.18142505511046456
ba378155750a4741,0.06427315762284126
9a8644fa27c64e86,0.07187950759979365
ef08ea8d05b0424a,0.1254007392763024
b6303f55e1574ca1,0.06394027492131833
15657fddd4854ea7,0.17124415946380664
c98a2fea058c42e8,0.09739385130553804
2611c1032e404494,0.12217085248995234
722d7d477f7946fa,0.15526195727499617
05d4944dc2704e69,0.12106284042197624
f13f9ff97c2c4353,0.16240511447002717
23b7e4c7281e4d3a,0.07209291755407339
f60700fc563547ad,0.14023799344702037
605e707e77684206,0.18477831564208677
a76d18fae7be4a72,0.1350334011920296
852c05ba5533472f,0.33999390965077075
99088fb5ace645a5,0.10650991515323276
4b5143b8bd564319,0.0849273914069105
a4fd46f30bbc4274,0.10970360547814309
7ff72d7c76784bf8,0.19004824463044173
20616a88aead4680,0.2704309945020595
93b79bdb5f914c21,0.11246384678439035
15df22786f204757,0.1504025598583256
0d54898831754131,0.09987347014112329
1bac17a928f14ad8,0.15583044896066006
eceb3ed3d84b4db6,0.1061928052850116
1b1a53dfc2ea4249,0.1454341625543901
5aa05ba5518e495a,0.11951771395406605
83b8f8738c1c4177,0.09286653812346965
ba663c1dfc944e94,0.21695954847607885
8e227fa089aa40da,0.08543626684340055
0f077fd987b84d7b,0.15657714427364286
418db9b7e77541a0,0.06420720310825707
5095bb36bf3c4678,0.6608578875675716
4687479963d84d95,0.3069858935794795
ec7353c0641d443b,0.4852112954490981
11537bf501344e2c,0.10187244598737488
c9dd735c1f0648c3,0.09130317888479146
275ed63cd74f4240,0.09832262425601669
78b08914f1894f25,0.10368796425900641
9a81a77166174188,0.15300931241514118
71e1ac020e134fa0,0.09042270740394015
a5d233a0a26548ee,0.1864551136500227
50ac64689f92499b,0.29425605547907674
bf7591f3b3e74858,0.4032444458674197
08355f4a3b1149ff,0.1972115911124069
3b7941d98b144c4a,0.13354391953268252
a5a219133ae347fe,0.10964494787861358
b4d533c477bd4f9a,0.1308955441675313
9895e977b58e4d55,0.18606630263567217
6e2a51d9a4e24eb8,0.6510069659028067
81ed347f9f8d442c,0.09888559000834829
b670928667dc4db1,0.11158698830431452
ea97433980df4ae9,0.16854358422021964
8b4234346cc742aa,0.10132747599757361
ba37aad3dfcc4929,0.13401504971888262
3949f50f8c7847b0,0.13729530469251777
3e9eba3cbc4e4093,0.08353035896451182
4bf464b5524545b2,0.22260632184985513
7e96b1afbf854260,0.0892744560231407
a73b17ea25fc4ed6,0.18241934059270057
8943d88de13c4ee9,0.33968056693074794
3061a83ed4dd4ea1,0.0992705039429752
e4f40a788ee84634,0.24336972183496758
009e9810a88745a8,0.12113388015313963
18381fb0a2144422,0.8910181528050881
36b72a73ab2b431e,0.21456785474974882
83a2368e3f2841d0,0.07212745751192443
74916f8cef6e42b6,0.2719517682510228
ff99ccfb31474e5c,0.13048069971836607
4ce8b7a94f0246d9,0.13485201106090752
8282a1ae75874cc8,0.17785750488567098
bbad87b8e7bb48ca,0.34157247043111333
eeeebdad90544618,0.12354130760955156
df145687ea184711,0.09842326373459036
e458bb327ba74377,0.6369053995526096
fd9924fc19724165,0.11178071869948847
451342bd20a64f71,0.10097518204639551
59dfee72fcec4f7a,0.139140342094116
0729308175e94d04,0.29079664811960015
721b05bb80df4a6d,0.26104721252578345
ca75ef832b934551,0.09714227568416461
c08761af6f504fe9,0.2994025650465833
85545ad7cf3a414d,0.15629830105703948
524cd4f5b8154733,0.08834045845545747
0a048ef308594d5a,0.8221168741422176
a1eb8a1752944a70,0.7781868004049471
5a722f435ec54554,0.19737786184927023
f83767610e5e4808,0.18854966858462383
886346656d8d4f4d,0.13151615085536916
e28808101bf04a83,0.24453163895523317
7829ca654ae44cae,0.14876209698473472
f234951c54954a93,0.35719304828597065
da146a84e5614089,0.1611317845747609
d6718f2f5f584db7,0.17006648088893958
0ad85f5f7a5f4956,0.12148668926897717
726d8fd5ef11433a,0.15908919477554903
9d04962f6d304523,0.10124776861078157
902d115118774fc5,0.14728359832197546
23a96a82468a4238,0.2704831780744773
3c54a18759c34f1a,0.10817003693997847
c9fa5b7bbaf64d17,0.22270969213887779
7e4e308cd728449b,0.18397470117424408
60e894d67bf447c5,0.902989368526042
79bf203a02904654,0.8126218343425482
207a41bd5fe04dc5,0.3190941327063134
a77e3db7dd334899,0.13638698597363844
dd2585b478f24b87,0.09370397274572972
5ec1b3d55a4d4ae3,0.3088893478566088
1b00680e951d4cfd,0.11816112897565623
ba48e09a7f564718,0.06815680375144598
7547d0d1b81742ce,0.0704435910429147
47b4052ac14d4186,0.09222603722733513
18a184b6f09a4156,0.18561392930929588
d8ba1491f2474763,0.1441562080038248
a358aea02e4d4365,0.20857067353648964
9cbee8b69b574d44,0.11657850307157763
77b3b63b28404bc4,0.28001200887329447
7ec5eba394be4723,0.11103885697455888
626bd6847b4e410c,0.30410808701131253
f216fe3f1dda478b,0.10618576127596287
9dc06b80ee8d4ecf,0.22784028672152973
f30dbac72ae74aa8,0.16566074466796932
c2eff145137641b7,0.2706823336267195
b4c0cec1652e4313,0.08561016361256185
b136f706e92d47ef,0.10964146168832588
4159f043cd3949b2,0.10035308297600841
03a73f94a9584da2,0.12738674468888914
2954080d58dc4e20,0.0762556462350099
cc34f175b61d4e30,0.0941671456579726
5abbdc7d642b4ef4,0.13931798272425805
3305f294192a4705,0.17395311377521122
1b5d3c1121174e12,0.14370644210501235
6ed3f18ef73f4dc1,0.10571190460082128
a5a27a60cbf24450,0.11488550867889352
569fb9b445f74cef,0.07968509708082107
17a08d3bc7e64cac,0.22543532187519622
a5b980e8f8a54d73,0.47321740792306294
cc3713864f164183,0.115535462840763
01a0a6370b1b40ec,0.08017842460718047
01ac7258ce614c58,0.27227802806875623
f0e7cdf9354f4188,0.09366949710536306
5a1b57b7379f4e50,0.117220152146697
48e899cca9e44ae4,0.06312312219042325
3a57721fdc8248ee,0.06378257546864224
a9766a62a2654bf4,0.07222585914327775
421e78f508364c12,0.16146923496496807
3485fe1f216844cc,0.8182116765343
9d906fce58de47d7,0.10670666057779256
7aee334990d747c1,0.10499910188153486
7a65ab57d1ce4b7b,0.052201840237737045
8d16ea1aecdf4cbb,0.14633242805462782
a2cf07819dc44307,0.3361884616654119
6196e533117b4c14,0.17042696680194655
66747e5bc3b247bb,0.23665697464834543
dc768fb815cc40df,0.09595614401475236
a14f17abd29e468a,0.11274309974635462
3543ceda7e6b4658,0.11530621063264276
b2bc7e62e1234123,0.19187945218268967
c7dbba48425c4cfe,0.08944429744852621
cd510084679f470b,0.10410681572003669
72a15adce9c244e3,0.13260521705848963
e7bf80505ed8434d,0.15189205946063739
a6cde185f1bc43ca,0.1140856994411664
61a95f7331ec40e0,0.12342178228866874
69d5922dcee24f46,0.1950730857264271
9fcc86ae79014b31,0.1438657354509682
acd849e005be4466,0.10911885385877083
a8d28a51f4d9453b,0.15888305423151383
9316692e96db41fd,0.23720779579222248
cad55b0134e94d32,0.13577200264918038
e31ba3dbb3e64ac5,0.1358332976883986
a7a16200ae7c48dc,0.2798676091900941
47827138f51b434c,0.45984375732806826
e6db13fb79b6430e,0.10575222687623216
8f4a439f09e84eaf,0.2777053416780387
67ea65d382314ae8,0.10445683733718177
e7e71054024f40a2,0.2091776024704611
aef0ec6d30334354,0.11627884520148013
322e8f29836141bc,0.813747508893055
e92e80237a3d4e98,0.1569488260126731
6cc17f2d2cb74783,0.0644369748565204
d32d9945d2014347,0.10931470522360369
d8bee3ef442c49b4,0.6014271830852953
312c1da48d4844ba,0.45057913552854567
a06919317d3f49f3,0.11195957463490952
54dc3afa735e437c,0.34686806895618993
1753b71497914840,0.3877525777196291
f0ee574d8bb44688,0.2449718375391457
5a930cdf0348440e,0.1293750122540122
97420f4885524230,0.8235385794683086
c5c37780ce90487d,0.34706753965783244
a7d5d13f48544715,0.19832392893002818
3111a2d7e1444626,0.47269502100537386
1f8ba3e509a142bd,0.1391802997537148
efb6d589e856464e,0.11596168938371633
482776e0dfe24176,0.4840648014541881
100346a612b441a5,0.34948482080247684
b2be29dc1c574969,0.18760054202352655
4f2b174a15d94cf8,0.2533717766031665
36f8f57bbb1c41d7,0.36634247806875503
21590abe95b640d8,0.3785267785280446
290e8914e1bb4399,0.09851836578497022
75023c68690945c6,0.08082104568542117
6271adedccab4b8c,0.2550971770340954
c87d5cf8ea9a4bd0,0.10871739723295248
1d1d25f1feb143c8,0.11757871581138438
40eedd589d4a4bd9,0.18468430820433032
3f0de5cc60a64aee,0.11731468584709415
26520fe8aff54ece,0.07554105774101823
885bf4f54039425d,0.08056644656311869
4df104612d1b4a20,0.16563120636568476
f71a0f207ab84451,0.3128900711338958
50a15c252a3f46b0,0.12071407767093464
12a3cbb77dc54401,0.12378236098028517
1b79e6592e6648f9,0.1903615778790964
accfca4b32b0401a,0.1352088247366634
d34049c36b6f4043,0.09509330080496207
2a58e312a45c4e79,0.05290326603530971
74194f2cad994daa,0.10647199505216448
353a96fc562248c9,0.10024133432094237
c5f079f1f84041d0,0.09518212418734291
8af1d793b1ad4cf5,0.09522373289787664
b33490abf5c441cf,0.10462661189574425
8ab2c68711ce484e,0.10980052508218413
ee24da7e44fa4a6a,0.1965085751216772
a6f40377ccdb428c,0.08921371615628204
2125ab3b49394708,0.13675473810938024
714c0adbbfdb4217,0.07668563761857759
f40c4c756e4b4add,0.7439654258728116
546cbf9515e64e42,0.7152898850227322
c8dcd39cd8c24ac8,0.17824396442065682
c76a69923aca44ef,0.095846742994318
9adf58e9d1054818,0.5664754129681911
7a85e6dee31e4d04,0.18835469212511816
f1b6764ad79d421d,0.08067986611545401
9da406fcc0474b8f,0.1302153942832031
a94b1521987c4264,0.18454880795341877
abe31d18aa5748a8,0.12191069503194851
2d58e92dedaf43d2,0.087083942341766
0071871962cd464d,0.1219938451648133
5f5412e40e6743a5,0.2099629478727489
327774d1cccc4623,0.13938563987683908
e69527715a3b4976,0.06413733954285437
f071c5fd5c77417d,0.2315763955261879
ff64a4f795034b81,0.14307376463865626
dd75cb0665ea4fb1,0.10768968509312987
a73709bf21794cdf,0.12347887737098971
662d315732204812,0.6987716473365037
54a2749c553f47f3,0.14867288958889138
aa07f3d3ef404780,0.15906503202280659
9e83c489b1f64c35,0.1707094183343259
e4c1f590a71a44a9,0.48706417109046735
bf3c90384d014fad,0.5093936620776094
529d29ad9aef465d,0.0872128904693511
0c5cca5b9558475a,0.2510102374321751
305a8c01533f4219,0.46445217437733377
040c0c9db25744bb,0.07129419538295427
9fa06c53930b4b0a,0.1045876398076213
39088988c5c34996,0.07060508279736188
fae9250670c84b77,0.11640986987643812
6526b5d482cc48a0,0.08902826358840922
f8e63202cf2247cf,0.4040393072866417
9941105f91574bcc,0.12906681777187523
036638cda0e24bac,0.10891977959742828
dc13d7d6e7b343a8,0.2585924080803131
5478f5d0f40346c8,0.2175208654410696
7013aa1ad2484533,0.8457858056269566
877ab6b069914e99,0.12983892637147879
340bf7d4b0d14ef5,0.12589808061201818
4567510bccd04818,0.16229631587871737
4a94ad8463974bdb,0.08130469402694368
b9d44a27daf24327,0.15059553548536794
80e5c590338b4d6d,0.09960950556460087
8d46c91171e245da,0.08672289496709017
d4a3223be2ab40b3,0.16196698675908988
a5b08b1b2d1f4f1f,0.22688319661583167
71615df50d564e06,0.12990555849605329
1425608516da4f88,0.15731723173021997
e273d0b5449e4d28,0.10693558336737152
aed88132cdee48a8,0.08573748270123549
5769adabb2c3404f,0.2052812825154009
edd68b7ad2284064,0.13611461737303857
84681b9d0ece4cfe,0.10100650329463494
1fe0588fb2a94851,0.07574766788182584
016426750a7f426d,0.22108662885948746
5c9ff6753928476c,0.23027258307536827
eee1d41eddd34bfa,0.14433991960736198
1672ac623eb348df,0.2634419657611203
d144c610527e4a05,0.12304729041660695
0bf3948734fa4b83,0.18348242448069554
1f7a7517b3254ee7,0.3043521884432786
ec48f2734c7e46c9,0.13903899462814123
cbeca6bb517e4cd7,0.16975250194454822
cd35ae143bf34a17,0.1196884065354054
7e0a7c0ad94f4553,0.32160773242952323
966a9280daf74932,0.30671864888956096
50402144e8634da4,0.10072382465056333
abd4c5b9422f435c,0.09677865475898721
d927c12cc1374bf7,0.2646846788473032
f12059bbdc054d65,0.13445622544721103
94ef0e2e5ebb4cbe,0.15698843773094798
a785c43690b14d58,0.12397913406112894
1382050d847f47d8,0.07312708806766866
c22decb80e7b4ccc,0.1953505453035089
cdac97a3bbbf4eb5,0.24917967123926402
f95200decf6540d5,0.21678093241254187
fb40581871ee4a0d,0.12851066558601992
69b4335254504993,0.2909857664413476
b0c18a52223d4a80,0.7107339280534003
6ed2c48c689b4391,0.17609622744697054
f877e605e44e4766,0.8056191296427547
16a16eda765e4d7e,0.2443524315432706
b78a9b9bb68b4ac0,0.13656908475193086
8584e3d123ed4955,0.31998192429490824
96df0d61c2324052,0.11198069911577832
2937ceaea33e4d39,0.393931644234617
bcb11975410d4716,0.16679519316732144
234eb06288a14227,0.19933181186771418
4dd856f818f94f2d,0.12329226224101554
0bcd819e96e54126,0.2912309946085596
05f0b476b4ce4a96,0.18972411217081558
87bc12bf54424f4f,0.14835498147726023
fc15ea7e7cd74685,0.712382272184477
2a949b36af774e39,0.22656492369061904
8d3353d4e89e46a7,0.18911218623807743
989a8a7f0fa2463e,0.6465063753271414
81b63b1af4ae4856,0.24597772584498792
e38501a0f2614f99,0.10223018165773629
1fbcfcad528b4997,0.14283922656412457
6b9d56c357a345f2,0.18206175080779644
79cd5da33712484b,0.14603447644131706
df3601f670a94939,0.7626042107890203
d1a2aed3fc0e4384,0.48714830095887957
d323623b71f048fb,0.13780627168766305
9f09de9233754054,0.3048025191791677
0797e1f6c6c94c3b,0.24277460153577907
2658d793a36b4d96,0.2551763773757268
111e9a74a7ce4333,0.1713376939451121
2527ed38b3ee4db3,0.23360982463011298
6238a89677f34a91,0.15474317093744935
a06fbd750e0a4b18,0.1454560823056492
b488c879acd9468f,0.22914110922816922
607c4a724be74667,0.10298790001846489
381797d060b84e18,0.12443600529225321
5aed4f996ef34eb1,0.5782321318001699
c7b18f045461449f,0.6300802751315489
aa76f6f48eb54856,0.13604922208089176
fbe2100f3bd1475d,0.13234981987028085
4c14a4b1262646b7,0.141101067748739
ca30fcbad8f74d4f,0.1846353908288581
5e00055deece4aa8,0.10682671800203536
4c4edb31567f479a,0.10652948192148484
e22c747b313c4f3b,0.11426299332330606
60e214eed0c8410e,0.11364559082145295
ab9480e3fd614177,0.1273183858569031
2ef24e1b681f4cac,0.865544331046795
61b0780e33244f2e,0.6390856560180599
943bb98d29f340bd,0.09318303247202457
d892485ac4254e62,0.09788196176302576
526d40d017ff44e6,0.165033893080622
8e27a597e1ea470b,0.2883416349469815
d7ce92025d184988,0.26088323609829367
df5ca686ffd947d7,0.12350975642958661
7f357e15ecef4baf,0.556872083339527
4d4685c202204967,0.11112908914767201
9d7e7b1808a74981,0.11587557437608634
262752e189b147ca,0.8648580281394989
9c96b2b113814c9f,0.06400090496793201
5aee4d000eac4de3,0.19044097045678543
a70fee16f7c74b23,0.2543080327042664
387ad169bf2340a4,0.10275638435842371
73ddf91b6a4845b5,0.40766952076584345
e28cac8c43484114,0.15127348723042688
2c6db895125641a5,0.14133015280031855
2b54dcf787f6487c,0.0727780281214816
2203ef2e71674500,0.09239883828643679
02e9aeb034fd4d7c,0.14917365725544307
569469b5af1b4735,0.0922179072127437
6bb0b98a43d64364,0.1513123619809463
db8a679b79e74a22,0.5875647322322962
204aea0384324e08,0.08262305290892118
66c3090c24804de2,0.08755434186155928
463ac969c5f64b43,0.7071248670866939
113fdd509d9e4233,0.0746036776681415
5f1bd2e8a3c54760,0.14432817558723787
82ceafb005714b3d,0.25726474433843505
c6f4e9dd0a704053,0.10252035188516688
3a9682063fbd420e,0.10091975305228723
09c5bc353ea242fb,0.17641538214440416
aa5790c0a98c4aca,0.09058006489589815
fe69cb1598104711,0.6262500854019681
683dc50dec51476d,0.13248464165533091
57e7f1e57f9a4b63,0.8137250768333676
cc0532638f1241b5,0.09114172797156153
5378f8202c224b84,0.18327037255049236
c5b3c40002364207,0.15961186380710662
87d79ba0867a40be,0.1333867639824096
9603b2aaec374f78,0.23126294966050853
78cfd2e513f44456,0.0824275933417714
52fd06b24a424db3,0.11374351072405917
ba402449cfa94004,0.09621271748827867
a1f5ab5c48ee410c,0.33899312218421035
b1c0841c93684401,0.3100637579402009
f54a43c2ba9240b3,0.20563688760677182
7c1d4a06423a4168,0.1929493759974995
d7b63e12203c4d04,0.18090617489405714
e2dbfeb07f5f4cae,0.09200089973437155
447b9133a72b4cb6,0.5130670805640002
73674e42258442f9,0.10282705115839236
336a6defd7af41b1,0.38715990800355876
35e82d8717534170,0.15277218526630476
bfa440cce028400e,0.43768929633185133
2d8f0baa20734a31,0.14514453057853582
4372ff91770a4a4f,0.30284367119265204
76b3c89501ba415c,0.11948278507164123
57673c1991284be5,0.13399455336872035
d15f7741050a478c,0.07673052067635656
1bb0d45fe7604843,0.25874093175603996
4778ce58e22f4e0f,0.12393863294522615
e17fdcd46ced4c42,0.16960781717285045
c4fbd834c008489e,0.1895839650047394
0a019ad399c048c6,0.1754724950738024
1a86f2381d864fae,0.1325809650261643
f9e7a95211974b86,0.18400219003586435
5d9795882af143f6,0.1007876121075277
34bf5032b26147ce,0.18589268115383475
184741b3a67d4fb8,0.09318859158695146
ed21b5377f8a4255,0.0711368659084283
ca392568ab2a4f6e,0.8113267731157772
3095d00cde8b4ff3,0.10480402065361662
20c0902faf73476a,0.4121617967614621
d231fd5019c443da,0.3008758643107014
1bc0f800b1714608,0.1601726686421946
a0420bfb5a084249,0.22509230162012084
ad065a000ce24ffb,0.089019453142721
25ad67ca59cb49b4,0.4113176039800221
be67ba17cf294a16,0.14887565906866973
b6463109077049c9,0.1261305412507088
4acdb665af084083,0.08445339678125735
67ea72d643bc47b6,0.13430278072124283
684f17a192a74878,0.07962681059394397
b5278363475a4de3,0.16018003025242297
e53c97636e854617,0.173680209841041
0efd11c693b44786,0.09438671415868448
7ac0340f57f84093,0.11529395515313197
02ef97d172fa4178,0.10699281851395061
15215cc398814e8f,0.21087239174279426
66e8f125a4a0431c,0.7942197991298143
959664b905094875,0.18645752965455833
7c13445041e5412d,0.13894952664537802
07ea99e5d64048ca,0.8663638721627781
7efe7a703350405d,0.12602401709709524
078d033383ca4e91,0.10971583337360412
adfbe6a523e541de,0.10228901761232537
8606e38bff824be3,0.12641600037981104
2f542452f83a4e00,0.13511832229686982
7c1cde0ad8164098,0.1604299389977329
81cb969beb394686,0.1277885911654603
7d3e8dc24ace4e8c,0.14191395974077314
161f0b617d454ec7,0.11631465634466742
3ab76953eb0e4bc5,0.49291751604102985
e0d0526882134a39,0.15111063731821978
5502ba78cbf743de,0.5012950426197322
91a78120c2c8420e,0.08855578783464696
63ce2a7b9dab47dd,0.11274322613903418
ac1ba0ad45234948,0.24922020407735151
093166f1916849d5,0.8215371124532642
0e09701a017642c7,0.08196308387320081
7e76c84756c24eb5,0.9388672162685838
d428bba9ca064dff,0.15800990060627104
bf6885d2228a4664,0.08890388041056123
1c5f210a7ea74f94,0.10234381305740112
0da2cd09be094cb8,0.15505795636526332
91cba14ab2c343ae,0.08347201294880659
545797f5e12f4b66,0.08568298621226973
6340e8adaab54836,0.12562217688735736
8c8775f6645e4044,0.3340388589771832
932f09eb26334c19,0.09621866377073035
e86a21eec8ef4546,0.11250279204832539
247bed6d5de84bcc,0.1476387628472819
2b4fff35122a49eb,0.1320160868580067
fc71c6fcb375447c,0.20096104533296166
30da40cc2231483f,0.1381601907162906
56747b6ab1644fe1,0.10324406206393348
b3ae5844f2ff4543,0.18660758189439572
b6f4e34a4fc9449b,0.12213554422610402
f11a0da24d074e14,0.21868001907512558
b03e51447073454e,0.20266583406067984
19adfb6d1f3b4763,0.1637591355650948
a9631cd52eb44912,0.3833164027466675
9b179d9115684936,0.14978906235049674
930fa4682d1e4185,0.12717213195490437
edff169f5a36413e,0.0985898416132209
fadca687f1b942ae,0.09352177345551292
c9ad87de4f124a3c,0.6853427577166582
a845d65d0aeb4678,0.10747567628262086
eac28937010f4f0b,0.0919489366329162
7504aaf85b404150,0.10545907251305847
8837ab641ac946aa,0.2609366699405784
cbb795ef1465464b,0.07846677607135054
531eb7bb7fbd41d4,0.17311088471965397
dbe03c391c474145,0.2464267663963059
e5dc3e4ade3648b4,0.11845034901899018
7e3c1d0ae9ef4d2d,0.5574842356246188
f6433fccac444f82,0.08514154402283719
d53cb3cc603c4b1d,0.1694133729288551
9018149fe9bb4bca,0.13049329343635252
1fd7d27d2bb24a53,0.11027582574242197
128cee9ec1f34478,0.5332915848954608
83932e092541402e,0.21480893900970174
694f112d285a4704,0.09206566822882502
7357b1a5c9484484,0.08286127775959705
4594bd873a5349cb,0.11115551902306954
f10d4717a623421e,0.09067073998390295
acdcfa0f3e354016,0.7787960234003827
4ca2e139a4d04eab,0.08132735208337828
9.61E+71,0.12499404345589342
b74b20e6ab604259,0.8460926304696157
82529ff58b234a7e,0.5132920244782307
ce5f7de4e4bd452e,0.38309389970717966
233f603b5a06435b,0.13745724453841385
b818190d551c4960,0.15748139326095303
f2114753671f48b5,0.10129461258459
ad4234a1fd26472e,0.10072750007419483
01a11e8f719a419d,0.08654658658565294
203289bd629f4968,0.17761313341677315
d2bf40ce5adb4847,0.6214238069292983
a2190b6bc0d1407a,0.11704318974319791
42b89ec0e0404e87,0.09361076602093579
0c4effc4100a4066,0.12647622103196748
ce3f0049b8684884,0.14631029051340072
0600b7f82b3d4e25,0.11082089139877976
9ea7ef403ec0443f,0.23101350147300406
ff5556c5b24f4d3d,0.14074737452940494
09c77d3347a74362,0.21486176973268648
e82bb3ece7c54710,0.1353462450663006
5b78cd4ab1ff47a6,0.3775730024650455
e1f81112e2d1425c,0.6629249721782516
33d38a95e9574403,0.11373745302152298
6a5728de17c64045,0.1609431614239313
5fbde42cc20f4ada,0.6784203592321179
669b24e4c3804448,0.41257304476564577
76aebce578fe437b,0.2664793419983245
ce036fc242584b93,0.10881837823745522
bb73affba95f45c8,0.11533696392400887
36351c6243434aba,0.15924337849270384
f23085d3d0fa4d91,0.10808536506819834
50a7f93223f045fb,0.24355232429622695
16d5a71787bb4533,0.18622325983478483
6b4c6eb8a3ab4714,0.8263004998195491
df3bcc83634f4b52,0.10211618525784402
caced59d6fb94c18,0.10818053402198172
33094ae6e07c445f,0.19222299480031518
9c4a8e018d534779,0.14933833449097367
1fcb6546cc394e9c,0.14055411512005297
cd5d75899cf2427c,0.49765311460038586
953a77f180bb4e9b,0.2611420751994555
1248551ca59c494b,0.09882739834797005
c597233061d84c67,0.6514651742073003
8187bcf0af2a45d3,0.08915184198325031
9d205be918824cc6,0.24917085245074175
bf48303f35e7405c,0.11227572965383667
b627841411594b5b,0.13289815324330972
a7d37d5370764558,0.20351818557652637
c80811f1ab8a431c,0.1102102001120128
55adc49b6e0d4a2f,0.18001243327635655
8e13d961ec1b46a6,0.09813645222444592
ea51d96c5f3d4e95,0.19342339595442767
7795815042124a6d,0.19899406859871216
0ad180fe9523447d,0.15122046571701225
a88db51bf79546db,0.08559616847506607
06d8128c8af445f6,0.10566225939594252
0a9e529abacd4c84,0.09865773909764451
936378204e154c2d,0.09834921207104569
a9c71ccb85ea4685,0.13245034025651584
647612cc8cee46a4,0.17095153707274924
421128ea0139486b,0.2291055976549465
adf8ec56b5f24063,0.16722251333749524
3dd7aa079e2f443b,0.41585308755711853
38172feb386b4fa2,0.17687459260838978
af675ce1f99c478e,0.19994597870501982
53372b18961b49b4,0.11633289203250555
dffff3907eca4478,0.08703791225549008
5840876e3d9846e6,0.12787289833452986
291e6e425faa4df5,0.14652265138884363
5fa975a351e748f4,0.41554972948372215
2eb629a9d024414f,0.13403827893904266
83dac0094764402f,0.17197957908771835
b20a0845220f4ff6,0.13593430700139164
3bda1b5dcb204d04,0.12729223055210578
511dc16b6f764c0a,0.6665149640178386
379e376c89ee47ad,0.09128645714111744
923e838f37b84f8a,0.6953137821263538
9b5083ed534c41f2,0.11926205358296758
df11e379534c4a41,0.1080532849107714
3ff6fafe998d4b51,0.0945259538566528
64314387b76940b3,0.1829063252159844
6d0ad0a3300b4df4,0.1188080941477804
08502d3db0ad4d78,0.10317638574429606
ef4e7421b6b148d9,0.2962087658537641
9e40aa3f75164a38,0.2879546653642644
d2a0e6bfb1fe46a8,0.3521749999332
6403a9744e214536,0.18720587298581953
22fd8376de7c4293,0.17203698136137147
4c428e74fcb7406b,0.1023803766593951
f424fecfd6124f1b,0.0681410626025585
04943bf3e30d4847,0.08266044200390987
d1b6544b91764551,0.10594231804502231
2a49b1cc243a4b6e,0.2719446149554652
7387050f94664560,0.19454933058726875
6e594365c8b34353,0.3674629958203323
13ad83a1f9b54bed,0.3363616116927266
065d5ee7e4584453,0.30278060319559874
82aeb61ac9b44b67,0.46170759535006334
83b245b196ab40b6,0.14137591693870466
053f7dd39bc94240,0.13174452011702142
f6be12547b584b2f,0.12388461838589387
7f4f0e6c99964fab,0.8293381013642639
aec1d6ab1f544bdc,0.18268287214660253
db126841dcc84d97,0.19995505970217425
9fbf34960a374a6e,0.1334771446842936
dbfbecb587284a87,0.3854955676042618
5b83a1b4e68249a5,0.20562484027167943
a8c19c0bf07243bc,0.13903534520319427
777a279c200a48f2,0.1182559479765274
50d8d43706a2455d,0.08264838532578568
2e666166ba3042bf,0.24129746128134255
cf70675e6cb440e1,0.12311084688596331
8edcaf340a654c11,0.09278779626226415
a46476d934bd4bcb,0.11808881931289578
369ff186ec0b437b,0.16497041296403667
86414b6684b7428b,0.35236298211670947
60a6ef4db7104c6c,0.19253221371639678
00a0c5801fae4358,0.20437656718451727
e9abbb3918354dca,0.315209272088749
234e768aea9b4fcb,0.13427494321561145
9978c31bf5044614,0.14393667397418203
0593ee9ab5574ce3,0.27115452811706037
a4da0353a0274de0,0.19968751102191937
09e49b0129cd4a3e,0.29972750557563355
abff48dce6984ee1,0.10788639298492418
6c602541cef54e74,0.10394948248609458
104de43d13db4b30,0.2116345368342654
b106806e86ff4819,0.10516109334319626
54f31601bb014ff3,0.36625990821286225
036951fbad624291,0.09705281428299478
9be095e546ed4ea5,0.2328767791114671
dd7e393ad2f9497a,0.35931423439777227
deac7aae07ef40ba,0.2637121470298342
8ebadb5586364bfe,0.2097702872935241
4c010f1a11df45c5,0.32847894013472245
118fb1dfd7dd4ee4,0.08988649797691639
ee0f127441984e03,0.09445167602395374
b99fcb0c7c954707,0.07772468721445533
0476ea8021554f22,0.15122632394150923
0351b681e7ce43d7,0.1641436798963281
1645b9397ae04c16,0.5421525650602208
81ce163dbd7144dc,0.1848799351905528
2dd731c20a214dab,0.14921796819805694
64ee3fd70efb4d51,0.4262080905750522
f7b9c86c4ea64bb9,0.1642698945174324
18d6c5fe4e594788,0.29969540322286475
fde0930cd7514c1d,0.11301442067023766
8bb94134a33a4c8c,0.13504295785892492
8983c139977d4a4f,0.125778815899795
630474d03891457e,0.09498128129750005
b6676b86a1a84a47,0.11877076061337133
3e8565ada620452b,0.13626186029453508
1902893ced7c4fb8,0.11769190908322777
7ee03b557b1940db,0.31864859978600285
1de51325e40044bc,0.13982990421289876
bdbf4a1829fd4349,0.5637997161656428
4e8c2d259c2f41d2,0.08181320465795387
12029a0fe5a9449d,0.4945249626064474
b05b2a70bf0149ce,0.22558435718878123
bb472787b289444f,0.1551544842246651
1deb38f9e1664bfc,0.4490114145368891
82206740154c43c1,0.10798790339960386
4ee09ab7cbbd446b,0.0854544097145078
4d16dc195eed4db0,0.11123835551439619
59a703ff89664fc0,0.4657250462460483
93b931c9975049b4,0.1256885229719112
37dee1cf530a444b,0.13518287736630016
3057b55d69fc4e82,0.1818138900916852
b73b0e3ca5404f8c,0.08732606227129829
d9fe61fdf6c240e8,0.7868434469847094
2bcf7db463c0475e,0.08071976890677342
dfe0e44b80a04b2b,0.6867105372976291
57e2ff88757c4faf,0.08100632883077549
195e7b7f8154436c,0.15189162646238194
d4ca9399038749c8,0.1818232685369296
629c52fef3684b4e,0.21762174433367984
3aad059c27854fc3,0.08690732550197905
19230c643cc44781,0.08487267763671143
2810443eb71d4e87,0.11283683538529356
2b896b4dc7b04bd1,0.12685809518647406
d723b28809ee49ca,0.2027648620940047
a9148a7bd6814501,0.10658772560184063
b6d97277f44d48d7,0.2340020784414256
0a9d831b6af4423d,0.13360506626337457
d6181f1e4928494b,0.1228390642968072
976820b0bb2e4663,0.1288499477248121
c2faa89f60484438,0.13206479440801747
17fa2085d69e42d3,0.6605639964045089
097a212d3b5d4209,0.1556268273484844
fb36ada1945d4970,0.07290022835097267
46654b850c0847b2,0.11324029023695548
0deaf7934642486d,0.23979996005854232
f914ecb70e2145ad,0.16622423604909953
e23eec417cea4ea3,0.16895913777561827
d496e566c80e448a,0.5408868751149998
f3338f20103c43e4,0.08884020467216275
34bcc082540e4d07,0.424177112709656
cd17cfea6f08445f,0.18598431114063058
16ed3999702a4688,0.1219374303337085
c4cad9936cb54b20,0.16428305262705659
928cd469a74c48cf,0.6721415755188821
5eac649206004946,0.341909708177365
00f64b2ae5944720,0.12266835308922483
79a76db8cac34fcb,0.2629197142245686
3a7d0f163568441d,0.15548172565645688
a9172b364c194c3e,0.09255924545182874
d03843d4e1874568,0.6232633416555452
562d0e2fa2a2417d,0.10688328756313384
0cb6ae96b8034ec8,0.0967771757565023
e0699d46d3904a27,0.1323889722492284
c4ab454d46574e97,0.13098826253425658
4c95aac07ed04022,0.08614128726741989
2ae360897a044613,0.08364027087805646
98aeb6910e8c4050,0.14726516180531612
5eb76e319736420d,0.08152881456349184
2e9371484a6c40d4,0.11514945247614551
6290e84cf45e446f,0.2655042494881739
4ede87cf4d454051,0.2572932781793701
ac616c0aa7c74b42,0.21671297209642765
93124cb29fa945fb,0.6097146176530269
38e91f3152ed4ba8,0.0901711726122039
e7f303bb5f3e44f9,0.09130572166705486
b36704ae09e84b77,0.19593168898744495
04c673f525ba4826,0.1912722702397059
9a809d925fba4bd5,0.19319574206839424
9fe16862c34348b8,0.12409545406123729
fdbce31ffc014c2a,0.057745813225412314
3121684f11dd45b4,0.11076245354372452
cd46077331534421,0.3014525304342689
99475d0c1fcd4f6e,0.08680418935063432
13a4542ee7b64b79,0.3212905874206163
19f678bd19054516,0.8513112424063352
2ed2c9946d00405a,0.17465530606227225
658b27afbad34b74,0.8272964988099245
69f808b944194851,0.12009692821225551
2acdb889208344ee,0.17177179739617676
d371152d040a4ab8,0.16767992272354298
74503c2cc3184c84,0.1264569565766063
8f8458e668914b7b,0.06347698078827246
9f25071189cf4c11,0.1360218184315445
677b26e432544b7a,0.25079349182555927
a1b445fc8d5d4c79,0.11604714613212883
81af2c6456684a34,0.3136216183081683
0fa2eae6ee1e4f37,0.17392928067181848
fbaa1c1ec1414c2b,0.0913238521718313
4dd699757ad54068,0.14525952550112128
7099d607cac34008,0.06753979047329876
9218c0b6257c44d8,0.10817483271613264
45f5138095574d31,0.3748040482695086
2c27dd236a694470,0.7445094356457388
3615629b2eec4c86,0.5975731075967134
94bccc91472646d6,0.09107352172259293
bea84faa013f495f,0.16905988116872184
1182aabc4f634c60,0.15500504686408592
e070b4a789a54a48,0.14893977671296119
2ef1705eaa404dca,0.19427772278168198
701eab26ce94426f,0.13206286626878255
b769063db6214a59,0.10013991291725285
7a67d589c55e4a09,0.10671250001079575
1cbd21041abe40f7,0.12613757377043838
77adc57a1a8c4b6b,0.1176530275039029
5a7e7684e59540c5,0.6568005538469182
89dbb9ee5f7e4d36,0.5363991289329064
306df4f5fd47464b,0.4413631365464556
a421c87b13e947b3,0.2070416060321384
e3a27119aaaf487f,0.13112979904485902
0249db920d3249a3,0.10800802671608883
578e9bf77bcf4ee0,0.0958877933985594
72db35f52bb54a99,0.8464442306329467
508743ab633240da,0.8262989501874307
35d915f721f14e65,0.6708772856554064
abdb4f04350b4965,0.08193809097977116
7ffe9d8172d14dcd,0.37685244800294093
8dfc0ba2972d4eeb,0.5404017223239288
7ed2164b8f544b60,0.05378262959923753
eb70badf24fb4d96,0.3809098169975954
d84eafc9a84d4446,0.28621418008735455
be357c3c7b914567,0.09818169148240134
d3f27fee1d3d46d7,0.15723984185911
cd6998c0036e458d,0.08194038468605999
ae00c5c94a2a40ac,0.08293331196892237
b4a4f95b168b45d7,0.08333866056928924
bc736b59ac104668,0.11786421769893374
0797f874e3b0476a,0.6355524139252464
99ee6e3092fa4cc3,0.054206539687545456
b83ed9840d394294,0.2565008920260682
4883a8b43d2742be,0.3975916902690669
304953cc385047a2,0.18300647126084205
1aeec436084e4230,0.19905062331091475
9a653f16ae974ba0,0.7988798296772981
f5b5152f446249e0,0.1960050225286525
980130030aa84cf7,0.21193755859451854
e61fa17fcd364d8f,0.20763272443545272
4e0c0a41622740bb,0.2255300510417326
ab295eafcf7e42f4,0.1670737369746139
ef1568d501654567,0.1255803940891748
51cf469a60a74dbb,0.4865546264815737
67e3f0a83b004c4e,0.11120472251896875
081ca104eca540bd,0.10545899481984408
d625cdbd553d4844,0.09082333863156566
9ea9886ce761447c,0.06805056841026917
5d89f75b320547ec,0.09801294501188
9f2b6f5f634b47bd,0.22825593253997525
14cee872ffbb40f4,0.23821325949461705
dec687852f184d0e,0.527283974659837
9e68cc86c5884056,0.14308070717762308
3816d112e5504511,0.21772354792536078
84e864a57860410f,0.1504835941717728
9e9db86b497e47ad,0.11361231416664096
6a2586e809b6433b,0.12542369179642024
27cc968615e64600,0.16723895881244774
5680d742f51347f1,0.06959404846686368
b166891b1f3f4693,0.12087758494612769
4e114d781582425c,0.21143609849637582
6395105bf3f64ce1,0.24840101178317103
c0d95f89fea844fd,0.06546041063057828
a1eaeaee136f4cdb,0.13607120449849341
294505a732784de0,0.09603307468364516
38ce602cf53c4ca3,0.2095311710082822
a14e8146c2b8406d,0.07274446136861486
7013a81eaed14eab,0.47928045456956725
af9dd67385664bb6,0.09102746275512198
2b079c42fc484960,0.0726400539741287
fa91a615b81c46e2,0.09151589435589598
9106eeb247154f9a,0.16351906949380673
33ee18d102f948a2,0.11458036704041881
b7d81f0cee884279,0.10846461614114836
080b50e8e6fd456e,0.10573216163866576
a55ff074365c4817,0.15288864538918642
5bf536eb57b746de,0.10851908177420286
d3bd434262a04c92,0.14375971434825308
5b8c11a15b4546a3,0.0885005106350847
e749fcfbc0244f26,0.14206826942394046
1df916c3618c4807,0.19644109431901594
239caf7f20904e9b,0.20027964221717143
2c4088492c3d437e,0.3656313027615841
3570067033f34219,0.09803512205006841
96f0edef333c4ee4,0.0699734639788408
053499d1a12f4fa7,0.11710313458820439
f95b3f4040684b19,0.08478536151626202
dd3f9179e83d4524,0.3031356540530396
57f06a8d82ab4360,0.8546981200652475
b794811f549b47b9,0.1587823790459268
c3ba2b9184974e46,0.43801197929516045
e943cda907e04464,0.7773089973072136
9fd4b741e6314032,0.11805073422905787
5dfc82fc2ba84ae1,0.12977685519957619
7a4e25a939f74261,0.19100207362203667
727be005515a4901,0.10119572915029182
f1a9a1cf5a6a4b6d,0.13308238697510996
9d8bd7a7542c4779,0.27538503831385797
82f68bd3f8eb45ae,0.07457934157722809
f02c73243c384a89,0.18103526600057396
a7d9a548b2c542e8,0.13610406770171782
b5c0d29cb92c4862,0.2745910166693962
aa3418d4923c4dd8,0.18783182398928117
00828008ebaa450d,0.13915789658698993
5f661554a4a14802,0.22587629463574135
b2da06bfa950423e,0.34991335557420944
e392e0c938734f59,0.12156442555280923
39d351a2cb154365,0.36784811101208065
1dd286d1ba3d45b5,0.07797235818136104
a7206074014448c2,0.36806284353854013
ef493f4c5ad84dac,0.39225273557859924
bd6473080bbf460d,0.10590187411115247
d9d8145046874247,0.12354804950773815
e3f4a596bea944cc,0.1316581110031488
1aff89a9c8ef4ded,0.11949825857825515
e4db89d9f4ac4df5,0.6564410953647388
7e9a50f7e1e84c73,0.12442909340199786
68ab48335f8a4953,0.14806412860496052
84574346a25a4722,0.15255504468928557
439fec7b3a18416b,0.5378922659306298
9beb3adf54944131,0.11661042674937508
274651587de4426d,0.05898011342959055
2f3f24b7bf0546f3,0.6137003852021549
3ebe02e694454082,0.26897630972152053
86844204764d4eca,0.6450015353647469
d722535e8ccc4161,0.30813198380252077
5524377c6ad74d25,0.07935823069579508
5bc98b1b97234b9b,0.7174959703677678
45c17dcb03724a53,0.16568088697865146
b0594bbd38ca4e8f,0.10573040414099814
2f68fd8357024793,0.149184512163674
fb5874f9a3b44d72,0.12145952459531541
cb4269b49b7943b2,0.13543065908497498
7dfdfc4ce61f4287,0.30045893532520956
5d7c6c5aa1924ca2,0.2670430784666433
adcc51ef1bc74bb7,0.19119627357563204
42f0e0a031fa416f,0.14577631959239118
7329d4e97eac4082,0.21264067092256156
1b6ec037833245e9,0.10303390273360083
576a19c22d8a4c76,0.7951969473271899
ce348672271448d4,0.14219143178649957
c605ae66391f451a,0.13881224441523607
2185d8f940924b3d,0.21108771607997806
2e36660bb38e4dbd,0.19104714883893778
d7c5cb952d754087,0.7442515749611978
e57fc6e783d040cc,0.3609108015864683
8496c5f591044eec,0.25519336532412684
a20f05ed1f37497f,0.11545855882119554
a1164e03b6f14544,0.08080648015484154
983e96ba9e24407e,0.11222181859585041
e9741d09d1d4482f,0.17568072082014713
27f9894bb35c4650,0.10655215393674125
10446a4b7f8c4f77,0.16457642054872537
485e9d13ee4b4ab5,0.10592732495597959
41fce17751924b11,0.13304293917897633
0cb334dd742b4ea2,0.10368547127250838
20828274ee8e45de,0.47135886428701473
db9ddc980ee54b96,0.13178015272641924
b4477548fc374690,0.38061422505328063
ea57eb548af843aa,0.3094457814452373
f098b321e3164531,0.17481803478454266
6ebdc4d467a440e2,0.2087199400750741
4bf458647d734b99,0.07423799240586339
f4f9887a965f482f,0.1056595049357356
961c34724b2e4e74,0.33951543533552386
9294dacffaa44d07,0.3943632039709627
ad73518139264b62,0.1497865517346895
b54b925b4ab54342,0.2490103759236354
d5a91c3a65c94760,0.13711512311281043
7e7537a4db7143e3,0.14689143109260264
cadc90f6a28a482f,0.7153229400641032
2b30deb67e1f43c7,0.1497720445620676
270c1ba5984441f9,0.10536396486086036
c7087eb432494cc6,0.06566759412943353
120e4866e2d644d2,0.10123797281707186
dbe2f3e1b7444c82,0.09510674821839672
c9c09dd706454de0,0.8963388887825479
8017f91b7ba848ae,0.09501780438466044
647997f8dae74b5b,0.14492883517234276
e205c2b65e3446cd,0.10323129154397727
59eb8ca50c824be4,0.18217926216396013
a5b7c6ac35e044c9,0.30261243637602697
7f92b77217664495,0.2833570470050413
387b81eb108340fa,0.21062025651409516
e0e2ad6f9d574afc,0.09792748204770399
f7167b0683ad4085,0.14095989846589085
001de1317f8f4f3f,0.23234210282422899
5c6d395bf4ce427b,0.12006001429799225
90a942893ca841b2,0.20444668875669128
a12bf60856644d82,0.30796363976949287
ce0d7de9e9784642,0.19135792627800763
ed0d55cfa439485c,0.08060492234311253
3c8c0316286d41a4,0.13454013602791234
8279b775cff74b5d,0.08960215605773207
9bf7c599ed7b48db,0.1680155758402324
9b50dbb455104cb6,0.07795170414554825
6274a383ec5f4dcd,0.1655232297294102
9e15d870aaf04f85,0.1467068408050413
a84f3b3c5e714c6c,0.10794513878596823
cabe0798d3d14b3f,0.462484336304998
69cbd701c518439b,0.14586644939860405
40868a1262824e65,0.12845996401180626
b0260c252bb44913,0.7461782426894477
b52e6ded775344c5,0.12218086250335625
55e3fb24391f41cf,0.07585387127465437
2b3929da74524c4b,0.0723464060708535
89db2106a13c4528,0.16842641863584584
14440df865de47bd,0.08141015022275339
46acff48143a4deb,0.33468620978055413
c304ae3afba044b1,0.08792412194097966
31f238fc45a244d9,0.26768103684015065
f4b504076a19461c,0.49531040060503023
f90675eeb6984e07,0.10976323345630891
33ce6d0bd973417c,0.15856868986801315
37b90b7a11af4962,0.06349126343977275
c2c61be673e64139,0.12212752237804554
d11d5bdf32a74a19,0.0992611312356249
579fc80bcea445a9,0.39156077230327024
27d57adc39f042b1,0.15768577152860272
a2c2928bc9034f95,0.12658295780663217
9b734e47612649eb,0.04423338888997524
596301736d1e4ba3,0.08220859573463837
f28486eb937941c7,0.2700703521270324
c9680e94face430a,0.07914910795866908
f5fcd162f9454579,0.37122908003410915
dcd011951b184f93,0.6386388174320653
5f3ea9f92b954a60,0.08232093032360875
c1958876f88142dc,0.16190971200229654
629544f07c284b5f,0.1703066228840245
ef681c55b3754d7b,0.26246322732472216
15a5e011a6c84ed1,0.10952927647060576
43ab44c420e14270,0.2605176941623458
38338997ae744378,0.0806323344056717
1666a44199c14db1,0.059738603394999604
5d39aa2cff244e7f,0.7550911498121958
7e4434af31e24d89,0.09901305835546162
f300621a153040aa,0.0719356676093472
1ece5754b3a843b6,0.08414154413959726
7e5474b4bfe34e93,0.49156647173828766
154057e5e5214468,0.8282375080344294
12555d5548564f74,0.3135032062136178
05209553f58a4bca,0.10352705779049655
c55b2b3d5b6e4c11,0.18985265602783924
57fdff9670944eed,0.08869672180478738
11c274e5016d45fa,0.4884667920335932
470b9f98cf14408f,0.08801259868311843
81a0958695be445d,0.1026138302584544
fc31f824e2f14474,0.9078956681830871
c3ae86648b134cfe,0.22862125570176128
895abfcc1d0642c3,0.4447060812161396
9d79eb73afd547af,0.11069037748271182
6a5049f3bb034fc3,0.29391486129143524
c47b2d7356ad4640,0.12053320985665758
33628e2758ac4db8,0.3646688871204569
8082e1a08d614029,0.5035094639983438
7f6a58d6741f4d8b,0.11916562676009514
538034c7d89b4a54,0.21186638357853532
22a2fe85d14f4670,0.3489930126991981
3d28b3797fb34491,0.08683159756403942
886d21da38c54878,0.2892473273791317
7bb4fb8fe25a4da8,0.12323504312637407
df9e2444ddf14240,0.2669404506714219
2e99d66aee594632,0.11533409452015475
44c103ab92b943eb,0.11419981385282868
ccb8547583484277,0.2768178210370874
fc8c1ab17f2b4d46,0.1100051788845918
08261eb4af9648d2,0.7246200086506002
d8592e8366d04631,0.2424650881213902
3626dd5b52d8412a,0.09595823650028668
44ab23a9914e4406,0.087680081964043
490885e509a84966,0.11865439181539031
1c665aac5a9a4254,0.11358906146787431
57f73f730a624d6d,0.19015767878710713
ca5b5d675d4c4df1,0.2985279710142633
5f2dde4e1e8b4be4,0.0771129505144826
2409257c78a54545,0.10840720024257086
8cd5b670a73c43bf,0.1617226775437138
66f99632d6ec40ff,0.6481350497589192
76d9dd77480d4246,0.07280440108428748
3d3dbb78a46d43c2,0.4235579635409308
8659e9cd7756447d,0.10417462662713978
585cc0c8bf3c4c68,0.2028240513665394
cc557b5434f54444,0.7561105281284212
f5b7eeab0d854ce4,0.1275329995157526
5f69eb5852f8436b,0.15441644425898174
3133f4ff9e0747f6,0.09749867571494686
1e7b34a7cdf045ce,0.48964057663768784
8cf651cbbe53405f,0.1446591520831339
1c6fe6eeb5a4488d,0.11522561990219163
586f280fb98f4bde,0.10794518661962252
4b9920a8fe8b4a13,0.1211426541346533
f43f4614efe64bc5,0.10684961955209123
249d6b5b6f644a2c,0.08629104697065984
ffe1724bccce4e6d,0.19763577815916875
2a7e5c1d8a4e4d80,0.18611366236293073
dbb581edec824172,0.7834606699403004
379016b99f2a4d48,0.14663962240101994
07e35d70540f478f,0.23669500944108005
6447706c1b4d490d,0.18014865484525622
baa2d71b2a7f4915,0.10387652121774059
584460db71a84d00,0.1141782498022655
d9af5970826149e4,0.269467898750271
fe3caf992604480a,0.6866140063059857
b2728775c861471b,0.15053192364996335
8258903277bb4f25,0.18684183119903292
aacf675ac4484629,0.1414480381240806
9ee961e8c3e444bb,0.16103195554318364
8ea93d431ad34fdf,0.44790553690975676
5edb4083b9c7407f,0.0670501778596014
fd58102ed0a5482c,0.10522413244934987
17b554cf9eab4370,0.14422867849670817
ddf25349bb3b474b,0.28008102970259935
20f2bb330cbb4df6,0.1118575716724593
490251bd74804be1,0.10437229319106336
7f8eb9b4bb5c4430,0.05921278297136182
5379b9a9fae64f49,0.129220667370325
1ae179a8d56b4f4f,0.10437973171947008
f3455d6d5cd9408c,0.2990617687237886
55257fe174c64606,0.3342072901717705
72429b219c83429f,0.09122540735082255
a362d7a58e3e4bf2,0.22262656817240145
47343d91767e4328,0.2938078474972256
8395d8bd3a4045f8,0.43357707360549114
ea674ebfaade4013,0.11525159887649865
bf9259f91b6c48e3,0.25912264144812913
4ced425c3b8244d0,0.106618158688123
69601824d50b4677,0.38673691439148883
c2f4378e619c48a6,0.11909252991744858
aaa709226442416c,0.39979992519708446
e830c97e78bb4e58,0.25181625071884167
3b4ab3810fbc4ac8,0.14437593454286227
cf1c42a25bea4cd1,0.22396209436290893
e232c06038f24642,0.09147549583528003
e57b53575ed44619,0.20709255851604358
570d2c02ae4043e1,0.1388042041649924
e57bc3168a6c42e4,0.08755900088767689
2e3dc18495fc4416,0.17930852872339714
1bc89cb7fc5d4bab,0.08687168063986872
8f329dd031354cd6,0.3391449337294595
e9fc1d96ac8546c6,0.10945173447794913
73d060eaa56946d6,0.11285444174530762
732862fb06364783,0.12295506368605594
65bbaea349914d4d,0.385412457249941
7bbd6e4228f6422b,0.15130521571829825
1bcabff65987435d,0.0833865767315669
a0d2d72af12643ec,0.5192122340274505
a90acbda8621440c,0.386443610735847
ab1d6cfc0a754529,0.3895706624497941
ddca2150ad2f49cc,0.12237693993247524
2f4cb46edfa24d4d,0.10686450304222342
6d209cde2c0f4ad4,0.14463227705743253
b3bd993783a74c77,0.12261834094207369
75b649df00624856,0.26209031916570347
b8142d9e3315456e,0.11944848061332806
26901c95d1324959,0.15942850620457513
d7c7048121db4206,0.3092342767336966
0ba03bf1711542e7,0.24748309607033164
600833181b154013,0.07569613441910886
76c1d573c929488e,0.44697091974105885
c307aff608044cf4,0.21213507114856914
64979ad230ad4590,0.3307524512165294
e5310522cd5e46d6,0.0657698931113073
70bb24c93de44892,0.13062950379842514
c2bec3eec14f4bc1,0.1300943727011595
b32b785b0ece4485,0.5788243348592598
16b53a6c8ef14e08,0.3570879820347643
103c3b8000824adb,0.8174154476099664
59110f319b7d418c,0.517584692475092
ea4dc24f169449fb,0.3442486997194445
9b27da0bf18d4a59,0.09970507630135837
89ed692ee71b4912,0.1320149269772174
63963ae25e444d5e,0.10249070577208044
64e891155d6e49d6,0.12912246471398858
e91873c44bc549bd,0.23735842459174258
6b4480fcb5cf44bd,0.11067787780276674
71f525071aee4a99,0.169917220339156
a8cf1d9a8d7d4fe2,0.10532891459630124
5a49e2ff5b8a4dd3,0.10628241881853824
aa4b1dab7a95457c,0.12071698341832295
750158e14a324ec7,0.1089078530316224
54eaa897ac3c4f41,0.12858149249170783
b2db6ceaa40c4a9e,0.08951997998881692
2ec32977169f4c4c,0.1418712384256158
89b3660a47bd4bfc,0.36357162748693017
c1c4391c251c4991,0.10359908448317362
f2f3c64125134e90,0.09660748233675068
d1b9f38324b94f99,0.046991281133505154
52e701dc71494406,0.10624907872207622
b2a0409fd6ab4b3b,0.19641751058838638
502356cacb71445d,0.10673382357098164
975ddb693f4547cc,0.07072652020826824
7b169e425c454367,0.65601597210904
a63f260f0f164d43,0.1044859570037554
387e4fcf9bf844f1,0.14755118949393675
21341c68a5284314,0.09154764282973442
d44043eb5bd049cc,0.13359793839229556
046d3e0b1b4547f3,0.05626923718321816
48ecf2267db7454e,0.27595733468488065
3f1e4c3e47324fde,0.15928459998768363
b270167c89e246ca,0.40113715823002094
7cb253bc005e428e,0.12452831924677514
826be5b25f3e407f,0.2610857738260413
b6d20d5e6e1c4a01,0.14537641347803443
a0c35c3263744989,0.0796416928503481
dfb4726d5991491c,0.1745254829764089
c95a4b3282324dde,0.1763880556616726
b2db5fdc064142b5,0.17451770774984424
c280cb46725f4391,0.09037693718528168
e3f7e67cddae49e8,0.19941275556096721
79e2cc9689d5439a,0.1659781142359571
44f097879cbc4fa2,0.6337841312303324
20be9631ed324462,0.10980679321624635
3af83b328c9042ef,0.1903463606801002
ef7b98dfdc054334,0.08626658191100743
09b11a6f3ae24d34,0.7930559148135091
569c2ebf7ad843ac,0.12771869587688933
cad7648df04e49ab,0.5022328910604896
c9d3e8743e244c17,0.17323608136157176
3e5da30d2bf649c0,0.11584101385992869
4f13710d34d84680,0.09630186587139458
7b7f4a80c0674c91,0.10683748847013529
d80682d7e6374715,0.15172013851056504
00daa88ad80b4c33,0.19094710204610782
3cacc24dc7db40c5,0.1579816133149984
86c11ee2da644a8c,0.13991128759979662
559262bb29e44ef3,0.084941096608441
ea198fa51e254176,0.17645297938471896
144a9437f7a64c36,0.07285054647763961
dbdc702560084df2,0.17843010597437547
47b20607da5a4c9c,0.14075261181310106
4137d15a38e14664,0.21388956597821038
fb221ffd687348c2,0.15260603130977424
c4ae213b621745ff,0.12348193721347474
55b2fdf77e2b4257,0.5811350494763091
e6204162c0fc41f3,0.07681682846430776
d831b350bc544fbf,0.10195054664004417
0de077a2e73b4409,0.09795780543887554
5fe1ff981c77470f,0.16943895940603254
6b280be7671643f4,0.13041388890894262
83928a5c705c44f8,0.09777379458073636
04608d72e6354c4e,0.1631800849749305
04cc1e26c0f74207,0.12949825748913624
3624d2db47ac40b0,0.1673288635116802
7d3ba987e3d049fe,0.6342395788771711
71717a0caeee4227,0.08048017277981334
cd28dd6095b14813,0.0991655838744293
8ce6030cb6814aed,0.14772278539242018
dcfe855c62f84095,0.0940515029642266
1a105a0a0ced404d,0.09331257683798137
8428d06a845e4afe,0.21442478996501327
71ad16dfe38b4904,0.7944031410035669
6888b82a7b984b97,0.10368685434820497
38387d4575204446,0.20440270225956825
22a99ffd51a0499c,0.4769218674419357
508ad30f5fa8428a,0.22393717775380012
90af582da587498e,0.2016039502960749
e2f5db0471d44cf1,0.13958373983129052
f57dd5f40b4749f8,0.3549226179999619
91d1d3e4861b42cf,0.10735593012313585
ce6c9b7b7e53464a,0.22628735934865088
cfa34924d3ad4322,0.15064341098580875
624d8a59eea549ea,0.09039149687227269
ba62ff96591b4a56,0.11625078675475585
f176c49315034bcc,0.09743448074130602
28c6a76fbee84daf,0.18801071156734922
5130878aca414539,0.1818257466011431
b1eb54cb25464e29,0.12830064050892792
b13e9ce706684e4f,0.0775681988669697
7ba179d3e96a4ba8,0.20096885748021207
5cba9083529241a4,0.15568508428278444
fe0ff62bb603455a,0.2812069050448553
dcfb560b311d411c,0.722236331217663
d572e1864536490e,0.14054921043037136
d3780f9c3f004e21,0.10639616231493403
ba78ff4564134bc3,0.09168099215701793
bfe1ebdd08c540f2,0.12072374667202143
d83b0b3769a544e1,0.4640090287910392
02b44cf153f64533,0.7017713855299558
ee6d260f69f143b0,0.13251705760942584
49ec75839877474a,0.6246639110464798
28f6dba469664ee5,0.09740888699918718
bb936768e4874b9c,0.08968774522481864
f4a1de39256046b3,0.08827292481207892
89d5baa78f584577,0.6337266274652333
f88b291cbfb240ea,0.11715169549982099
cb219f1b5fff4994,0.10976332166672262
4a5d6a33c8af472f,0.07110677262370146
4fe7eb45c9a04162,0.1487550516413551
1b7990e4d89e43d1,0.525935387688568
ff4844752b25433c,0.12960609102849202
03a7b58696104107,0.0655912936241474
6172e20113334851,0.8671226109181146
751128421870450d,0.18386586964308527
b3549a8e666a42bf,0.12731786902627457
7a42df07584d47a4,0.34137431488484427
60edcd0bfc174587,0.11295915719346716
96a04be0ebfb45e0,0.19746306542664668
e708625e25564378,0.10989681272010784
9e9ad9252c44466c,0.09932956822879821
ff7dead4f40b4c45,0.2110117687925512
ef0c0aaf95264103,0.1626557286427783
ecb652e7548e41ce,0.0890131179416643
78c5da7d55e14cf9,0.09296868103163347
32687a0b8a94424c,0.1910565675687432
c07e9505892d45cd,0.8604675964518871
336bdec73009404c,0.1300505752431115
c9573d0362864691,0.10880147293606234
11bd411e607b4bcd,0.32831595791004936
a32329fdca864929,0.4117442001502672
76a55cf344854dbf,0.14976912561794656
19da75c7ef5544ab,0.23991912258758752
d59535b8cef048d1,0.5346817671121489
d6791acf1e694652,0.0709781527768811
733754d0d3774d51,0.17292161739264775
fce15ef1f83b48ca,0.12941168517749996
2a6864c6daf24f83,0.09539146782107387
22b93ec9917841ff,0.2731962241980352
acb3f2fd015a466f,0.22612696013142664
6f49b594b1e04d2a,0.08620189021099077
53d15f400e0d46cf,0.18155984582498122
afcf0b577a3e4caa,0.134419788178651
66e7f4aa9ad244e2,0.3092139852323726
e72811c36f454440,0.5783117679705788
457842d6a868485b,0.10864955925932797
77b32fda43194a60,0.8345811035894417
ff25666c10264af3,0.10004745778712422
95dae1604dc14b0f,0.5133291953415317
fc03c65d6c174b02,0.25462046674899197
01b5cc8ba60949a3,0.11789034559311282
4250f2507faa4174,0.8586324203574753
405838aff23f4255,0.13056772588441062
112279cf0d2a4e60,0.6277622173117048
ef440a42934e41d7,0.8376465564139598
22f537ae6edd432e,0.16522233997447275
f1ba6c11ca2b4df2,0.11707448811386895
2284aefd7b6548f3,0.09175981263938607
1cc8a61d1dca4f84,0.09347324486694962
6e6b1ac0dbad4ee9,0.1282383026430078
a1371205398846a3,0.24017335794711975
e9a23961d8c14035,0.08678708867035131
9a907c4ad07f4c05,0.3454070741666739
ea88530e0731441d,0.673491229939202
6eb44ae973d14458,0.053410526999314326
d3eb8ad9e2b345a0,0.09145259149387566
5ff06c449168477d,0.08338363900012145
c29abce640054c9e,0.46496908317544294
cf19af4cb5074fe5,0.7932016241743864
d730bfdf112349e8,0.0872829729743985
b18dd6446b3f45e4,0.09559524269837426
09d65809a4944cea,0.14281220213637957
91d1c16d39804a03,0.10108252341321734
817f9c5d5a4a481d,0.8868110323586682
400257e406f642da,0.07612767795659031
d78f595280f94eb9,0.11730222022172135
2b7fdc7976cd4655,0.2669673750378514
667a17885d2b49f8,0.07455903597422016
68a1aa7a758044d0,0.3944320754628042
a37f3b59e9864cee,0.14437196597082103
7a4c32de469c4e87,0.22883658604249835
2fe7b1ff1ea3421b,0.3104946832268446
bd25a4daa3df4d58,0.12431060373553562
07e75fa45ee84f9b,0.09344789925408598
7c23bd25500040f2,0.11158432655026339
0e6308caff6e4e69,0.14877144779427992
d82cd9ab6ada49c2,0.07352047580826178
d9644824dc3c4435,0.1331833955273524
a09d3cf285394b94,0.06514260141065885
1b9c09413ac74323,0.5045116170500301
dc4f3379853d4830,0.13921415974931542
ad20217f924d49ff,0.13818904020271838
266bf4e0bf954fd4,0.3683059295189462
e0c0b62612324f72,0.34192613512296427
ddc7126f3bf04d47,0.1414069980098544
de8980e748e44a73,0.1418654978413289
3955451c784e4837,0.2584173766593366
bee717aa7789462a,0.09786139972880838
eb91f85900734e88,0.1795402434201846
51a5c451835e4b4b,0.14313069069037804
daefb8ab2cd74493,0.14465367243603106
041cf846f48247c2,0.10870330931587159
2d1c831936c3406e,0.14448886086480084
6b9595f0285e41d4,0.11434266019245232
5476cb93717d4d42,0.0718922278621086
011c6892b3c74130,0.14454450330256544
b9f1959b7b304209,0.05609945163850596
05ac57b3315546b9,0.10811756302156628
e39918503f054396,0.1212107673261258
178a911947474685,0.16298062084947604
ccac71b8e04345af,0.18494537072293168
5fd8f7e810394f2f,0.07191211006219127
1fa60f30e9ec422a,0.13271138131092297
86b38291e7544c73,0.17768998418058318
3a14272d47b5484f,0.13918116206313574
bc7eeb9ad2f74713,0.14494326052273437
62be77e5776c45c6,0.6464197555722753
788ca89d82184c57,0.13927071342675304
ef311d84d25b4316,0.18860242936260876
7ab8680eb6414b02,0.1299476304581257
e3833e0baabd48e6,0.10245692100059305
156955fdcc5d49a1,0.13261211853372426
1979a93a2a2f43e5,0.09308402141653921
02fc7512c2044916,0.192154580461297
9342ba18cc444104,0.14878884428242914
f0c6febafe39474c,0.1451827199084625
790504322c8149dc,0.9230213558403801
10a95118c5a94514,0.06490512287689602
4835ce0ac5dc4085,0.6547861733446885
894218ddcb28472e,0.16665629566743226
bd86a4487f0f4db6,0.14578402172427513
b4c9c8a49cea4fed,0.14526881244895523
8102c690faee4f62,0.053892456588369615
2384a963952c468c,0.1060825679158591
a42436068a4844ff,0.15258485111391504
f2f1638b050c4d19,0.2402013728224283
8d3d4742adfd44bf,0.044577697855349416
a91093bd689b4e45,0.09877329406833517
b597fe07bf0445c6,0.09621369837469064
36aae91fe50a4750,0.1462620431000769
dec3253213684090,0.16821214100201495
c7e19c249b154195,0.7664551038716929
4d02483784f04c0d,0.14857920383690165
87ffc0521aa64f89,0.7374424302366751
6f28eb47a1e54dbf,0.2293861256962119
b765c009e9b24f8b,0.14848730211653144
f490168e301845b8,0.3552165503509493
a7b0ec159fc44cdb,0.16085943735853112
d5d60decc3a84b76,0.15054436305659366
e76a08c3930b42f5,0.33301952657875233
8db53d7f6b4d4856,0.24818607032575998
bc89eaf1530945e9,0.4571660113489762
6f42fda1baf74ec7,0.275765046099367
f3306b17abfd4da8,0.09654168664234614
735c6e3692384d70,0.0846529931867609
cc047fbfbc0545fe,0.7213296074165649
8c740c7d69d046e6,0.7756057837727006
e56640232b87465a,0.3911424291533755
015074166cdb4cb7,0.2866700266891455
5c6f9a627e8b48a7,0.36776337601457926
b3420129e24b4082,0.1598995446534739
47595ccf31014808,0.6737611574745674
d402a75bb12c483e,0.262589279394017
d2bb0f03fef74645,0.08465689262143115
a416065d8b76485f,0.16481823218784497
5ac78fdf35354e40,0.10981778440617768
0fb0c950575b4ac1,0.5806418409975846
681e4cafde784dbe,0.10669161786757764
8fa8cb29090f4081,0.2607610777122612
9d8aad09949742d4,0.19834864692699825
b255e0e85d2b4cf7,0.15551994962811738
3e2df0f2d95340c4,0.11758756083648977
f02be7effef347b5,0.16654818148116418
0bead18b836c46e8,0.6523677132367978
115d0c7f40a64556,0.1622954918144189
e965d7daa469414e,0.12905469327451066
54097a1b8802456c,0.5418404929131299
28eae2303bf5429d,0.24888675924822876
2898adff15854d26,0.15531749685531548
e5995d1db37b41ad,0.1755519755195161
4167f38e923b4f84,0.10756179474215113
acee4704b3434a8d,0.2952962996314217
fe918ebe483c41b2,0.2904718868192437
0f7b926855ae4a66,0.7889654815256053
7b8edcd95a6b49a7,0.0858412417067399
b74576cb0ea04230,0.07761311169308835
333bc48c1c444a6a,0.41907560426017726
80e3e6b3fb954481,0.06225829638549795
ab3fa65d9ad04949,0.1714859217685153
4f162369513342f5,0.15521471363049968
75246f26af1b4e4f,0.19391279187423618
c0f7de6ce6cf4ef4,0.09685925789051031
5da02927730e4a55,0.13407731283714008
1c9e6ebd52444cb9,0.08081466324379726
3c0afe3c48ec4573,0.12036912820582153
68d3d50f0f8f41ac,0.11357237391822267
89c3629fa8874f3a,0.11689139374453737
eee43ba11a9c4a04,0.6632647381150932
3ecbc45d2d3d4bd0,0.8142681530935256
e2b75350c55d4e3e,0.11502450496263794
b31146275a2147ff,0.09707887859193609
af7fcdd13d464690,0.12656934507762943
c34f768363ba4258,0.6310015790337955
9af524971b8f4a90,0.11811521235771831
1d5526e7fa7148a8,0.10225724929298949
86efbd37920f4510,0.21957233408823024
7ae65664949a4e07,0.1251095484586924
c48d59a1757b491f,0.17537759447295556
9fb69524e3ac4361,0.12491300700720061
0ad2de4449ed4ffe,0.23710182501910076
849cac66f2274fb2,0.31069067156416313
947f2b9e23144044,0.1566496418823029
6d36b0a4a3a34103,0.08821918021928414
d7a4c195ed3b4753,0.12311161584715911
8f4c8b622aaf4f09,0.1554652184283811
9a51fd78a07c466f,0.16599670837952202
69f5e81294f44af3,0.11426590452013853
c8f0e689194b4a44,0.11623413548574967
fb92dd0429e04497,0.8442892389864465
851db3c739f84c40,0.10336365447634394
8c1b2b35573f466a,0.07576554514341753
4c78dd5e0a204a8a,0.10946559579608826
01beb4e6b94942f6,0.37023516499772774
5807a63e5c1a46fc,0.36454437012305785
aeb3651a063c45a5,0.08516477101606061
12bb8279966445aa,0.111742511958382
f7bd1d47e4054f30,0.0986350628875525
ba4b9d9c47b84844,0.0972045930858295
e20116bd7f7945b3,0.09388971616100429
e70d96172cff47e4,0.2776001554301062
a7defa61c4984502,0.10780202823283891
c77d0b7174c04728,0.2821618162222677
2ba2c721461c4bbe,0.12162717373057605
e30ccc239c884ad4,0.15139500233328287
5ffd4de44d18472d,0.15846443590861337
21ed83ee1b444c1e,0.09755461757937771
ee9573c56e8e4100,0.12537520178488773
0dc2a0a2827e4936,0.09152320130201966
ad4c36bf95ba4977,0.5537152735728494
bcef4f83c77e4020,0.6279154565811468
f67485e808dd4315,0.08098607988333353
91a412fd5ea14d8c,0.5091868626131513
26e9596a7e9e4691,0.1811502702067229
a7e39a3dbd134b86,0.092275680055201
52801c6361fb4151,0.07871914511509724
bc9c070ac7b14892,0.15629157184669773
f36c03151d584a41,0.10410103700492804
e4f61f2e98ff4cad,0.10763985183991237
f57d7b0646ab413d,0.10427377694019592
2a403034711543e3,0.062448648514600906
2a56566b86d244cc,0.10167889588910883
8854f2f2111d4dea,0.08101760029753527
652ddc29a0544979,0.10379938481201832
72f2c0d3843c417b,0.13890870245722295
ab129e993e5644a1,0.1877757819737938
2032b61e5ad84d58,0.12355854399457536
92bc8b954da64492,0.10129941953780336
40b8ec6b7c04433c,0.16952618906751082
e87a719d6af74b13,0.08637158087718269
2b209abd85184544,0.38785787364644153
48635cf6169c4b03,0.12734331968818496
c5bea2aea5864363,0.11848909994863864
99b0a7b0e1634adf,0.09185542001138831
209c9334a3004ace,0.11043147179636185
0f7f304f49a646e6,0.1145919276218082
13e88a00b2a7473d,0.2911396934230552
3c3cd90e72424322,0.27432813586528887
6c34d832644c403a,0.09971584097494085
912e88b4addb4ca8,0.1005252099386841
7eecde013c644e87,0.1111574223069641
22bde733a775432b,0.13261190062886466
b146850b67004146,0.08841223649685903
996fda26791c490c,0.11081968975458018
be38114b432c43e4,0.39844201421655384
e66f15adcbcc42a4,0.07896369433258967
ad26e85704194764,0.4134187115569174
9d9f5fa961d64203,0.14687481752283368
39b025173c89457d,0.11245770674175115
25bf2dda58e04f9c,0.1365795037682373
ce66702550654fc3,0.08618619142714896
d34189af73f24807,0.5113540887499931
90e7cb906ad1478a,0.31634771497003744
37c9d2a4eb724e92,0.08558479272268808
6eb235a6de414021,0.4888668459909648
ce53c65d064140f5,0.16264210539618185
1b9bc55715674abd,0.10212515248758129
56d17a74fab3416f,0.08144292448518103
054ac4774b414a57,0.36189384229277693
31ad0a8170be430b,0.1312543268633032
bcd7dbcecca142fa,0.10155084705975195
57e57633f2ab4c7c,0.09168049174049957
f7133f5fe6b8418b,0.18723991792394765
31ab8486442b43d0,0.09508491297094371
e2b8ee8de3f94412,0.20645892319366713
e910c75b1afc4baa,0.6172261975162003
869e7bb8fc4e4a9c,0.15546001039723073
d7cc77d24a6541bd,0.09311881456466646
dc24a75cbaa44e6c,0.3915986401653307
5daad2732a8f47a7,0.1179093347537411
e9b27feb115941ca,0.0941017456951884
f11b2c0d66764c5b,0.18763063407470643
4c6f916bab1343da,0.10678190415812437
0c32526e52854d5e,0.13477618295674682
005752c7df264ba8,0.0957992196411981
e5bbe8460cbe4ad8,0.11545488727592138
2c224d3babfd4f11,0.3146871416680926
a95d0381f17f4a1e,0.09825413400959492
f27bea3b69634bf8,0.0942615687792107
11b0f6f5a57648e9,0.20200931764535943
abe3f394cb27489f,0.6808782610051727
02648a1b6dd041e1,0.6615414735073051
725e99cb182c468b,0.29580950153869595
5d23bd1b07e144b2,0.07883552238214836
28b781bb4fc84296,0.14246569175166945
e6060eb3d94c4225,0.0644806081315589
6830795743ca4b12,0.2176411240337029
74f4f634a6dc4dea,0.5515661500119344
023f24762ef1404a,0.13633331359734577
1dd926c211d84e74,0.1066108325592048
20fe9360b4ee40d5,0.18280172672662498
5d7d25bba8a34068,0.6395214635523603
8fe305cef1104c93,0.25884514866313124
025728822fc2489c,0.07732974972584834
8f9ad49a0409494f,0.8060240205626229
08e2562ab81b4f87,0.09790052859130938
cf730d614a5a41a3,0.07998734143817567
2cc7e87d39f949f4,0.13574729133752458
fcc296ab4e02483b,0.14382935854166568
c3ca903db1f9478e,0.10229015468489248
96b06ac323494ef3,0.08085103032800821
3df0053a9c20475e,0.1378037962416887
1789e71ac5b440dc,0.12779434203462864
b37224eff8b1444c,0.10957336162115201
ad44079ae5cf44b0,0.09851393747386725
8f525814bf2f4d5a,0.10152992516935222
923f448127194f8a,0.10719319275951592
2ad00efd821b4ce0,0.10382718340798062
fc35564fb110409f,0.6117102844469923
ecefcfde3eb142bd,0.14976978221340478
d1d58cd3e31c4687,0.06692579309289563
732577df55fe4ca4,0.08386912500774944
d5cc65808d154c25,0.13681109784604362
8d3bc84e36064bc3,0.18295524179489445
cf77cdb50f024064,0.33491609295771424
51668856d7cb45c3,0.10872444767700255
03ccfec345554c3e,0.09560847627137095
fbc1c66a28ac4dd8,0.26669254259678493
c2b08f721b9946fa,0.1619912383703673
145dae7447704c21,0.10975976534736931
53ba3cc6d071445d,0.08158285541659169
64d3bbde2e0d48f4,0.1043586242313453
8a3a59960eeb4a92,0.11381038939701627
9934900a85b646a5,0.1824194495521177
dd5c573686804f8d,0.06373840049374037
91007dad6b984052,0.08072369596082928
42c1b54525344441,0.08432583196528393
79e3a85ea1204d29,0.16833912403091894
b5cfe7346fdd4fbf,0.12687054481421575
b24eaffc3a3b4547,0.08464698709960945
600648c83e5d482e,0.10731889969530327
c4bf5d95eadf4109,0.0893792628892409
926188a3ac614447,0.09796382002822923
f210cfdd52b640e3,0.18909766309027362
6cbfe62eddf14f9f,0.14132118425334883
b1fc97e81f3d47f4,0.0716987775397756
131c73fdccb84028,0.09702385505748765
7d98d2ef98944dd6,0.08347991228169288
024908b6643e48d0,0.20253712335335272
95e499a63e784c38,0.10744728369903501
d2f66672baf64ca3,0.16375343134158427
f3af5a804e2a4650,0.14675526640424952
bef5e0f5bc8d462f,0.09010101097055634
5432aa2e1df945a3,0.36122191950506094
6b853d2b3ceb44b5,0.2276287019957826
a5e49853ea5b4664,0.44006047325931985
91cf8f93e5cb42e8,0.4867200597615515
1a24129e17a040cf,0.36915669291710584
3edbfad82cd245dc,0.11265479829625452
940cb2f8ff1b482e,0.15912570959048886
75242a6329a9491a,0.4424975818240979
b104f41e9ee04c7d,0.185901976507535
9b4831ec48c6473f,0.11732426677497103
512ca8fb2edd4b58,0.1418709103781298
39b5ef1c71a14f3a,0.07505013279882043
599c318787c942e7,0.22205867378497543
05451cbf06bc4d7d,0.1072105156345792
572f357580cf4ead,0.34404505374390143
178532864b5d40d4,0.7327729580537214
b3a5dbc78081443d,0.45565726621291125
e471a186de8a473b,0.15826772811767478
7e72bc8d370f4bcb,0.09473999166120363
6147f600f866446d,0.11140185659689295
d6f0f892a899461c,0.07527552349489773
b225f5b2232046ce,0.14737279112747614
4ae4a332817847a9,0.06961915344261194
0066b8e15c99492a,0.13257188854457924
a60be624cc5b4629,0.15505795636526332
941f223a16434ffe,0.06441382287489793
cd2a6dee73a347c0,0.10171018684350495
f2e26b2f24364c4d,0.09302450542203042
1bb0306584b14cd0,0.3121681143115008
d581b4e0395e481a,0.0858158302261956
7fee0c99eb2b4bf7,0.08644986320273723
c3a734b220b24c3c,0.09152148884849004
efb5a75ba75f456b,0.22014522348076782
f7a1594e22f04afa,0.1311669152501807
fa0242243131405e,0.2916900083529109
1fc5b3fdc2224d08,0.09761088803767895
964e58f42e924576,0.17026591534973975
0f4b3130549a4f36,0.735674457861129
bb78290409c94067,0.26696465109157025
b12b919a97a94803,0.18268027903029507
a35fe54d01da42e9,0.4114129320370799
17193a3503f34c19,0.4118034014375284
5cb7dfec7446419d,0.39256991699271737
dd51a8e3d2504b33,0.10325440082810869
aa0f6f80bdd246ff,0.12244173777491062
4fc8e502504c4936,0.12229021651021181
78d70dea2546435b,0.2303341515498866
2fefef906bca43de,0.15210886993454212
798ca5a0935d452b,0.2541624739275562
012a2a34fd94439f,0.12532892906131649
2f39df9a16d147b6,0.08414807751394993
e4ad9a4a3f9643ac,0.28096979668277516
5d77643336794212,0.17606099230444502
36adaf6d219647aa,0.20791258457759787
0e5b9cc828c54f75,0.15676096226751282
9ea1faf44ae9426f,0.20622313185912652
b530a0b7ef99420e,0.08462271241387827
778ef72dde594a77,0.37897919919489875
6f682ad47c03409d,0.09487693836967254
329cbf63952c4515,0.12829355108394666
fca618f6d7c74731,0.09557332216903276
1ec8cc2b0d08447b,0.07886863809781192
0252d64bbb524914,0.10979839491927307
1dfc9170afc94a8f,0.21913059136677565
0f5b8a4bf868445f,0.5410846927493984
7f7a4dfe62e44ef9,0.21864673153988973
144b0b9d24454720,0.1247550331246209
8c87a4cc779f4c4e,0.1823339261080831
a7d30092181a4f48,0.2206519504482693
82743bdc109d4370,0.115044818317433
b2f03c350d5740bf,0.21877191603074903
0b46674930e1436f,0.07875130872325654
0afd4ce584124d9a,0.23855203354140553
28d76985cabd4e2e,0.29356864651762327
56439c75756b442e,0.0689135206954872
b794f2fe9b6a41a9,0.08719068944119795
bf27b17ec2c04116,0.14353843852816484
7355b9b70f4c4085,0.13507726249850566
a0f338c30baf40cf,0.07054787470298622
98294a81e58a4868,0.1961386785737593
3bd2c7ec4afd43f6,0.16317031495216625
d1852ce4ad8047d4,0.07760643872226186
8bbfa5ee98844b47,0.10140004606852612
721acaac9a65496a,0.05774885644384818
ac4dd530640046b7,0.21794154815430727
e721ff2dcb6348af,0.10523395908114902
9bf5e653da8240b7,0.3228967676473833
2ee8d87d7dc64257,0.2506007536278372
3e7d4a79f92c4a19,0.1428628238592045
a1346b20f56f4f79,0.12653188425217637
dfe8794256114ee7,0.30466275624294703
045148b7aed04c7e,0.22628167861569543
ee79e3c0f34d41ca,0.10282127251645247
21f12f7607124eb2,0.09762342641472883
90ec7a84b08844ed,0.11339316101307961
f2a9ba4a79024df1,0.13944426012870004
bc80f8c4486d4e8a,0.09030656750390423
b8f01ce118a94e3c,0.07936780634334066
e7053166a7a04723,0.22387694849317935
2e6ebf52283642e3,0.1011619523890699
0fb5a9d969d14f71,0.1465004995714688
49f50b71424a4503,0.24827450515655777
b91b0402a507462a,0.08102593449575012
a42e340d1baa46d8,0.1092487690814366
03dddb9a19084100,0.10003623351626112
1b1f1302df844ace,0.5875659504579849
bd1fec87d77a49d7,0.0686293936041058
6bc7443b82ab427f,0.8135010203808754
5371a715cc5e4975,0.5628489884705504
0da9bd8e392145b1,0.14386576938492993
fb7dc892a46a4138,0.14858746942284606
32a2cd3810ef4484,0.06946650138266965
d73b847e98284d91,0.16947877560054758
d5766c00084f4fd1,0.1685769423445091
81ad75396e8d4419,0.37102878293594316
361aabb91f9c492d,0.1600411523722558
b532e43ebd244fe0,0.2303440858330731
1722dc65984f4262,0.5869307317213994
831a2ebf7ad54fce,0.06701450331420002
9d8eaf142b2d4895,0.16242005899739112
beb58e3d78704a0d,0.17585957913619707
a7349eb4794645fd,0.08416620296995922
85379f8eef2a4964,0.16208552389658154
0b8f8a04a5de4c06,0.10697857082831776
48f745d3d19a4833,0.2774308860561323
c7ad3779e9094fbb,0.10733640885289744
4424547b8c2f4f39,0.12673277635694957
6d56a1b80d2c40fe,0.10606543778123026
e5263096abcc4cdf,0.2331271181689169
3fcb9d715a0c4cf6,0.11703930985154354
4923dc447c684688,0.08852268262792018
db77617c238942fa,0.09638502263227995
24567ff185c748a2,0.12752475979815311
57658e8470304cf4,0.13325457840558663
5c9588645b6b445e,0.15949089285155657
ac0b9cae3e3848fa,0.16329234625386352
17c66664c9594d48,0.1765980511918968
73efb3552b944b7d,0.08509090722235826
fc6b5647b99d4d8f,0.09678777407739116
69bdd9c93a8f4d56,0.44785055444220667
226be0e032bb4523,0.07625628511847096
8dd174db11c54796,0.11746941791115068
51ae0d3d9cde4d61,0.10543877487487958
42aa28d7d7254753,0.1759221687225941
b55e7cce3d4a4568,0.07008582451218258
05fc047a94984e3d,0.10231608856746141
0a93be2ca4b44e1d,0.1726209319564547
6ea93ae0fa764220,0.09192092447746475
d7126dfeb7454490,0.5504559548108017
41c3f60f1fd343ce,0.32636248116415256
8e03e22b8a324319,0.08573249800515452
c926dbd2914d48fc,0.18206982441934708
cd0727f6ee254fe7,0.08191445409021451
5c71028300f24bdc,0.553607082946044
bcfe9ef39baf419e,0.10934924361248226
a82a673f615344e6,0.2367429381800288
32a033f628ff49cf,0.17448457252994332
2f04dd0beabf4e64,0.08603816830393513
ea2adc02313c47f3,0.06594671102483443
062c415813d249e7,0.11670009006705279
4a32a7ea7b7541a6,0.14266266441319414
75ee52ff95db4fcb,0.14538672721061494
ff1a40afa39a4fae,0.10703959097469892
f55ebe7fdea74fad,0.11672658588547871
a56cb1c5139441a7,0.24870245614493117
0e05b6efe8bf4bac,0.15488012726090508
930323f19e904233,0.19818742308602605
619849892f684d89,0.12968558513590028
627c6e04d3554b11,0.10668624676508119
340893a1ea09447e,0.10946035978572746
235e0937028045dc,0.09748535822372531
26f295ed7b614312,0.1416398845950731
5b9386794ebd4c4a,0.7147653697544901
4c4dee4a75fa4f6d,0.11081074223774028
77d5c213b6a344a1,0.09421836035663658
e2678416667e480d,0.09152258727865391
2e2b18dde0974a25,0.12298834074728722
2444a48393684200,0.45478737330700775
fb9da22b74d1419d,0.12177784256450999
673f887efadc4603,0.08983411977187822
3aa6e51e9fb646c7,0.18048673209907662
127d5ef04e9341fe,0.08808169608946101
08f486924d264357,0.4964784153330242
8fa67bffe0d54126,0.16792583166319763
1802d4d8de714db0,0.322863959669629
e4cee335088348df,0.09164424961527592
dd91d78383494d11,0.1593754418690094
0f9da2ddabdc4a64,0.13742819278724946
4c2f26ea206a41e4,0.10210171985550477
f2b35713d56f47e4,0.1531548966927816
58b071bac041495a,0.11414001693497534
c63d441ba4914cd2,0.09689009170124514
8cbf34c230bc4d5b,0.36119620714588563
e54efa9057b4497a,0.24919590942792114
c97c764be8e34854,0.37535740182478144
6e3ddb22aedc49c5,0.145522387815376
a48fd445c9f44231,0.36959275673395164
25c4b27ab02c4ddb,0.09252897448246715
d4fc95c476a843a6,0.10116181153570834
bcc51a0f35624b6c,0.09394824337399113
d7d3bfc61c3349a4,0.15248765447134652
cea7996bf5174202,0.11940669772594834
e46adbe24b4d4fa0,0.13387724824370303
edd74bbe1446439c,0.16524528377009776
ab5d3cc885294fd4,0.6065255403371468
c8704191b6134e48,0.3395691014739367
80b2746fb8e54429,0.13646828536497574
2f417b531f264676,0.18623202326407443
8c5ec433f7824a8a,0.21997906254912275
283044ac9a464da9,0.12879627237599753
56fa68d3aa794a43,0.09069823147338935
ac9d2062c2924d02,0.13178252254744668
9e97e97538cf4437,0.32391300460515315
6845ac7acdb84919,0.24861260198021928
90fe28992a7d4715,0.13132500480628376
e1cc32fda31c4d4f,0.32020540547485177
2cf629fb394040a6,0.48032435615660846
4ba190ddf0d74a64,0.22137898571945308
295bd53a5d9b463f,0.6553447467434441
ea3c772e10134799,0.370711390769252
f89f39fafcd148e6,0.1252941466188669
2cfd7dbbde86481f,0.2795922751123658
b4713c697d6f44ce,0.16166161844298083
fc385981e218478b,0.5080989758172959
1a717188ddce4eaa,0.25203493122536835
6b22c1b7c26f46af,0.09502557545094897
dd9a2c30a043404a,0.21341231539905134
a33e66cfdda040e4,0.08739326263675654
a1884fc2ed5941f0,0.10162953152528266
486cbc5a7e9e4bbf,0.1351557042282942
525ad655d94e422e,0.11662078010471078
3ea21a1524514e59,0.11239696066918073
01be3c4a70b7430d,0.09874868168882259
d0ab9926b9134e6b,0.4530610780786588
e6ac0a16ffa74402,0.10063265910579024
0ec6f8f3e1394584,0.10386723487879115
c4e172af363b457d,0.2842635053040744
8351def4a72541d9,0.06449712346891726
c632763f6f914413,0.17145182451789226
c11aeec27a9e47c4,0.1293024201773015
c519ca9af4b84828,0.25936679381794553
7bc44a5fe7bd4c86,0.2379793065014662
4ff6a12e969645c9,0.09745786988121466
3bfbfde626014a2a,0.7867581355391429
a33f0fe5ee034e1a,0.15220769736556464
b5ffe897e9c94400,0.07866235197852825
462cb4f1f6ee43bf,0.09734917079895539
4006935e99cf48b4,0.13710047615604917
38c1f648ef07418f,0.14452017221589522
65147f1162674ecc,0.15398874353876435
b896c02273dc46f0,0.6083114156465527
d2ae8bd9c0d742d9,0.1256008510664595
d6820f3610154573,0.08526296372572818
bbb5c535adc44ab7,0.10196770792707738
cee8b03b5c2446f7,0.18876574811080585
4ab57fff33d14a91,0.10848712388799503
2afc0093de1a46b4,0.14342562699219275
75675e624cc44929,0.24010960634268796
0b0c44b43d3f4774,0.10501614927451129
7e3f6bf8e35c44ca,0.1614527084672302
b69ba4eee91f4caa,0.6799129996872414
a166d851530848d2,0.09094754912587474
5ac115911a024e5e,0.5456645441636793
807c522f44134ed3,0.12575153474365097
c4d4f762b3d2476e,0.6331421987381032
19522ae095444fd8,0.10238421465764083
38351301182742d8,0.07436611098905709
e8a90c72488c4641,0.4224570624870752
599e8b6572ae447b,0.19435836491104008
51c9d9a6142c4468,0.3331541066368459
4255b5bc2b014ddf,0.14798446506335994
72311cfda1d84186,0.10105682634614936
988f23204d444465,0.09380985152507774
1d88984a085545f5,0.5278972133348836
796812bb55324346,0.2710070003393719
21d2523c18984770,0.10578574679932609
fa30a0d16aee4403,0.2566196427186568
1a593a16f2f84388,0.1173760139211345
25f71e6ed2354747,0.10747445626082361
975516efdac449a6,0.10037758643663157
e0deec7440f944e3,0.1047149500648299
899771e90e844b71,0.28044272770087014
214337db73674c69,0.1402189231664146
7208f89b619b49ec,0.126949875105112
e16e393965f44381,0.23904889863413578
27fd77196ad04ee2,0.07063811668469706
ce5c1b96863e4d54,0.11933540853359302
7c6d5587e437433a,0.09915165234970245
61dee24f90b64caa,0.10341960047699558
0c77c9353c76404d,0.07215725945542183
0507bacea7ab4361,0.1508581831177011
8e8fd848945f4589,0.2638030784452757
933ef871f3884806,0.25753893483552703
9856152680f34809,0.2054690424570825
2184c4f54b5844fa,0.38096679836692443
9f990796fb7a4c4f,0.1403422739627007
21b4c0d76bf84b67,0.29422033808347525
efe61fa82bc843c0,0.7093800191848344
f863a7e46a1740f5,0.07634653907747475
ce6b7c471167457b,0.15691892800324006
76ea85bdff2e439a,0.08916766433337361
382e7fb8a31946c1,0.10494682098762116
013c70ecc5a64e03,0.23394405628822498
32a75ab7a4fc4fc4,0.3138392201747026
885ae80bedd548a1,0.29925790478778475
e6687c8efdc04b5f,0.11625229089011786
fba6c51a23c74387,0.11724321108093363
d96debefceae4439,0.18056550060302543
4f7f957205ff48ec,0.08896935355279174
988835c4d78e4d35,0.09011190749956884
4a59de1a4dfa447b,0.10698387573082727
e845ac1c8dcc4b94,0.09751315370801762
b5e303d7c5944745,0.14934534765951862
18988931d41143f2,0.2122915885913691
e34d0a75ac5b4c7d,0.45557148613734544
dfd28245e99a4dee,0.22220631826419965
3f8b3e3f7f834e6f,0.19781355846139656
445387da3d024f72,0.3076673380737219
eba627fc31944587,0.3103116879142717
87748bb39dea44ac,0.2183460473352789
6274b3068b194c9a,0.11073260984875853
c6361a1c76a0442f,0.27202515025327456
ffcd7cbdbb644b86,0.10170583815391777
b10e66c2ddb441c6,0.1783688503066636
e09583bc601d41a6,0.09148516142998002
dcf6283847294cfc,0.14125762801487646
df99ef9567654fd5,0.09601297446338038
16a2704bbef7479d,0.17200021128010884
b3d34dc4d67b4631,0.1016420973334641
89775aa7299044e1,0.2498441032228901
cfa6c97a56104ed9,0.5653882955142153
e109353b28744f0d,0.5114025606176247
e522721cb7ad44bd,0.16441644005431197
c1038af6e7324c71,0.15630669489957796
daa1f97ee62a4412,0.13156295143713642
5e8e56e4ab5f43c5,0.13307476055402237
c1e528f92e48463f,0.7112144755221053
805a8abb22b94d37,0.08209547055833553
ac65b62d34454ad6,0.09810466095753116
c2ab095a8133469d,0.4380284232780554
e2a9c7babe5c498a,0.3404494937388115
0d6060dc064f4b09,0.12286771962907984
57be2be1476d47bf,0.574964641042535
ecf9e73c4ff04466,0.09581832316090136
c1583e9598fe4384,0.09631040013442332
e8824cd4829c4a38,0.10173480263556219
65c19b23c1a047e2,0.08910679781896973
c85cb40bdf3d4735,0.10430152532749261
b3d25635f5aa4ffa,0.12458578443625788
a757f67fe91b4cd5,0.4809377964378799
6e55a5cd3c7a4099,0.13944519511354922
12d70766024f4cf4,0.6559418140710475
5d36a627d7d54a45,0.06428613740523466
dec150cf9ddf47e6,0.12115841887694155
d32be8d325ad4039,0.13734074774437688
eeeb09032a8e49d6,0.33947543855725626
a123877554034bab,0.09392540514292261
858dc5ab004b4814,0.09314777820789613
47f5b13e8e9143a8,0.10025031379882085
fcb3e5db48364079,0.08508858419985008
a15bb67f60de45fc,0.16297308487954013
008347231fcb45b6,0.608019535363413
69e1575851f34de6,0.17462667892637312
08412b2bc6b44d7b,0.08753157450711474
dd052097363f43d7,0.39787883668931695
6dc1ba964f2642f3,0.36558155612614307
eef0b3107ebd4ceb,0.3813101889569786
be916560c0fb4b52,0.4241990076802442
0a1858b06fea4e07,0.09235175949292736
ddbb5416d68f4c19,0.4790639694772038
ae706f9c745943f3,0.11352837402599322
efa95c621e9b46fc,0.2788688803481126
030ebd9508ac4650,0.3590297625430127
df5568bfc1d64f67,0.16395166575487657
c190461968474833,0.1222433460416981
c8c0e4727d814c7f,0.13514393248695358
a01ca1cd976c4d21,0.20230712048533261
07c0e3e47a1e403b,0.13050360608561204
c893073f747142c8,0.27254059450184004
f3c08e5d75ea4a60,0.3489333902790622
c176ce9b9d2b420f,0.16573829272512564
985d1c65bdab434b,0.1303933363553384
aff385f5223e4ff7,0.23080068743964263
db7b4eaee9ad4ea6,0.13639471793802527
2efd8993c48f4c9f,0.18975946336285318
2f853a18ffec4ca0,0.09762937484887782
7922914c6b2841a7,0.07345448042528709
74efb1cc57ec4aa7,0.08459883606114844
66f91010bc244a0d,0.2509437776989016
086535b2e4c14e28,0.5818398424900607
4b283070784a4e91,0.2516186450647011
5abdc075635142f8,0.47718846131802756
fcd1d4ca0d20413b,0.7091166985245397
4be8ccbf9d444156,0.09420442187226179
e8508c8b046f4e41,0.264961449060397
8e435ce3bece4ef6,0.22613386654195455
a260b3f4575d4456,0.6729362250281065
77989dcd02db4110,0.5032850156081119
485eb4bfd51a4c9e,0.11580769590009485
e1019e2542ad4f9f,0.10605654974619654
ac5ea0cc5a2342d0,0.1668937896378059
0acc9e78df4a4222,0.6974517552762087
2f11600248b84d79,0.07926575607856277
1a24e4b215804b29,0.4947742483988877
7e10389225bf4f28,0.9022631250211924
cd436a675bc644c6,0.2975825235953114
807bb3135a8444c5,0.2383093264230272
62753f55b3d04493,0.9230545216691557
9468d9d0f3274742,0.11099069048483579
ff12b2d1f61b4d7b,0.11694911152360374
81fe18c4dd1844f7,0.11828520810182477
b8dee5d3c536469f,0.08787564936340823
2b4abb90e800434b,0.08278091472734217
8806e61f9e924b5e,0.13087984529325336
c4f5d470ae9349ae,0.09075483452814498
1f16dd2707014a8f,0.108302513432056
f7648d7fa4a04be8,0.19296486938063478
b92bbbbdb1334c15,0.0903650691319092
dfbca34b128f435a,0.09212944383238268
0ce04c3e45c64296,0.10798790339960386
726843454c8d437d,0.11077155147910767
2d81f0bdfe634876,0.1149311746066955
751159e3f16d48c2,0.13995070855309097
8625ef4379014685,0.08059352643773222
e84ab8512f3347cc,0.09911983918806505
7f025bbd25674e20,0.1042398122255906
5f3d9424788a4da9,0.05902871586207951
0b62edf611f74c87,0.933351563701897
e3a83fa7163f4f1b,0.8431585704540211
9c1395e01ac849c5,0.1067393286345625
468274b532dc4d5c,0.16355867277871755
e0655fec08c34bdd,0.09287430633190585
e737129092fb4f72,0.11199194989102404
faa78017ae8d4fca,0.06461197230632479
5c25943a43764c59,0.12189686364717904
8f2fd5c45fae48a5,0.21947026260854838
bece291b75d94523,0.24112817472666076
629724b3f27b42ae,0.10104692406811765
6689430a7f0e4ea4,0.1252457864729619
ba92c362be864a20,0.19823272792649735
12fb3ab0f5b043b5,0.13725443727111852
3474ecc47dff426e,0.12678343616685236
905af6d98a8646b8,0.1630343607325539
9a19a0c5e4224cfb,0.06367508076320096
b22ab5ed24ea4776,0.1114551022967084
8407d3117c894d14,0.3030876652429127
e98380072bb14ae9,0.13355939862811805
1783c86c857a472c,0.07209866255792419
7952281594434d03,0.07922928291612828
9322f4266d9844a8,0.8470622415875414
f41b99f8e4704496,0.12051276952419449
aaef700887de4308,0.1009565631059927
27e3f85224f548b9,0.6923447612400042
f360857fc8ef40f5,0.15276256181775044
8b75b15addb04936,0.2718433239355832
7272140f393d4586,0.09114911268679277
0ef50d4f65704243,0.1114305576965547
e17d52b415cf41df,0.13152465907459912
43fc5e98e6d644cd,0.10515229883359907
96051d9023b346c0,0.1882752961141878
85137766b56f4603,0.7412174048278495
22a23a28eb524052,0.12265988996256137
cb31cff3d688455c,0.08431298999989568
956c7933c1c64ee1,0.0856464947979432
731b1b2eafa143c3,0.1928347953568412
9b0f5e70b461439c,0.11194672932268378
8be73e8bd191443d,0.30594010429436597
39deeef84f5f4a3a,0.2763163308787963
675a44adf6b44458,0.09518060268809997
8b33053abb9f4d48,0.7961347857144532
480ca28cbb9f4845,0.10526083286157402
9a394e491f414ce0,0.07772007800462404
65383dac68174cf4,0.15389613248530964
e8a85a48eb144013,0.1959581716387505
fa8539ce92214f1c,0.22846358069059416
131cccce4ee34d09,0.5982749995650228
d68ce3b88c7145fa,0.177798882120753
e4bfd9681b414355,0.19570155288112562
dc225751410a429c,0.5178939682960452
34ea062a849b4220,0.11108406621788648
447f2dc7deb94b47,0.1261050632130686
a7fc3b27628e4a14,0.22321675587258233
70db2e5a33054b81,0.19240951294083164
2bb72839608d4fde,0.15252839098750118
29eaf0cc617b483c,0.6231857994614461
72cbaae7d1884242,0.09033426686575893
0a92c56f26d14509,0.08806567189880986
267549a4764843f3,0.10788495639326302
80ce2000a65c450b,0.1246464097668149
d706562d97d24c8c,0.766205860180056
454ec569101e41f9,0.055895797166470675
510bdba6dfab48f9,0.09041800521187053
f3f8909f7e284738,0.18821835415640803
22ed9c92d67041b8,0.4402235259153202
dee2c5a813b84e73,0.09673411882165199
e700ec4c8bae497d,0.10064487626956183
d1c72ddb09a44c7a,0.06766994121485169
93ad083387a64947,0.19235684502046585
e0917ad680b04c83,0.09174476044376285
c97c6877a96f4fff,0.2488370954683784
d0bfa360cdba4495,0.08574142605393578
a4f56828e8e945ac,0.470610660048285
82bf453e37254562,0.0780610518140787
dc4000bee9dd4449,0.1073571695968735
3997823dc1e04ac4,0.09891557668714385
eee9519304874e5d,0.11941608833712124
9d3951927b504707,0.12042245152144569
ea00dc20a49142c2,0.4855617966942556
9ce58b25256446b6,0.09468543142508128
2d16cc500f8a49d0,0.23364038111976373
b00430f66cd74bfc,0.09151158535636422
1cef93798497446d,0.1239418567527428
147d6bf1e4c34502,0.13697753691569303
009bb9bded37477e,0.11708432771232336
fb91192ac7264eb1,0.08388645150411406
e99eeb8edc184160,0.10002213167147365
9b57cac8bd674af2,0.12062397384293133
93f89ed88a184fac,0.3494428724383609
12a76ef5bf404af8,0.1606422538817578
d40180758a5141b3,0.23104363604432324
db6c484e7d4c4068,0.777777199424611
71c36eda951e4f5c,0.05979111038120442
1c80953690ff47cb,0.15187974653776723
ce200b7e677347f5,0.4293142144754116
84c2ed2d1bf74014,0.08370707758193534
20fb87da7f284ef5,0.14820665743343958
66cfecf90f98469c,0.1770653611405382
dc0b33b9c0534d26,0.08813850543983244
6e67791a279d4959,0.1003512464532503
ba0ed45dc3f74489,0.11687444591836892
e80d66fb3d0545ac,0.14544583735515249
7d52671fa7b640ee,0.10284424515805571
1238dfd2412041ca,0.16739140336710484
c187f06c92674d2f,0.08392160166763277
13e9bd4c019b4d07,0.1459668927983662
944624a012e04d37,0.06646330096707381
5204ca80c2d2415b,0.10378761804189122
cde4d3f36fb24b1b,0.151100698104896
f5e479e02e6e409d,0.7116345141922736
5a4b2a77fd8143fe,0.11486104860053285
34aaf2d90447432a,0.32305174465495134
1796f5ae1d41459c,0.08295780014162477
0923d1813b1247d2,0.13599526658166997
702d2c02e20846a1,0.5142620748962775
af24889dc8fd44ee,0.2262669960371454
d6875df07c6e4aba,0.10081140791294266
844ec892f0374fe0,0.16011616984097984
9d244aea7c2249fa,0.0808225474292903
667a1d5c03794b03,0.17644413090852837
13f9dd27ff4b4640,0.09910977885336766
1e78b7fe30ce4871,0.2941019083701837
d4bf853e88ea4fc3,0.1035173340657759
64121cfd62864d48,0.19849746754930833
61fcc012e92d402d,0.10501302053451005
9888e79a913d4adb,0.09582654031277395
d487a221fbf54b11,0.08248332256862294
640b7d6ed0f04cf5,0.22864764700218634
870fd856830840c4,0.1300091492936217
31325c140f3546c1,0.17652277371947306
565ef9fe11ab4c25,0.1341129741456253
9abdf177d8c84589,0.09422801312926767
1879b9e5aac74b96,0.64440540116278
4d8ee239d8a64786,0.08245222690563639
29bef32626a04b58,0.14138590003331883
198564090e3c4f7f,0.38478544971011663
b889cffd67214592,0.19130491889054174
7f0ab646f57442c9,0.13382640100895
7d9164a6249345f6,0.14595852037445242
49d9d30072354279,0.13214061098506621
0fba6750bf4541d7,0.3051841414805065
998e8b6473ff4d65,0.16794368401586413
fb45df41f692479d,0.17002162219582245
a0a65fea02ee45f8,0.07618294122257323
ec5a28fe844e45f0,0.7491892710371865
93c9139a8ab94ed9,0.16608543547723206
491c4c552a9d4abf,0.06647031254147248
ffaf7665fd5d4ea9,0.0909493199159982
73ff345eaad7457a,0.23619780248705083
ec82f237fc95486c,0.11145651236252532
6c8e9b50307547d6,0.25385787484094835
4b5cdda93b2e43df,0.1286787152262224
c4551ebb56484098,0.22123474753503514
66d3c605e90b4868,0.08711346960291982
28ea0f5a77414401,0.0761396300495574
3f92e071aee14af3,0.10954362534157193
e8015b83c36f446b,0.09043308277058215
260055bb1af04f1b,0.24084372791383413
971225ed7266479d,0.1587069405471076
d0ab5a9b4e2f499e,0.08604409088416534
1912b5bc946b4093,0.08704133693070346
c760b9d89f484543,0.15702526345056658
bf2003747a6147d3,0.6531380856134239
b068f682d68f4b45,0.1431504052915734
cf22ccf41a714814,0.34828965872781364
d9366480bd19430b,0.09952923746370188
97c8239acff74884,0.21773872011874787
4fbc6bd8feb441e9,0.15399404054901414
faa3d9191e1245bd,0.15037642339121887
1becda0d9e6346be,0.10935533705074045
4fb1e8f79d9b437d,0.5830260075608011
9e9c9dc088704288,0.7286269102254603
34b5083c7bec445a,0.14544920233199088
99ba3242f6964d68,0.2068555104787531
5da3046b710e4596,0.07400441264024397
74a18a6424394990,0.09962660551440457
b305520180bd4f99,0.0948829655219775
c986fa93a4c84cfb,0.09619225535058697
251c526a8f8a46ae,0.6853850684698451
95dcdf1f780a46ea,0.42104990631379835
ede9f702c51f4595,0.2935431815804871
125ab7d841fa4d66,0.19305016699833907
04f5f388a85e4c2f,0.19036836846394384
0a698c215123492f,0.09347407207453083
bc6828a9dba54cfb,0.1147649575407365
cb8b26e691b741c3,0.09895028281473035
608252b46df84231,0.1035628312340268
f0a7c46d4c5b4af8,0.1296078358260598
23faebe108844f57,0.06268066520418972
856342e470484383,0.1700360077553414
384643bcd09e4f1a,0.20949896048494804
9eda467101d640ec,0.1637988447971281
8425e68be6e546cd,0.1540920660470373
748c2e4190344831,0.15945525400932664
45c5cec96591411e,0.26391987476265716
0b80eecf452e415e,0.15149778527255098
376ff70ca7d645b7,0.06388798171606697
ae2feab275dc4300,0.6264241158694754
875f9b31a4d8440c,0.17053255539619758
62edb4e5bb9c43f1,0.11971576769996299
7f3cc6615c734f46,0.1690755829847174
4a445225c2c64f1d,0.09742930817573082
2ea07c08478941c8,0.13762339596640702
c41c0d60d9474beb,0.43694197656793204
4078ad2bf2ec4202,0.10055512929738024
ba516ea057704e72,0.10096441242215594
0b5f74becdf54584,0.0824237518812624
585db1f299024f7e,0.11245275240688414
e7c0f1c406af439f,0.1949892422658143
73f60245d0054669,0.14985544300215375
c434c2a3c31e47fa,0.10873741605725838
a8a74b6216274c75,0.16548142812098843
651c75a30a124c45,0.5086175580002058
0a85fc6d61ca42e6,0.11031314702480718
3db104b9b4814855,0.13684674959584575
7d323917b2f34099,0.11194841155723344
0dac60516d824b85,0.18297143156186885
12bbdc9eea91495b,0.13079656822736732
c08881e9ddf3491d,0.23424430602609633
898df84bb3d944ae,0.21696145082788107
519f39ac79e34329,0.0850979480934974
735194b21328484d,0.2089896922960639
467207e0785e4b3b,0.4697648083402578
583f1fe2a62e4acb,0.2734891854565525
cd6f4f4d9f2c4711,0.08352310556219154
634a9c332d034408,0.08302841903595753
2b68686510354bc3,0.2644668325033479
580e9f302db74490,0.06793640843194765
9eb2267c7356448f,0.09834935797499111
0ed0adc015914244,0.11966865235613595
4c21fbaed83a44af,0.7446379305860229
09b5527294d54431,0.4249233669310928
e9a000915b784bed,0.1341205707198467
9aa0dc4e295944d6,0.135132674147082
997322dab827490c,0.10225338620193762
8c9a836f4bc34212,0.40876930986036714
7d9b0bd9d6e74b2a,0.13877750905603076
45c607d124f84d71,0.17290007702104543
3c4a6dc5234342a7,0.4129664507373784
a5fedd7c0a064f69,0.43248126743992477
d5dd632226c6478d,0.693213903254769
af187cb942864dd0,0.23191614784476802
c6f91c87e5974fcb,0.10087220852631867
2647f87299f3432e,0.10214721261221012
9a46826631974e12,0.13457023865472648
2380a3cbad974bfd,0.1432917779998293
67a63a73f8504068,0.1153716362450231
4783cbd4990b431a,0.464720409804705
37fa31be31174170,0.243799538391585
91f592dd3ddf4146,0.2968724872781583
7769632e8a1841ac,0.2505641622786659
ff4b1b40925c4700,0.14651696639692274
ee75cc4bd1c04f04,0.11828398631201842
a33b74dc8c1e4f9d,0.10955873551090725
ea8c9705b14e400d,0.0724615548126173
0bd7d17071154a97,0.43666775985331274
53aefa94dd38437a,0.08840297349723719
dc9097b8b873471b,0.39108825374439415
42a81eddc90c4f63,0.30613051111019035
46619dd82f0e4aee,0.2570964718806924
5fd252ddd0834164,0.24158568118270343
866f2fa98b4e4114,0.12407242498414243
3947bd2bd8e9493b,0.08072818861980631
3d8d042d07b44727,0.12491486991067233
6ebe6c25f0b34f14,0.08888311100783133
3df2ccac486e40bf,0.41947479619315614
2c9fd47b30954218,0.7954995250792732
4a063a49ce65499e,0.0952410780854631
52afa3af686a4ad3,0.18142279013302792
7ba030a165c54c44,0.18957562325360686
65610b9a0d7b4581,0.07788365832171863
1c109e5788ed4180,0.128536348887497
7793a5191da64cef,0.12652513447832447
7a0edebf208c420a,0.1996924710961025
69e8902ae207440a,0.08771418859725524
d08df199fdba4a21,0.10455510601862952
0688654df7604d86,0.1769891060616795
54c3ff5bf66c4e13,0.07415970886777927
9b4a68bfe37a403a,0.2736388189696338
fdebad8931b24330,0.1763914607144109
2b50a5e325a84c9d,0.10211095087586337
8c0d673d72774bf5,0.15263673544177553
1c6dfbc782ab420d,0.14505988957196386
828ca4ece8f14fda,0.7094986669707796
2a573bcd792640de,0.0858412417067399
8d7b8cbbc7434920,0.5045631274742057
eee57a18bf3f4b84,0.08412563363250875
9783a49407314d5e,0.29305322461567584
de73efecde0b47b6,0.08273120971511978
50ba1568cb2c47f8,0.15285105195460252
44ccfb070ca246b0,0.15557196224699193
27c190fbcc28416f,0.14585511165068266
0e060ec877824155,0.8039980789154251
912aada2394b4542,0.5719156513275883
7a0d39d2da2d4206,0.09976539422585066
1750e7151e644d6a,0.22558791737871306
047248b8b9524d43,0.15108576703545606
e66f16a6c1b548d8,0.22924175437962957
4485175d79fc4e4f,0.10638189016888429
27ab0f71ff404e25,0.12693666581816432
544e0ab487c047aa,0.12657114132627584
857c675f7ead4c08,0.10604344365720823
2177c383d7ad4c08,0.9463928188631127
9b8b30eab61c4d6b,0.10956435109351972
e9f2a92b0a474406,0.303978732324744
67a61075641f4a28,0.1687934772359539
e010e42098df4833,0.09288318449616546
1036e166c0514fee,0.09871442800965245
d07e09b4926d4b93,0.1237240356781824
bd26455624454505,0.1488188701717324
0ba2da60fc8945eb,0.15622146048969487
75189da63ef04ed5,0.07845253315144429
3f2c2dec7dd44153,0.2034302124250459
619c7cc724484d16,0.13904259185223292
6b31b65b4ab4418c,0.10457532712067966
21d23cf680ed4d1f,0.09644208322492247
5ccc6d9099c44d8b,0.1668603508035603
7f3fcf1b03004528,0.11491280014425571
f18b5aa08a054809,0.1586367191407931
bd827d3bac194a1e,0.17568932660176922
88256b3987314b2b,0.0982198056976773
89c9527b87874897,0.44516664914272486
28f077691dc64b3a,0.2214377385556455
fbc11f8adbb147a0,0.8316735967435473
f57da6e2d6414b3c,0.14558186038059362
bb60745997004000,0.15526979470417618
755cebb1b274456a,0.18726260760140317
9639719d9b0f440f,0.3204131318606753
f68ea7fe99f24bc1,0.23887027467873637
cb6b009b5b7d46e8,0.08443815660589933
f2540719faeb4154,0.4441685960929599
7d74c61416e74615,0.10445868597872521
74afdd47d26b4f7b,0.12195718583619655
9449fb9ee5754efe,0.11351395199722418
ecb7a18d2fe54258,0.07738083732914829
3c4430f77f454f8a,0.08421110956976824
8273690217c44476,0.12306025917080074
c856fd98404a4ccb,0.10998247155276383
a9fd3bc46d3c446d,0.10831513085752989
0ff591127e3b4c11,0.21649449920481903
49a19af186854312,0.09961554250303863
64f114eb84464f49,0.07371471328366425
99ffc65cb43f405b,0.1960445402155625
15fb660e14944183,0.5154930822111823
b83a04330559478d,0.10744420747425543
92bcebbea22a44c5,0.11879385772473405
e1aa6381542c4ded,0.08947443562493027
17b3af63a4264049,0.23039551838780226
893a52dc4afd4c98,0.5841477311408041
151a347d24f74f43,0.25754435845896695
13213286aa834219,0.09834540929503079
6dda2ad1b98049f5,0.10066883809432792
f44deaf8bb694554,0.7388455011210913
2e1deee9c1e44f5a,0.10961544974051586
9400a7594a114659,0.11132345268705243
02338a3c71f947e1,0.3675654532378306
16905465f7de4a77,0.07598322409720716
e20abd32e5b94da5,0.35184437954502823
785a69a1c99f4674,0.10082525984980614
1c3c7c979cdb4b95,0.11569003226113712
1bcc263fa1d24bc9,0.15491885731550428
cdf90ae0031f42ea,0.3281889412342371
1136cecc64df4488,0.14643632714764798
9e0ccde68ef04821,0.10906552390036427
bd3fc2536cd24e7d,0.08395534825654813
250b1653b3674d65,0.08237484125444872
dcc5bfd04b574689,0.18466868942092293
acea1f8061764b2b,0.09623037812107965
12050edb2800454c,0.22655031024358033
b4f038d539be42b1,0.1036817444403193
c472dc698fa543c1,0.1351173537746038
ee982845f65b4472,0.12275794379066544
5f6c24e4a1cd410b,0.10248264751876174
f910f37da4b144a8,0.2065152853782646
94fc9ceb421641bc,0.07483466957295419
1dab574b23614255,0.09941711835971542
521fbbd7558740da,0.08196730622934238
10d68058a31a43e4,0.09537267076592659
4a7abc8a8935471e,0.17605109579674497
8f0d14052e28414e,0.8078976412560888
12ad0037d7c84bc2,0.08084327620219839
3a5354aa49884675,0.0956809421861768
afc3eaf344224e92,0.11952694027301196
b4d8031599bc4d93,0.12017319136284464
22ba5be0e59b43f8,0.08499573724724288
fb5d00136b514b56,0.639501654658748
25cefaf7fed54b94,0.16043094264582103
e73d64173f974cd0,0.13541082087818979
fe08aed2db664972,0.12784175283394383
a2d1b85930734acf,0.21452024221408605
25332911ac824555,0.23857828012733437
96455ba977494595,0.1550197960260772
0404bd7e45234f80,0.11337628843694196
b4229af89f2c4d7b,0.08972223779355964
ad759b6701f74963,0.10922076337729991
01084b744f6e49ac,0.11898982067273524
73d0826679f94e4a,0.0823711227329631
0364102c9b8f4989,0.08581842081917562
41923145b1254e36,0.12399521587336614
2b977ea19b83453e,0.11266644540831369
11a001d9c543402c,0.08872295134655794
225ed3c6a30f4a11,0.6124459217648142
0617452f3a5a4aee,0.2435218472120385
f37c1017cdda4552,0.5209834655447095
e6b00f78acd941b4,0.09697603686309847
f9e1420969974427,0.1481297504769056
3cd87e13c985405d,0.07545994918764115
35d10803e7484d9b,0.17111651988407606
c5e2f58df9234df2,0.3988786767565801
e41ce6436a6741f5,0.8368827525222565
0a979343ac7f433d,0.15823135566761062
a3dfe7a41ea54974,0.15970984177653486
c0b9a337290a4e35,0.4333255573889627
ddb007764d2243c9,0.12354472481428697
23393c5932454487,0.6297967691665995
d9e0d7efee644931,0.7469556851177401
421060c424c44b94,0.2077246464307532
0dedb6387f434ae4,0.14802784257643162
305739c93f0445ad,0.08326729029591982
23e65e579cb64b70,0.13737212594527828
4c83e6b5fa59426d,0.08563001694879802
d6ae1de264da4662,0.08606271263972035
3f62a96b5a264b31,0.08498181195930099
fbdf17b39b2c469b,0.1376357872317935
54f8d30be9eb4134,0.38223793403650574
31eca57a377444a9,0.10858337263244039
7eaf4401305c4afe,0.09775388827615684
10e57818f2a94ece,0.07837123810460907
f28c1a84c7fd4be6,0.2734535717889317
c649ccd2f523467d,0.08051195026499604
594347ca48074e75,0.07080577610871783
71bb874cfa4046d9,0.10474240783475934
17a44c9886294e8a,0.07965145816653228
a85f37b7d15a43e1,0.11006308644922531
fa7043b7b09c49fd,0.26840538926840346
e9cd850e0d234ac6,0.22354360868421688
8557a0e7f55e436b,0.21712629013258308
4bff6f90834a40f8,0.186948766880882
0cde5ba00fa54457,0.22874392063844767
491a182b6e1b446b,0.16576318450382435
7223a6f1f9bc4862,0.1501081909885642
9da7b0afd9114308,0.15987153782465133
0f2290a84904412d,0.1753289805710526
c6f3e77202d7475b,0.19838154002659522
99a019a309c4402d,0.13615881159423293
3dedda270d9942a7,0.07582907296609802
5ea52cd9a59e4972,0.11138908533192697
a2e6996e8dc64a9c,0.14833933345894706
65172adbaa074422,0.10682095282041286
a49aba42d7ce4375,0.5078037178489404
5175656e337a4669,0.21317937656311506
2375df04c29343aa,0.08415748690753515
df72df6ddb0b4362,0.14952048305492602
6e1f5bb299da45fb,0.14061607551169045
c8c4988e21a34004,0.2692418830636518
a573e54299a346b6,0.16092325027459434
9ea96d2e74d04ea8,0.18488873229632213
919e4da3fa264db5,0.08178968355275792
438ec5f8b75f4e92,0.5362075511540512
b7fd2197374a492f,0.3581078071618969
4.44E+15,0.09064328894743208
158859485abb47ac,0.07981673459867183
032c399cecf14a61,0.09245662623578751
5dec63db1c004a82,0.10120527151073694
307e46ff74534074,0.1554005575643303
73c7333f7e0042fe,0.09517863328193502
ded7e905ab524627,0.1726679696605377
346dbcdd3fb241f4,0.8547931290189649
059f65de0906404d,0.16022715933080245
795f57a827584612,0.3049695503502098
e9d3d26812654b17,0.3150171327189844
2c567675189a428e,0.27313168677346294
c3b92704313c4c9c,0.08030313492378176
2254efe75fd54f59,0.3119712230618356
3bb5e0d9f2c94b62,0.34838045059320166
9a723b4f2f8842f9,0.16592223200302456
e2adc5e05d984269,0.1407344366168706
4429f3a7a0634562,0.19123207389247907
537d140010fd448c,0.11229779148089401
d383effcfad24608,0.09119519865533764
4aa76e6ac8434140,0.24353544914911984
372f28f22ca84c4e,0.13160352060124234
942430a557654bfe,0.4128604971604861
5a3a4412a2404017,0.0858266047570698
8986dfc3e69a4576,0.15484121636781023
fe10ea20aa9b43f4,0.0750934671447898
df941da6490d4aab,0.10793361145901452
ab0b24e32e9c436e,0.12641618367211285
3165487107d74fa3,0.07653519388335492
cafcb70f30ed4a34,0.09354058055543958
dcef6eca0a754dd1,0.0769404901391429
1864e2957a3240c3,0.10548469855393919
023ccd0b833f494c,0.0799960661051747
42ac0e376053477d,0.22563617042548456
db59a8d8528f45ee,0.18602494888428903
02ff02506c124a5b,0.14050907230626591
1e4d0833cea24cc2,0.14719923067486865
369a772da5dd4e5f,0.07985326675999678
f7ddebd4de604492,0.14763131072584354
411791061e064a5a,0.287328367846638
ae520a314bab4ce8,0.359555356770168
cb2a88b1fa3349df,0.0730739756232808
61d11814138c4b90,0.16153517959923472
288268debff64b56,0.14250761026267925
a1f19aaed23f4025,0.17214746041786255
9615fa1a11f548ab,0.6443993519916508
198064a1a9da4663,0.9017255829911963
1b62c53f0dd4491d,0.18129152723181396
4020540a8551480d,0.1762766621328463
b7183147490b4103,0.10665680327288687
a86d554f50894897,0.09119658388096831
bcced71053db4320,0.18195361644594493
6a7728823a9a46cd,0.31173819284510607
7bf5aef7242f4e36,0.11388781304352566
d0affa65aec643a9,0.10455455481594898
32912f37929743d5,0.28095404106657595
01bc5b5fc6cf4e34,0.12920697449936952
6d00a97d7b534684,0.06145757739931678
ab73e83535ca4a70,0.25941316225975947
7b0862d0019d4edd,0.10056438183156238
201e41edad764a8b,0.09268478061410493
de59661f2c554257,0.3051519103095338
fa70c08e207a4adb,0.10329690535540376
c9da010e14564697,0.2221920555818353
f20ddcda173b4d77,0.1665433822700716
b389967ff4754f14,0.08584494778585545
0bcd062dec0a4090,0.14070690809688227
d9ef2b8400424755,0.08441044089322008
7ade889ca60347b3,0.0628373508392197
64f688deb88f4b37,0.087083942341766
39b6f231d21d4002,0.35220622130522855
af1d79e409d74a47,0.15564370767444816
db66ef1a12054169,0.08286289572065537
562bf83866504343,0.2026144851038544
9242a7e95ad34ad1,0.13441098582587976
35aa0a04d9f24779,0.36021922714952465
ffce725f5bc84257,0.2899858943078581
190644e1027d45ad,0.06535384583555838
a0da4591cdf141f4,0.11291998813488653
42a1d1f558e24bf3,0.40535763747993536
7d5c4bb8484945e6,0.2631092607199757
ccc45a2846434429,0.11563890080761821
ad92dbebf02e485b,0.2663113641500029
cb979260e7494319,0.10604853297576163
79f1743dccd34050,0.21401646961847307
aa4707a13e084d1f,0.11374382503034042
bbd6e4d940164709,0.08698411743251709
6d5b0a2876d14869,0.057565158579647134
dc09496f46534e27,0.13341291610226746
bd9141b62665432e,0.45136402842178963
17856b703e824af3,0.08247255232281013
fbe872687a564428,0.1018631969960931
fe36e8b46b4b4728,0.14822850774266724
869cf9bf897840fb,0.08797102957269906
4c9e5fc486bc4883,0.16631911579204575
8a6db6a546134839,0.20586183410700665
245a98d7ae6a4723,0.5106994239053952
f91a87664dd24aa4,0.0963683321057767
5f5da7a7f2f9428c,0.12991227297503102
9a948650b67540c8,0.776053134971999
bed398d61e9e4b97,0.09172988504437546
d6dc5212f86349d6,0.3442883227816431
e980840d2ed84973,0.15998762286244328
07359f2efeed44d2,0.0971033009920763
f5d86acf3a154193,0.14511241667814478
b80b950206264ab0,0.09539114019365412
2e7f0af2cd7d4c2e,0.27315339337150146
08ed9e92a366402a,0.45622315830547727
5d4df2587c114950,0.11412488033658934
c68e55a93a624e55,0.05529487339789425
cc9c1aa2033e4996,0.1279746522670567
3e5ba8b6ed7b40a2,0.07685360621293165
78a334c471354ef8,0.09448019847904857
01429b2901de4cdc,0.19815198358965572
65c5390fd8c146cb,0.721098577514781
9036309a67424df5,0.07582179711661349
644813fb0ea64ba3,0.11128977858183457
5c8caf66ff454cd7,0.11660740521337262
3a872a277963428f,0.064092667127555
7a347469be6e43b8,0.12085598492589035
d643e44c1bc34367,0.22374935800522874
b41d1417e3924b43,0.3669070816607817
7435d726d11246ae,0.16612824871353385
aaf21a800d77474c,0.4977533376376262
82fe2d11642d4d20,0.14567722692026644
fbb0585054cf4d6a,0.14567456859852354
d674691eae8142a9,0.1523106861423817
c47210d93df04e6d,0.2721787279485922
31fc06d415ac4c8d,0.0980588583006936
144cf99ad69d4c71,0.17124466580466333
a875225f1fdc4fde,0.17190444038748948
9b810d49a51748dc,0.11957557426561694
463a24e8d5424ccd,0.07335551922949482
6f955332ba294acb,0.08858228099746776
9bac53e99a254445,0.11577436627273126
83f1f1dbb19d405a,0.690400667515456
5cd96cc7f10f497b,0.0997590913150798
5e5bf14e70484277,0.10002132592927825
39475432ae604cc6,0.41736154863223124
4f16fc0a2b8f4b06,0.19033997416942933
3d10f12359514ddb,0.6016293891788009
9db1ae65ecce4330,0.14998480046525353
f7db39e5ccfd4f24,0.09261312129249843
6902d2cc51e34397,0.12327951571335777
ddd536e5f243467c,0.14702679024885607
c7c34c5d475f44be,0.15749040769277053
5dfe51a092a6464b,0.12914385398355732
679e1e6dc4ad45d6,0.10144622968154933
938d0c558dbe43c9,0.12251595180348908
1e3eebbae1ce4e5f,0.4394763018456669
83daf982dedb4d4f,0.058109792541197726
3347b230c6204d9e,0.11326124948382066
a34147faf3854de5,0.13223881037866622
fc8bc1bf6990489e,0.39443080418975623
a18fa86ed0854dfc,0.09555369647226973
ed53345e64fc42ed,0.2115665817594037
f2659080ad1244cd,0.1790734883177458
1c40b7befaf44808,0.10272902614529508
440b8154578e4648,0.19896865246473336
14c2db019dc14628,0.1058027236025453
bfe13690224842c9,0.33924804067706743
4494c8725e7d4d6b,0.09626736973588584
6b78e0467cbd4f46,0.194675103616532
14dc6cfb8d2444a5,0.14769226113438996
1bea41eeea7b43ba,0.11943651720194612
6549d5838b9e47e8,0.08909478629984485
714a0995319e4354,0.10202426970017377
9903df2463fc40ae,0.2361634532085899
13bcacd7565a4e0a,0.07804499847049617
92443290e427414e,0.1269806201077512
22f1262452544771,0.4669017284806968
4d617a3f4e0e470a,0.11889350458178621
97942ab6ab594fc1,0.23915906968021838
6abfa01c2d484c44,0.1121029592070923
f1f9496776484952,0.21047178013828544
44f5a140566447bc,0.3951169846768771
e74f2fb76f1244a3,0.10566878124343985
6a05dff8db6a4ad4,0.07824503121425416
0624dbb8470e4203,0.10349547131835453
1bfb69a4d58740a1,0.9496208560226623
fd82f540a86a4fbf,0.19739202684892893
cfc41c076ab04f32,0.09759956372492011
4f0b024a29b94e70,0.18974598701155146
bcd0ac373f4449ab,0.2944473292955943
fab7fb4388bd4942,0.26846903882826995
9c4044472c594124,0.25676027587134964
17c528edd8db4e36,0.08994746914092265
6bce161679194136,0.09808939742765765
9c28bb789f394529,0.06897115345957798
11cb114ffed44301,0.12920236773904165
fe784c87a10e4c77,0.0566274308573636
b218ede15bf842ca,0.08751828054064009
e967da3dfe08408f,0.49049044207568
f3e620c013484839,0.13503280392059497
ad614d26d3eb4d07,0.3813592455707618
e3c0add73d434c32,0.11637356142118878
e48ccf336d2d470c,0.10107691201042764
937c1ef1a3f94865,0.08131374537619422
7c121aa87d0043f1,0.2587991532973872
dabb7d0a59254e03,0.21462595258481726
c2d6335010044a1b,0.10456726258363042
59afece43ed04787,0.10586299431580212
cf6daf51ace24954,0.23830490583577538
5f945ed6c7244c48,0.15776436852162704
28bcb147528c485d,0.4351411267370225
c736c81e245a4744,0.15459301486213217
83e6370813094b2d,0.09390922959589504
45c18a9a92b04fe6,0.12047791010784042
05c4db50b1954965,0.3912850217980359
09954c3ab3c04aee,0.12261032950577268
2736d96260b64427,0.09636480963377751
3bf722ec86544116,0.21775252203730694
a1f87d4b21e646ce,0.0891702515468452
7f4e81d798b443e7,0.4302891773372884
115fe75e1d4d4ae7,0.1252749590539484
79c244818fb54b45,0.5040395820752853
fdca96d1955e4c2e,0.23874661359192345
445b1c52faed4c46,0.42885507183086685
e998020f0b19421f,0.08841080641624487
3fdbb0ff6bec4f96,0.15152125069470165
df998486a6904b1b,0.3076307746276089
be8a0bf725634c79,0.5460059762285667
c57c531dcb0143b9,0.5224634718910921
57838a592d334e23,0.0774044087214897
7a3bdaa94bd743ef,0.12665448315554814
883e54b45ad74224,0.14877621895475077
e4db991b02714670,0.4976957527141385
2a21b28736c8443f,0.10983652084910478
00da3c5d24ee48ed,0.08402015132748208
e05dd9d9be4e4741,0.23787256214945435
684f6cbb38b84b6c,0.08284451934309588
9592e18d3ce04eff,0.09180143772497092
d48df58265074064,0.08812406299285098
0179b69e5c814a42,0.10589828753944248
fe9b6e0ccd9f41ae,0.27258152108386724
aaa93ccc6d424521,0.1488633923336987
8cc22f3c989f4c44,0.09715878273709702
f66bdafac36a488b,0.3770013308459718
f6fab38a81d2412e,0.3759518706475686
95441550d1044e12,0.33776826059842285
3552628c7f2c43d0,0.07749425457845904
87d3f360670f4a8d,0.27909723113461665
7a20584c943347f4,0.17057045937014348
658d5b1fd43a4893,0.4438824910482291
307a4cf21b694d88,0.8655933023844341
2e9cd5df821d47e0,0.6463564408632998
258c2748dd7d4358,0.2118973630731095
cd56e15b9bcb449c,0.057551846257705486
d3a7e519a65841d5,0.2097977728319026
9d7c7a0eb4a241a4,0.6371199678876045
8eca2e5d640b446e,0.294835267228908
05440044fa5b43b5,0.16529951091868683
c9ea0d947f74464a,0.11448054575495165
c4db978d698a4d6e,0.13369474133526388
661b380ae3df4b2d,0.18445014334862692
6d5c506cd8e14096,0.34472488434680504
9a71f06c55b04b27,0.13056537222658074
1b913ffa45704ad8,0.39299380899884384
259c7ba0b6304efe,0.10237353181359092
d1813d2db84747e4,0.8640026127110998
522ea8d6dfd34bbe,0.19469554020800459
63b4273ba4f14023,0.07507095951779691
544fda489fad4c80,0.0719201794580933
f8dfb77e3204497a,0.1267437397158089
ef2c783027ad4913,0.19470460282926302
ba0aa004e6d54382,0.3349574004356524
9e9c6e4c21b24386,0.33892317837982494
747c4c88688c4a51,0.10436624327872625
a9c66961223c4465,0.11079150024221825
c56688d0719b4b72,0.1879552240580389
a692ab961ec34b71,0.10725476056652959
a0285c13da4744a7,0.2978557110009599
34abc8d844a14fb1,0.14289147171604402
990cfa05ef134b2d,0.09762624051517936
612441ec94004569,0.1734190362926176
76789f9d61804e26,0.3154065908223326
a358cc8025a14892,0.14050286005007195
1732d40847c040d5,0.11960802330621682
851185fc29e9436d,0.2789968060649794
c8b94eb88c734c52,0.35691700567597495
036dc470ab1e4978,0.09320895921434821
a33a95316816490a,0.10936354273046656
8af59bcdc6734ff4,0.8392501162648639
7e6c4759b82941fa,0.4238448666403787
53861a5ed16b41c1,0.3077876023352198
be229f176f754785,0.3541036057817025
f0c9592d2db74a25,0.18713472605150222
51eeacdfcdab4e33,0.09718866456613563
c4cde97342c94e44,0.15660037982896668
2f29b57201d04809,0.3980806020054071
f59325483535423e,0.08069286484726457
7752d393b06a4519,0.08904637664939154
6a47b9f21a124247,0.11293911112278385
595add5e4ac04f00,0.12900634514338566
6e862cf63f0e427e,0.16539514841654604
532641d766b04c27,0.091656460502571
7dd1551689fb4c9f,0.10531183214401779
f75aaca4b4a44240,0.10760015577095318
c35e900e700e4e0b,0.3883021242897333
5631923256e946a0,0.22761961983806192
fa0ff179e18d4bba,0.16688980817730636
538d243a19714f1c,0.30582063500759765
e4d1c4daee374f91,0.1442673863766062
f7d038a80b6b4d92,0.5614035305746435
0847c38662cf40ed,0.1526338218197732
f82b98e1c2954515,0.12736388686832592
f94df8b643fa4b26,0.34342107196759414
3d2f34e0d4ed4cb7,0.09138212636801615
3712d1a94ccc417c,0.19114175859956045
f8652c3645594314,0.3705188947000293
c756a8b3e2ac4f4a,0.07183104224996002
ea44d859926c47f7,0.5901801577499186
f303985159f84267,0.1364615754504239
661d08acc9f24129,0.1048939366956933
1defa97b726444dc,0.13699604106981267
84c4893dd4e54f4a,0.08400887197357385
60a1459552504ec8,0.3286225899716085
e61d618abafb4f8b,0.16479526547037732
8e91172e3436414d,0.09007768743869858
0fa9878b38c44c60,0.21521344340051807
2ed2d69a7f9d4d00,0.07975224625936296
e69bdb1256c54cd9,0.10089378675332043
60c387a41aea4f4e,0.11814228529472708
da7a83354cd24464,0.13009187859511692
a42e6b3a9abd40b9,0.10605237519142627
2c0063026ee74b47,0.08354336294718452
c546c88157eb45ab,0.08637761942471021
edc368733e964437,0.11155856645432721
8b90b6255578446b,0.3736791331749581
9b2b1c24f4cd42a7,0.21676737638433297
e065c7167f404c44,0.25189691776860806
b3386a28ad75478a,0.14366377505016964
8773e39e04d8473c,0.6478492371349202
e075e75f604b4117,0.12238902722517549
a53dd3e679ed4060,0.12570685454421765
904cdf1b8e40438e,0.30076276162437715
868bb63f5ead404b,0.07444624741783365
ee65df787f7747ad,0.13210146518465615
6de823c155f44ee2,0.06801790262395266
e6617c1b09a84218,0.14194845799230169
e548c1e30ff042c0,0.2709127911396613
4af159c583b64d1a,0.25241541072302903
a3e03ad8687841e4,0.8089094727207512
2c567d1f8d104dab,0.09363055362010973
a1619b5ac817465d,0.09784195360538961
edeffc341158443e,0.1780105223200474
808326ec28814a97,0.16081377408051778
939b62fdb5d34018,0.5192441489703686
a4e720ea142246c3,0.21167034305082766
284f3c0eeca849b2,0.21989021828703637
f429bef06b7e4dc5,0.10919005054915869
af5ccb5af32b48c0,0.13771234114204547
3cbfe6f5733b4a36,0.11514597338731294
19087d46615a4a75,0.10048665868904197
9db37dec25c94733,0.1398661535665294
93acb54c4c8b42a3,0.22127849256125565
321175dec99d4575,0.10750890625474016
cb80ed2855294a86,0.689064881017518
b607c0af9fa8441f,0.17250403136403186
70c3e9db7d394820,0.21426151913023625
63a5853115e24f7b,0.4329595540514422
bb6af98b8bca4f96,0.8609603591698851
696d5fc1abae4c06,0.13782571503685712
a847dbc18655434e,0.5790127753034204
fe9de0bfbf0a4c7c,0.29283160911225314
f784231782a24b69,0.17243597148120104
f63c7d39eca24094,0.3784700140168661
6aaf8d7cfdc14eb3,0.15995178892790318
cafe305c75d24b49,0.09215900962253783
249d02248e604c20,0.65969056509798
3d28b1150aae4177,0.12669232844238829
2fc4004e7c95458c,0.2529225195709481
9a33ac4eb8914129,0.0868803802154831
4b76c6010ca54d86,0.2156350494059254
66bfe92568304bde,0.1436954683910584
46e938e7c48f4fbe,0.10357103032991118
e7a7ec502a0c4306,0.15248097851866732
d0a4b9987c76490e,0.2879773942646903
23305f7b0a5c41a2,0.16612668828689325
ed15e5e8f0f44401,0.09048847926391931
0978d1278cad4ddb,0.47292873401005847
7eadbf72e38a4de9,0.5982359720916081
01c56176b8444ce8,0.4274555621253131
0c3f6e729ec740ce,0.09280134911490436
a681df8c24674137,0.12390202370331391
51308c17ace547d7,0.20833610270472888
7ee5cfb61ebe4aa1,0.10539667618287359
c1de187a88e7492e,0.10475370053492417
3bfcea56b8034cab,0.059596489282644785
74fd4a4c28fd4bad,0.10033868119937017
899ba3071de74909,0.1364659963049647
a6f249372b6c48fd,0.11923892808705103
fd220691dbd54621,0.09973639815216295
5ffe8ad5f791470c,0.2254244387637245
11508ff4e9834e22,0.188200375986363
d76e8d938b5c4259,0.4539360899540783
66af62e4c5d2475a,0.12010527446593146
e3b7eb0436c44787,0.16366382962368528
b3afcb4fa0764bdd,0.13609880231881427
6f18c1c82a8b4b0d,0.10039450227347822
33a477c858594e4b,0.0864725717094357
6d71ea75d30b4a5e,0.23175031249505113
2fe71ab0a41647ae,0.15924888731231787
e227a9750427450c,0.07296578201104144
691de3b548c24ba0,0.31571944459870094
fb2c7c0ec25c44dc,0.20108942858880657
81dc8db9a9e64c2b,0.09209396721412975
9234416e196c4e4e,0.13092439193245592
859a1fb73b024a36,0.3515394199378618
21ed6150c02644f3,0.09171356378364685
7cf2e983f22e443f,0.09372844480021854
7acf65408f6e4b2a,0.12705967692188455
64752620ab4443cd,0.12481952874529734
677ace8f000c4f9c,0.12355194139421433
724a8cae9e29409c,0.09028186419214565
01af18b2275f4c4d,0.37104090756101443
3db4cfc53480416b,0.15138959270791502
e489f5d8c4494c54,0.11658686587029574
37774c111b994107,0.09905875832619905
e8bed39d43dd4a10,0.10120647929359339
952d1e99bba647ef,0.13435091852051514
74f60ff2a62842b7,0.6365320559307056
1f4154937b09469c,0.1018534004140202
390261deb3884e8c,0.1565380157264125
f056006f81d64756,0.09691907357387083
341c9cf4c2fe434f,0.11776100535555718
e60433bc44964767,0.09185120222608181
11c22d74fe8940af,0.11364022902996053
ebb24c598ff3418d,0.588441636384272
94e5d48a54e74b72,0.28647676664567095
86c204d63ec24fe7,0.0849167877170575
080d997697e44ca6,0.1152922096560279
1341e41552ed48de,0.11411635680462455
c1027c9b055d45dc,0.09699374918837841
47cfb703d91f4b42,0.2941329552458999
ec4759b11e23468a,0.14335415724285513
bfc787bc34cb44ac,0.11161566060182879
ec191fe793b24ba9,0.11501000518521233
b4ddfa28546f451d,0.3559814894554355
ccb850294eb34092,0.12994135704047965
e608ac8d358b4c8d,0.08424182877704464
fe60c1d95a2341c4,0.28556284281695654
0440f0de06914007,0.1606194595331585
493b0d3e84bc46a6,0.10440419770462721
bc7c0bdfa06b4a84,0.0755517689685231
15604f01fd0d48ab,0.13104757300727635
f2585804241842ae,0.597097315302432
7f25ca5d100c4ecf,0.5635529281203614
99d5d33a88134e93,0.27687510763147904
385721d88aa24127,0.10334811840196834
d09a6e3a655a4868,0.1206444362263338
04ef2834c342468a,0.608082975912593
81bc16511d6941e8,0.12679028866387454
5b87cfa9887d4c39,0.10174644189609074
275b05cf8b08429b,0.8570239253392775
dfae7207a341479b,0.16019052504983125
7449d11e607d42d2,0.10531170997669302
c8115f4c07f64159,0.15293719675508827
32f2ce814361466f,0.20697858811366524
7966ef75bb254bb3,0.28505761418662273
d59150b4b50e444f,0.373215740671355
79fbea77c83a4585,0.11129548223059614
58bb15eb934841e4,0.10871795559261388
8302328eceee48c0,0.0850889752340502
5ac13a4ba10044a2,0.09640957583360021
dbf9d178a884425c,0.10599546228899273
24ed9db0236a408e,0.10124682072572858
2699a0f3f954418a,0.640281046575794
0bd7c57946bc4eba,0.2033380616098973
5881518f39514130,0.44564435352382853
74d7111d9c4c45d7,0.1230402042200756
876b0403bd684f52,0.06940105757250037
34c2ff2e818e4a50,0.14107735476052366
5e520cf6260d45ac,0.29953202398402345
0c0913dca9564017,0.1448915948392808
690050f87898405c,0.07162962085160904
c663ffea198c428b,0.11836012350869983
b1b32592f65f468c,0.10620409285244184
699aea6b5c0e4aee,0.23348623418721653
9dc18909074c4d51,0.10269146479351617
6495ed557de54179,0.11062501397619412
88d5d5b9e8224e88,0.2673388136596494
c941aa425588484f,0.1539687187325377
3ef9830a8d484f2d,0.14402859369362372
3f22e9678e9145c7,0.17920498178211783
a730e901dda6490b,0.11974680455231335
ba9ff3f5ae17420a,0.576691824292881
b2480a9555334507,0.17420707032051133
74d1bb2f30c44fc7,0.1555115569607534
136bf73586b64043,0.1369486491555079
c73e820d79454c2a,0.09237506033941068
6ad7c5a4f8554a8d,0.33443017980839806
b20ededfbd5945f1,0.2009866856871262
b8a25b2b638c400f,0.1237856157285818
75d75ec217af48a8,0.07632386808999148
542f46a744ab4d70,0.2688534161815538
178b139a67b94a5c,0.4999055046638322
0e0530b66f744a7e,0.35199597257447135
a9fcee9830f44d59,0.1027870704411323
235f8a5263d0403f,0.8426478923504064
b3366a8cdee54de9,0.11715712909384267
2b0879bf6d2c46b6,0.1258768030688927
674fe68a4c384851,0.10564774279030963
d81798e4fd5943a2,0.09769866185647715
46ca8c51f17c4eaf,0.12683404138113089
f80282ca75f94630,0.09978401686923971
828fa933e10b4c3d,0.21976790836751717
108c31ad513a45dc,0.11762812690523262
edbf4a24e9604b08,0.08998191364280958
2421f226e48b4106,0.21631330368327717
968eef9c81a04590,0.10421852339872567
00c4fbd8979c4808,0.11515876419024541
2f27fed3e53d4dc7,0.06825021828845723
21ebac0f7bcb4a23,0.08644608028637552
174dcdb2df374560,0.23260380646460269
d28d915f995846a4,0.16584334013860272
9f1186225ac742f3,0.14871810356262594
ff1f0ae255e04b05,0.12437051611103182
273fb6a9f53b4199,0.30725908487831105
b52de501d21244c5,0.08413594247994083
386c26931fc147fd,0.09759145752347795
6407bd41a7ea409b,0.13717875552032452
1f0fb8e8ec4c468a,0.1271218546444368
ef9d4d3f232a439f,0.13457445805057
1e17c3421d714607,0.1341073731164815
c4717b49b64f4fc6,0.25967809294447325
2a01285ea5b44207,0.10011903098617297
42a0fead96fb493d,0.1322530356969839
ad950256f1d54b33,0.16773533964897272
c0bc178dc9a64b41,0.4976612221756089
e75b79ce7d074cc4,0.1322350411233639
8dfff417cf644bd0,0.18188439601118336
b7b9ed40169c42f2,0.13813074066463654
0840b3ac779949cc,0.23422238946236634
99841c200e7544db,0.119657103963252
22a40662566247d2,0.13217714659308474
e6e59a222d744cb1,0.09960217714098375
2452267703f64c4c,0.0911344083908002
e68d54b07bd340ad,0.10464068926459405
e80846757dc2433c,0.2398255443640094
9e55975d7fa948cf,0.11815925177628873
f11ce90ddd5f4c96,0.0817984489312838
7d18f5ad750e4cf8,0.09608109070507667
ff40a22db98246dc,0.1155457828516117
3e4e1a92072f4bd8,0.07866776287929948
9f7c09d03b084461,0.2379438527539149
88517586f3c84d5e,0.08371365980948388
109b8528b1ce4026,0.07253812507584076
caae0dfe79ee4e3e,0.0873746880207381
cac6a0843a0b45b9,0.46112018318193615
e495523d4ccf48af,0.148699820645301
cac288487c834f37,0.1008575639320441
ec7912a7f9c3435a,0.1481754614453266
c7cc49f4c20c4ec1,0.5939149899217868
9b9b098810bc4506,0.3175577530097248
a973dd267df64954,0.15346193088753227
818337bcc36a4006,0.2824118086557468
a92860a713454c58,0.33501346907580243
91d644780ca549ba,0.23317310289330015
11c80fd60f4e4d5b,0.12386200953685642
c3a4e2723b774693,0.36416786394424305
09aaf972c15244b1,0.162588121774089
3c9e277c36d748a9,0.13582007601552346
674d7a914c2a4220,0.16519593143354094
deb44138d24d4a9f,0.18429413084263455
f2a8b5fb4f4e4074,0.0937229082487999
2acd1279430a4250,0.058322589449299425
c964a47ff0e643bb,0.08406278415415011
a4c2963aa17d4e71,0.10692819289997366
44d2de8f8b0d4fa6,0.8012955616916109
a8198861a9a54fe4,0.8661229429723727
d6148e689a0d41a9,0.1540351422982152
df5c26d75e3d4ad0,0.8131826367777519
332d521b3f834dea,0.13141311619178717
994ffba8287345c4,0.2284849551087715
91a8ebd1f84347c5,0.14138341663545384
21d39169754c49b9,0.7267568917148373
c49bc0d933474b54,0.10493460488388003
6fa83cd15f274f60,0.47678144443286624
b85870e4b37e425f,0.17222096556237534
74283a1d1fa84c89,0.3510249004957299
b91aff514f0a4904,0.16975480856931785
ac5c24f43abd427f,0.08831557330343211
526fdfed468243aa,0.26824685875496235
f29a4ed82d394793,0.6371368588615882
8adced1f0ac848cb,0.13490046932512204
2d9cbf997c0741a7,0.07894506454614675
9eacc76a362d4b88,0.45883714347607296
49a4716917434780,0.11609120445483162
f03b487749df4741,0.7669821099166664
674bd999562c46b8,0.4084039221152164
cca6563680f94bc7,0.5337468736326026
df67e3233c494569,0.1303622447963327
153946e4978948d2,0.1595539055721962
5d64f030d66b4c0a,0.13775215900563806
b6322132caf9452f,0.2949021353749983
8d3d2a2868e440e5,0.3708360820420649
beb70c44288a47be,0.09234181815045298
df87a5bb20f74399,0.1516609940775107
67a081a2fa0b4c63,0.11585873707845089
9cc3c41b66854803,0.09611519683622229
ed28ed66564d4da3,0.3582221206896615
f7d79da5185d4de3,0.10442108353691243
4766b1cb15aa424a,0.17541656045207374
b6cfa499eb5f4184,0.09344298143183001
06911f0fd3f94c87,0.2667896081594536
71e3cce8c1ea4bf4,0.27030763567082533
f8b790aff7c54810,0.09998796967863718
7bbda0b8b83d41aa,0.4977396502865002
c4998f61f851430e,0.09665765914845213
bb9b4df70b234889,0.1514450940450072
df24f447d9e2466e,0.0976740401229942
a2fc4f9852ce499d,0.17426893361143095
a300a923dce647c8,0.10343336936155073
80337b88881c40d6,0.12176305483545917
7ffff50581e84fe9,0.17388267494783088
eff6da3f52fd4416,0.09625645614796437
b5c7b01c6b7e47e8,0.1423805818827899
16eeabc2cc2b4293,0.06149574685973932
cd9906cc3c854eb3,0.17556725071474577
e557577ecff64bf2,0.08331200885121093
6137d226cfa247ab,0.0987313907604086
b81c5e68abc14c38,0.20465378420728414
a4d065db5d7f4f44,0.10263214251087055
426bc987df784451,0.2472078599695125
6661d5d290e4442c,0.5023127091939431
ca8f87ea4f2b4143,0.12372090461193896
cbbf72e4f45c493e,0.7008417373434306
bca6b25ef477468e,0.09695159347379792
77609413391d4542,0.10826567171897848
a96a56e1a12543bc,0.1298217117131025
4aed576254184323,0.1532186932998345
a6d94ecd0e634958,0.0927027840175599
45570cbbc9b741b3,0.10717296156117052
410304d2d9c1436d,0.11436617388697026
aa3bd59f80174c1e,0.10063950464565447
e8182868481f4050,0.15677064977280403
94bdfd59df394e85,0.23815021845490106
23eb5fbfabc34eb2,0.0940474641250239
7917f670442d4079,0.16567284022943404
7c42f1d1816b4766,0.110207662770478
4d362cb6dd884529,0.11312442484213044
21c17729922d4e2d,0.092600373854464
e6302cad262042ca,0.1293929667023933
835ad1a11763407e,0.1995681424415286
44ae3f603a0e4b34,0.11216952029401632
ae77fefaf6bc45f4,0.2314587548481652
82935b9116794adc,0.09797579454970401
240eaff384fd4aae,0.0903523572531823
bdafd6ec6bcd49a8,0.10281304955822788
650a238fa8994ef9,0.09149801228846675
2e35851e6a0d41c3,0.11248992709675812
0dd79ae1944f4dde,0.0987211199237179
3fff4fca795d41a0,0.7606596124090973
988f0af9f3b74d64,0.1001381626114414
9083d8f90e924f32,0.074935145517086
45adfa39729a4a77,0.2183416735428583
88ef2cc2b22041e7,0.18238244552179392
c42c042c071848b4,0.5780584109946567
fa5fdcf5694945c5,0.07255126073811724
1c93fed0ed634afa,0.08610390890454558
3d6e0cebb972400f,0.0960077773402744
c234291f4dd348e2,0.48847876391904943
71022fecad474470,0.15091878541976533
f6ded54014934ba0,0.091457284074018
625784c9c8854fe7,0.44194443414787876
5cd371b928624956,0.15669294357628544
7ad688a72e9d4410,0.14776436618138483
6fef6206194e42f4,0.08149466849382829
90cacf88c9894445,0.09366949710536306
ea4ad14bc9394ef3,0.11266704071490906
3080a1cd8e1748e5,0.1341422445678244
a1c07dc61d9944e5,0.07057565701530638
73da67de1c2448f7,0.2620185073098214
f9cdc009a8e74ebd,0.18965860907224077
fc80c5d873ba489c,0.3989797110831395
4ddcf1f11e964406,0.13496221557428012
2a72004d977e4c2a,0.08284805620309701
0aab94c5d376460c,0.1479613374628505
fc0fbcf6bbac4df1,0.6561705713523652
5655f46159474539,0.39560486281190105
a4a6c79bd4d648a6,0.09623056010499846
9f4485c9a4214b94,0.15671534786168648
633f9f7d673f4c40,0.09068312349518196
83292d350f9f4eeb,0.09384903338108587
ec5c3f10d39341e1,0.2100735287542228
48718cb5bc554d07,0.12140301773733099
6e3bb4a02c724836,0.1385152881072588
b7cc32e7ae5a4380,0.5361633244908721
2b3689e3c5054b93,0.39704055404242206
0e3aecad471a477e,0.10232879074727941
fc564d88cc6c4b1c,0.07532819830336558
6f83167a44bc4119,0.10275617446352532
ed3efb5c0e124ea3,0.08694728217975085
45cad7a2fcd14ef7,0.07796653459240258
3f2fc4b74a8749d6,0.15232808560761857
d46b72f8584b4541,0.16213120290933952
7e862f2da8214f5f,0.446729865051038
4c8836ed8e854f4f,0.14431132580164813
d9597b2855494d90,0.08299220998879077
e0beeca97d4d4826,0.05803177580900272
4ce0fb3d9edf4f11,0.08263118312220424
af6021394716404c,0.17011387181775975
38787bebb4224f49,0.119470854507445
20667ffe52fa4929,0.18942888827686388
4ad83e82d3b545f9,0.1313811499562563
c0a9f56d80ea4bcd,0.13133513017700307
884ea89910e84943,0.09899140664342149
e330d4bf5b464cc7,0.09190361256525013
236aa876028548bc,0.08297322740613679
a49e877631144579,0.5529363473242532
115f2d0a71f64adc,0.09842234436187773
d3bd4ee216ea4429,0.12005723737195968
52459b8122ea485c,0.11721007172710353
bc13b1a3dc7d4346,0.18376299498537327
1e3e6e921d8c45b0,0.16428709066685523
8ea35f31238e4f75,0.17782887650214294
932d564bd43d4fe3,0.10315464476471907
a0343254257f44fa,0.1636283563761602
06ff45d4289d4f56,0.0942420689738738
e731222c6e654d6a,0.18647456792756592
c7e0d1d9dc7043f2,0.10225226027366519
cfdd41be2c704a16,0.10114325873173789
e0d1f59589ba4272,0.11802343945297263
1625aa647084419a,0.1095620583193589
01cd995ca1694d08,0.31437097763860405
9085d198d31842a2,0.11506626528960708
1f51895ea8cc47e7,0.6344042768036502
bcd6298fe2fd4551,0.5835560023584708
aec209b297ae4a51,0.16663893664305904
21b05edd2997447f,0.14924473647555317
a9f804677b584e9f,0.19858577864122015
c74290be147f4ef3,0.07663841060391659
94dedcf1f8fc4575,0.07463095359536726
c82c8cdec98b4a25,0.13184155275021822
2df61c68cbd64bf8,0.13109691029693404
0713d5b09dee44b1,0.1834793769357652
a5f42394de2a47a9,0.10263214251087055
dcf932c404f64f33,0.10884000995130647
139eca27c30a4042,0.12488719420569207
984c8bbda0034f58,0.1303523437416279
102ccfb146164aa1,0.17597245003394668
71dd629f10944796,0.10435198951845771
2de9d58dee764069,0.11052026796269797
5369fee1f5a940f1,0.08860620577225245
7e8248fabcdd4f19,0.0832011738926193
f1946b4647624835,0.6799205283435555
99576cf7f6fd4807,0.1057920100138859
f11ca8b213ad40b4,0.2253626705473034
820796f609184ba6,0.1921061730234599
50b221e320db4142,0.22749184532852731
5aa8b0fc1c714c18,0.11766363768147643
c515fd7c4ab549bd,0.08558994230407796
71e981c884fb4145,0.1267506574688931
ecc52cd54ae94df3,0.1225544221749336
fc83788c80604c14,0.08751666673737063
445db6eb2a1e47b4,0.25365598446708537
47343515a61e41fc,0.09864686366781265
369a5c3967444f60,0.09230354934078829
9ecfd8bb1bbf48d6,0.10039058035391572
e4a793c122d64c62,0.11671389264985275
4fae983565c84527,0.09571811928632872
17558ef08baf42fc,0.16523397013485508
1e87932825d74b87,0.09515832825828749
451da79187974da0,0.06790841886418691
fc64717930c3433e,0.09985126559127147
b56756b661fb4878,0.1938013017799934
e12a69751ce04048,0.3773269532307933
9359d766cb11420c,0.08285888592489549
c9e0b6a049b54f18,0.13595231924873125
ebd4b10bc0c344a1,0.1812596489845843
46c28119ba37421a,0.2824172844435822
30545e328b6a4756,0.11013180540732039
95185b60a58e4cae,0.22054393110571452
184dbc9a632d4a08,0.17160168757604674
62e571d1c2c24234,0.15630563761499502
4268541035484e5f,0.3054873493931008
99be0bb34eb145a2,0.2816302212583921
72b0e811abbd4790,0.21065374571052317
8bdcd439d6f947db,0.4778933861191494
91013da2cc964b9f,0.7000675550208126
81c0ff8252bc4638,0.08570077509782084
a717782459264fe4,0.2075762832122422
8a0b56b9e93a4801,0.19835382975026658
77859dca1d1c4dae,0.8077807788770279
4f88206cfbc84275,0.12398663092267023
62f2168703ee4cb1,0.09177674046277264
2e88667d5b044b0c,0.13550999958127793
dcf69ec828e44f05,0.07545332090709309
d4277ad0023c4234,0.10356045552025796
23f554d112dd4166,0.145763555720322
10e0f489102b4123,0.12357287277255162
e7b8fbaddd654bed,0.2587897875210364
11364350aab94e62,0.7336748481798613
7b4a443ad0f0433b,0.12523202232769398
21f3cd99cc4349fc,0.07534279575165338
e7b63255287f4f90,0.18256192218820855
58d257f7096941db,0.49799619217541913
fab28f852e1a4b1d,0.10250921525959551
68a65b7803344f92,0.20076397473506108
3654894b2576425e,0.10357102846608998
534ad64889ea49d6,0.13956544477772503
cb9373e6191645cd,0.16639786966107986
fba12a973eae4383,0.43910739676141697
bf1b369818e54ce2,0.8744294547621809
0ab4092aee654be8,0.09866981421752148
251994988ba04598,0.23706245748970553
6b48772307e64d49,0.1424006904500254
208d1eb8edd941e9,0.18049874467793703
e472ecbf2db14aa6,0.085468963108448
68cf09fa1a174462,0.14125970082069242
96e22237fa534bee,0.08692661663657686
7d758dded86d4730,0.12649622522919413
92d8cc662ecb44e5,0.08853686658729525
6691c7c73efc4f61,0.5560176463788389
30f159c686644f25,0.16458427567442335
83dfc34b3c664c69,0.11550945976161447
17d06f872441423c,0.08859068024716332
06a8afd64ece4853,0.8475622812385842
6e21545014ba435f,0.085353347522237
8c02659fbd8a4886,0.15295684414225647
56ecb83a2fda44c4,0.09074480541402133
84f9be310f9041f5,0.3849427848558647
83ab37a91f9f4fdf,0.11190189618536807
b61666efd15448cd,0.16495414632231914
deec2cbf784f4776,0.11207003929818311
f6923fdf4df94d36,0.40581334889301274
688b16acd6254a6a,0.4358602218383431
518cb08df6bb497b,0.11940895686686434
b1bda07f978a4071,0.8897258088465284
551a855085a54bd5,0.5334123470081483
9f301cb6ef8b4233,0.1164982938450572
f6b22ac01b8d4441,0.36288359693074906
97d290f881c24241,0.20202400975901325
cf5f5e3953434d16,0.5344011114495637
bbdf0e20eba3480a,0.17557216308738693
58c0e09e41b64dc0,0.5566232521637836
c9921c6788734ab7,0.082929656813244
c1b6fd1b48c74bcf,0.27114212590722514
ff452b12d4bf4317,0.10643683405555927
c95b76a9444643b7,0.18016020320222215
3b95232e9d7046e6,0.10944597636121091
8d38165cedc448f6,0.1323620514649278
a85682044a454169,0.19865932871862166
fb51950499334d32,0.08965954827083161
66c70c8cb1754107,0.41557041539768097
8b84c1ae34624323,0.12283719962492584
c746230284754851,0.11468244684620514
07df6828611e449f,0.08547449844116624
f97aa0c2f33a4c76,0.09415579139182255
c9c1999b911643b2,0.09543775758291304
07398903e2fd4536,0.15759129395451388
9a3a8d8bc84c4c59,0.07756339518848802
8013d1e6be1046f8,0.11656130022383916
0a84be64ab754254,0.10909204063825913
a697673c229d4119,0.10480776017301797
9c20c9496f414a45,0.2628804431481831
e0e49d6ef6294306,0.08577821451593363
b0bf09396e9e491b,0.10774621952321484
0ce51c75cf6d4114,0.18403534397654095
417a5c056c2c4d04,0.46388230396185703
ea22daec2af74c0b,0.06744678545012646
e41878b9950d4e69,0.26425123053610017
509b3ecf48214a9a,0.22570284547645952
2ce3933e29234c0a,0.12741480997289606
523080bd229441c6,0.6394351442583596
a2c9eb048aa74669,0.06160807479751079
a411d945ddbe4318,0.09574839400393022
aef6f94921144269,0.21806875709751905
119e446fcbe14b2d,0.3784378792397093
ab5e627f76d64d18,0.2188894857291596
e17a6940f3684a26,0.39190854437126205
18475538fb10480a,0.19697486550959137
e2941592d42e4ccd,0.12116675803011305
a549869a79904ce5,0.1164465903831557
f6e6dca8f74f411c,0.10919276654491461
3e3ecbbf2a264c7e,0.20371919274373224
cae850012bd942fc,0.15598267511675765
9d0be83242ae497e,0.121191782235122
f6691090d8e14464,0.18295820501991228
09d3109114e44d13,0.19608256285932937
ca0d99677baf466d,0.2454141881725931
6d11963b0a0e45aa,0.09594964145919116
522649f9847d4703,0.12425245695800934
94e710d035fe41cf,0.19376207171519905
d3c72896086f4038,0.08857148852072895
376924a41eda473a,0.11679290651052451
386b330dab8c4c4a,0.22495387885968837
c112a71f7f62419a,0.11229149255861642
7a21a2b7ed864fed,0.2225721511597192
3e8dedfcb9b945dc,0.06236099872129951
fa45632d034b422f,0.12189887764708127
9c6be2ad2df34a09,0.1644123317648211
1fecbbb4a7e54bab,0.1825946032095956
e13c01d405414cb1,0.2077462998851385
9a82af4388aa42e0,0.14497714229606343
cfb85ee2dac54c7f,0.24626215686304945
d31e45175c724dbe,0.2989537487952632
d470439d53e44dba,0.12242681572180825
3dd0e83cf1fc4415,0.08817649514316678
b2f3644c60bb4c99,0.15939061710245767
b416442e63a54a44,0.09913822860304256
d52ae7304c334a76,0.38119801251057
c73fb93af2194d73,0.1634951746902653
ff2afd0ea3514875,0.5928498989843081
8e41d129daab4c0c,0.09420850073301504
d49637b606044b6f,0.07956267622918811
f210ce8f22884a9b,0.39152828123904504
8d255c65fc144307,0.12415014183336867
7c4f0bae461e406e,0.10494209163531418
c0192c844d8a4501,0.09617821476438088
0616da08d1ca40ec,0.1385938251027491
30406fc042b149c3,0.21262037563647285
2c4cbd2176844b9a,0.07635116562712951
ebece718e3da40ed,0.28518643404280947
ab9a92d94cea4fcb,0.09663524155261102
9.50E+15,0.10440388351809911
427ed449b675470c,0.11388727710047439
01cc9f2eb5834719,0.07122257438668707
8ce1ec65780c497e,0.18372701363114466
abbbea67f183443a,0.10404600109829885
63d84c355d0a49af,0.22429144952929125
38deddfda967453b,0.1540936641413146
9e8e67f7254d4ba9,0.10164838475924616
fe4270d442654863,0.14820801403678274
67797c97ce014d62,0.13789442496719082
d83b0d1b3f974e56,0.25903334619665536
cc8545b6455948c8,0.8266758966566655
bc7af8b11a35456e,0.08867662085434755
f168767f45d749a9,0.8160058433427222
ba4f4c0ecd94449c,0.1440951833938872
2035a3952dea4d00,0.3799603853478615
1b7eb4a8aed14e4d,0.14349773652646203
8163bef602764d8a,0.21137313908927913
143302547f174f7b,0.07085884416894035
e49099a4775840f9,0.27094509096148606
4310c75cd89440d6,0.1688572562679754
dc4d4687c06a4384,0.07688212025977154
dc0a86eb9d4248ba,0.15020454778340903
26bdf5f579d74f23,0.15890360839947007
23f61b656ec341e0,0.20875183453091778
835df4254f6c4616,0.09660795362344468
d0390c514a574e0f,0.10129212685573642
30127b0fb2684d2e,0.0830732055473798
7df5a33a261545c6,0.20427073900517184
d81cad9e62ca4eaa,0.1889278949702142
9f8d5536f1f047a7,0.8933677287218336
b867b7f6c0624e24,0.11560432735665699
9621e9d1318b4348,0.22969082187547588
e01557bff3634e1f,0.07670543010700485
2565bb5114834bf0,0.325651542209406
2d254dea47fe40e9,0.1993696079628927
e624acc0ae3846e2,0.11500657746726685
cab2ff98f5054c9f,0.0991140808233992
ffb16e73ddcf40f3,0.18823166839280586
0b7986c28cff440c,0.19555947349344197
0acb05c06cc149a4,0.521251132308564
b569ee8984f54873,0.10006296102135262
e889fbf2a2924ec2,0.09014086468218795
a4a22f1e8ac64e26,0.23812310254680277
af2415df2f054fe2,0.08738776195879595
653866ef5b864df1,0.6165685887926772
6e855c29b09049c3,0.18414221846344558
f6583e21fc244209,0.3506572959422476
39a0cbfffe2b4229,0.10480359026065855
92900095433841a7,0.18147272775732184
91016032a0b841ef,0.09269103597960521
c815021751fd4100,0.10380884853027496
f6cd7d5bc1f94562,0.15063208572662853
0de7e33a976a436a,0.1448326713996128
cbee0a542acd4130,0.1740294691065536
7d96459aca894037,0.13121809109756247
8549523cca2f48c5,0.334643561531891
945390e286a9466c,0.770355722735377
8f6cfebba9bd43d2,0.11936213108337715
e5f51d5209384c8f,0.3851709838932041
135bcb5035b64c4c,0.9073508916004662
4f87fa607da14caa,0.11653723314697235
ae67989684d14ed6,0.1582301255281368
f67e1c032e8e4347,0.10283897717971704
437ba25cac3440c6,0.10906025739991046
93510c94ba354f51,0.06561395988942945
fa9ff83de1b94a77,0.26455638019510724
473986a183b341d4,0.09105777416268707
a012445d6f6c4f84,0.22324372524932187
5419db2019c74d65,0.07911660865439142
8a5b0fafef414706,0.10923882407571187
0a15d5cfe5694193,0.10190266348426627
3f152ffe98de4e61,0.18116315274066896
d0e3976536c64feb,0.10144327954332116
7ac462260b554596,0.277066998036313
077a3c6c458247f8,0.8646474637928707
4535459cb4ce410d,0.11384649035684166
e89cddae05ea4034,0.08719894670161016
c22727fc366d4322,0.09181011105757174
0053ece030834b8c,0.26705586351078786
8079edbee4cf46a2,0.2812933525666821
d6cfc5bebb434434,0.17947056698688205
adcc547a46df40db,0.5396038562657867
3c3cfdab9c46402c,0.25956535704651995
71e403f4dfc34cb4,0.12653520126831883
49e2716a614044a5,0.12035598757736639
b617ec74bc764d55,0.10492816253671368
b77800dd32da496e,0.08762773335574116
00664ccfc7d14414,0.14577871032662806
319952bbccf5435f,0.42258951122982036
e05acdedbcf2454e,0.10228704099082578
a743307afe3c431e,0.08318604398501221
f404c4b57e9540df,0.08623128035825316
f3a18090d2964d5b,0.7321288870290276
751d863391e34e80,0.14058458313196884
360751450d994afd,0.1903003627423237
c53d721e1eec47e1,0.20449672085617623
321c156a65de4a78,0.8498720415280397
e55961d417c9477a,0.10883197982540664
7a99c64d8e294fa3,0.12384984062258575
7774aed9525d4594,0.10574486609135648
e825f6b4dc1341b9,0.17027307706029984
62565e60e4134473,0.11195749781466828
9361b44d46d646d2,0.09453296663090958
173a04b5c73042bc,0.13268189775745082
1d1897619f9f49c1,0.2176573300362049
b479d79ea80543da,0.22604069570119123
448368231bb94be5,0.6247551288636661
57503ad6b0664d86,0.06011214355808836
610bc10226584f27,0.14443865714723947
4b4a49a492bb404d,0.09549223612405772
1b5c33be7cef4561,0.4347320006611854
7ab456b7e4bf4941,0.3067146730309906
5b09380080924228,0.17251127117188655
6b642e9cacb74b7b,0.15493905791721477
3e2db446758c48bf,0.15783709460563142
c51048d1c6b843dd,0.1078065851639321
31b45060df4f4b16,0.13496993807016736
af9bf25f78654d71,0.16329739745654617
d157ab4f523d4e9b,0.19495176904827857
55a788406f904915,0.13526715033877118
e935026a7afb479e,0.4539550623598653
b87f8358949d4ebd,0.1994030302672297
176a13e5f9f44570,0.08787656356625942
b08dfef575e54c91,0.2451992564005832
c57717fb7b774f10,0.11636538650088364
f5448c36c9a24747,0.2899014069421442
4e0ba93dc09f43d4,0.09685528531861448
2e10530156784add,0.20445173290416802
29b14fe0604e4087,0.08006116335945723
668ea469cbcc4ce5,0.1367445653348125
caea5cef2ae04271,0.08782945698599334
ad4bdb93db184ddb,0.30801255476435996
459a75c6cda44373,0.1753900734015822
b7e04fa5ba534b36,0.2778657575260654
48a4ed6495094ba7,0.09370617718889243
e854c565eea244a0,0.13214681537514625
e62f6ef491264ecc,0.08618564430315487
acc190353dc94ded,0.11026641768897642
297072d242104d62,0.11012050084140597
427443a763574d7e,0.15737676856933752
41fac3465f8f406e,0.15789205026525127
dbbc08c158664017,0.1590391597446291
32bb975e94a64146,0.26950019562171146
6bfe2cacd7db4eb2,0.6786100785206227
b13780364c834e03,0.18555643096728336
ddd7471fabb94856,0.0670461969100529
f291a4080f2a4290,0.2797219503030052
55c0986003454464,0.13813095436106415
d83fc326e3f549b0,0.09477561371802598
0d194144fdb743d1,0.31579499445668435
170ddb5ff52247dc,0.12198664486114803
aeead0fc54bb49ed,0.13681653442127986
d02eedbf8d8d43c5,0.24279400998117445
89980e0217484041,0.15120173427973793
02b1e6b5c5cc451c,0.17056170270516893
992ff420010a4865,0.08104898458430464
5e9f33e24afc4d54,0.1331220206025192
1a887fefb00a4cfb,0.2768348765672035
8d038e6f6d024969,0.5608443066991758
245e4a9638c64ba3,0.09307575655407033
d55ea23e8e5743a0,0.13356473600250884
053998c924db494e,0.11874885203463229
d1cf31870d4c4e5f,0.19083890043732132
2f2525ab4c3d42c2,0.09590887841688235
c117bb8e46ce4a3b,0.12215785535541805
2332a814ee6e4a04,0.10210787283822549
e1314ceff9a54f3f,0.11696212631077878
c640ab9988c54cee,0.09153509201883753
1c1df746e53d4471,0.09508494429097333
371fcae9f82040a4,0.7920827108034426
1ba49c5adceb4eaf,0.5714648281350564
c31fe5827a1b41d4,0.23764661513832855
c90aeb21fd614259,0.14399681125453062
3e4629eb87064336,0.10003576209151928
3bb2ea5a2b634d25,0.13703755762944103
7a8aab602b6244ad,0.10927992312695504
345876d503184b7c,0.09439085601162861
27396567581b485d,0.2660922926420999
c1a12efb782a4a61,0.0724104692923934
586ad41e121e4e23,0.13865031525790988
1390d5e0bb5d420c,0.08043469671622226
ff572d335456457d,0.09267004291517157
f96df83235304bbe,0.099370045662076
0361fc3a2caf469c,0.10486439530928061
8488f1cd414f48f7,0.09030333494197855
57ee3c46fea34380,0.22904288149470164
c9050429d85849b0,0.5876128675674616
c6c9f8dc7e1e4fad,0.13271655047133468
addf72a20bc94579,0.10787785018788114
495d144b2a51485a,0.14285394297322176
b9699251e3344c3e,0.7495551067148498
e7b2cb0261d64c23,0.12276868455799052
abc61518774c477b,0.14806417378973316
7e3a54dfceaf4ff4,0.09692688642775081
845b3d566bea42b3,0.1970762549350367
0a8efc0c87654554,0.30897328077123887
e73ec61a8fdd4d35,0.10278697472761653
a4a06f0970504cc2,0.10529509800844734
62bb01f30ed14396,0.11616797246746254
97b13f92d91d4fa3,0.16054196892721959
1720dd21232847b4,0.13060871699841453
bfaf6e453e3c4d0c,0.15121471290685953
32fb4c871ba845f7,0.11211429323791999
2759da089ad74e2b,0.15552266216289914
a21ff9f68b684818,0.10028768343254946
8d5e7faf80a24f44,0.10276010475572518
a89b869e1f384078,0.22858324873776822
b9bb0e7d64c443fa,0.17786062736269956
1bec91cd3bba4065,0.10597199663725594
09ed516599414add,0.09712402007729849
fc14adf0f3504382,0.10352178936987327
7370ebbd166b4cb3,0.144521009038111
222c6373bc644b32,0.21040095773263898
35255e10f8294674,0.09514257709579699
c30260ab58ef47c1,0.2621942680566803
d5aa9f620a0a4cdf,0.2521030602563688
5037e87269964c17,0.4181219460656162
7c8beaa94c5b4868,0.2115032902181593
2b76c996456b4bc1,0.06772749789983223
6fcdf72669384c47,0.32157823342270775
d7dd601d58b648eb,0.45040712639903635
faa06993b2bc44fa,0.16866430745342967
e9644ea25afb43b8,0.2208910337917981
b5eadb08004c4206,0.16522664069778406
b613baa3dd754792,0.12267982157935844
ac175ed13f68448f,0.1783604032797681
3490e60c117e47ea,0.08884675887970149
eb5bae5b962a4e76,0.36408994370597914
64fdba464bbf40bc,0.2864950118235785
bd1e51615b934bd5,0.12677304508288634
a799f350a8944eaa,0.11913985595816826
c1db86449fe04c88,0.19803255090525268
9858e4d022954e28,0.31832129377044366
5910942eb41b4b8a,0.11752430117958283
2a1117d715a74c53,0.17528562802727066
fc25e0be270849d4,0.10787912283576168
a0fce3a920c74dd4,0.10422722447729603
88ab64802cb84a4e,0.7966777584257682
9f0c565eb64d475f,0.40636781439796626
603c4c1b9df84b89,0.07922816424004907
6231d6d7bd39400c,0.17373168086838472
1fe6d0705f2b4e1a,0.2506406023391977
c381ac06f62b44f5,0.12458047780434951
28d62b7555f84410,0.18356372642939692
ffcd6ee7e32d4523,0.9288545106660452
7ff7686dbffe46da,0.12076865668768778
2e6233fd241a4e05,0.16191956700180749
e556b1e466a24439,0.10932630896906309
bd08e452922b416c,0.10666878662696337
7d370df9da2b49f2,0.5184300629711689
e61d30afbb1143fa,0.08668165280116218
ea7539e554bd4a42,0.7421770943868826
f6b7e7a109c14c1f,0.7824625028005016
fbc88e48bbb44fa3,0.07498083165006578
e350a93f13294751,0.10221840988113859
543d9b41eb454a54,0.4187863519995401
5f40b73913414d14,0.09688464942644667
928a03154b6a408a,0.07825844673676426
81ef4d43d80c4e60,0.2148452629503096
a113180741734b3e,0.07600154341106889
ecfd9008e8654eec,0.6922749262752685
bbe37e63e05c47a7,0.08351520551429653
5a79b423e45c4c8d,0.10080956926500803
6d7854b886db40a4,0.6460582641895148
45fb4a35dc92446b,0.9089497824041105
62a1a8580bac4762,0.5204429496154985
817469e9f9a04db0,0.5106376374988588
0099aa063b0a4762,0.09646298610304255
64cccd8574674e20,0.1008320284435873
dd3855947b034af1,0.09475540170164923
caa1fb3c75104a9a,0.08882535160954999
a44c7777544947e1,0.41751077768445594
50f1f42f41534ae3,0.12161174434697476
db11d303aa5e440d,0.21445099317902278
2e44c684b90a4ecf,0.31666464090036744
6ff2bc2581b44e9a,0.11065722175422403
371c9c5b44d74eac,0.5503103382194647
7513645e57474768,0.10767196857665333
1f8be7606e954e99,0.18380677500849507
2a5d3e64d9b24d5d,0.23095041614788797
a674d5de66df4427,0.1670675172046237
5082e89100dc4ad8,0.10840385977794594
dbe2d004b95d458c,0.24701975664376505
00c0fdc0eecb456a,0.16658296255075547
d9ecf59fdf104ab6,0.2795462939964924
ff228dc730604cca,0.10176759159316828
120658f2f1db45ec,0.1092284006791084
35133129912b475c,0.09748548716565307
6dda4b1d1fa44140,0.32034758695950555
82c766ca864d4960,0.37362511159106665
9c88724e1f594768,0.4424817383906191
ec379e0f6bb841f8,0.3297533034709475
e84170afdf2142c8,0.10199822684168641
3ffa45b77d184209,0.10439535441815868
bd2c444fd9014fe3,0.6933524396241969
7c2b85801d7a4376,0.14702383867222815
1fc5173f042c4a76,0.16141525425439923
b12134908f1843dc,0.09536732598335441
7ff457bb988e4eee,0.130121365400202
291639a313554db6,0.13629482070474272
280ce3f5078f4915,0.11835886634766914
6e415c57216b46cd,0.15395596048916538
42439d20ddfc428d,0.16642274529894818
0dc77986e78b4600,0.11047134638025989
484e02cfd3d94fd8,0.815723146185756
a5d702e8a62940fb,0.08896689837948887
95011415989b498d,0.43859975648047345
e1aef0d2658c44a2,0.11765672559703139
96ff1ab72647409b,0.2080402171161339
9bc1a6079944460c,0.10440024751380995
2d87777d33584d74,0.10638476369862462
443a04ce41bd48fc,0.20229256454093633
ac1e9af989bc448e,0.21536305021341093
4a42481020334cbe,0.15805768144282914
1261980fb53841f0,0.31436799519943837
bbcf315c67644a76,0.10152060024898849
6203ca2412fa4055,0.11306213411483917
2c29daebf97c4175,0.18531849991722238
e53d0deb458d47bd,0.10638533413485719
f3651076ee56418a,0.09732347239009705
5647f1b2b1ae4df7,0.0720378012820679
8189bd24625e42bc,0.5105180093536249
c91e76c9cfdd41e2,0.44566299158266753
9d8b9c2c6b9e445c,0.40633418979454017
16f5250b55294c97,0.10266408549049853
f308381594f643d4,0.08597161337019849
3d3428c0cc57416c,0.10491189939636318
b2b01e647ce04c4f,0.09313892723729246
889c45ffca1547bb,0.3944799445718676
d086be35e2654be6,0.6075095879061205
cd616eba663745c2,0.19362530206223783
2dd2d567dfda48b5,0.2029029129728594
eb97da73ac344fa0,0.10519350395235035
a5edfdb30e1449a5,0.087270973808628
e45f5e828b814890,0.26522201363949066
74cc21aaba724c1a,0.1285670418444123
74e7872e078548bf,0.17616000609273563
1fb8978b9c2546f5,0.12198994028250051
6dbb32ea83a94347,0.10918178443551775
d7eee9182d974af8,0.1285494435506232
2bea598c2bd44a0a,0.07088348389818025
39397ef1976748ed,0.1279301971487176
bc99c5db75944bdf,0.09579109122247559
370f33fa1ba14a79,0.13402946643610544
491ec671e2354593,0.09285892239736594
d60fd73808e04021,0.0774177334747292
9c270ce1041742a6,0.1256396267416542
63c68acc80844f07,0.11548639917333453
69a88f56f6ba42c7,0.09478160316262667
ffb96b9c1e9843a3,0.06348111073213737
c4fd09ae3649417d,0.22255501309596024
e600eb2549034b45,0.8009905724182309
0a2f207937ab4020,0.1402337903660499
443c0003bd6d4a73,0.2791912421247966
337eedf9664b45d2,0.10934224719706061
051c19fdf1e34ddf,0.1656721685995875
6a311aeea4304485,0.156112060031457
c49c6c0bfca74e93,0.7659455216309541
7b0c50b3f3594905,0.12505892651823985
6ab1e09bb4ba48ad,0.17001335042679114
03db893988e240fa,0.09486830700478628
937ba6647aab4c45,0.10499983030047631
23e09feb74fb4d00,0.10667494755952023
d5c2d8479d514753,0.49423553813488114
89af33e81f3a43c5,0.28353798785617457
1c0dd867c9c34b7c,0.08789446078025377
70ba1978cbb64e74,0.16933051360805276
b10924d89dc74cf6,0.09385576183314166
b36847f54a724fa4,0.24405923227984416
6a24c5de500144bb,0.09357419760542132
6c4b65fd9dd54a95,0.11971375956959568
1b74e2f4c3d0444b,0.7276822689333171
e7c50f81cfd641ed,0.11588767323462475
5f49e95567a14cee,0.11850587067602648
b91ab76b43df4579,0.9130035110625009
44ae0f70ac7b4314,0.11186799582009634
d1545d94c2a4435b,0.10167248249912195
efdd37c15ea14071,0.19267024512122438
7290a44d5adc44f0,0.09022509365790272
1584fdbc50b04d4c,0.1653632774178083
2d44fe0e77134a40,0.09174733401231497
187ea835178f4f3c,0.16839182276213008
821e350315214c81,0.1298690609999114
c15e62b41a144094,0.14428757227038141
24020912f6814337,0.16748833548471403
23fca3df04bb4ed9,0.9002009827478888
86f5389208304f8c,0.9340203638004563
d64de22fb9fd44fd,0.869644368474118
cb7ec7ffaa0b40b5,0.9613132308609097
1df808842cf54983,0.9137223889491825
025cd0cc26b54862,0.962812733878816
b69a47dca4cf45e0,0.3449398906225522
1016eb3968e84795,0.9303877084889178
2daddcf0c382458d,0.9502776210175736
099d833edbf14eb1,0.8766393992094189
19259fdd7f8a4427,0.8730815848574581
62013f5626764d54,0.9507163513962751
1feb0f53216e4406,0.961899612483499
c35a7304b5584309,0.9237592326904249
a0af1d65511a4d91,0.9045076820993012
0a21c7af2a73414b,0.8265082005094704
c3d3c6bb58904391,0.9155704239106888
8af9ef25b3d44d0e,0.9797642844145427
799c8962f7ea45cf,0.7479492264177212
4e6c04895022475c,0.9489920604789859
3e2220e049034cfb,0.613569789975087
c08fcfda56c14132,0.954166985063478
f3e8322bad804a43,0.18600143656241774
e372f8417c4041c8,0.888812089650257
5a7deb59250c4d4a,0.9759840412386351
e659b8e7250a4871,0.9760357212126858
0e9c3bd1014f4257,0.97507542665722
41c48e83ca814e73,0.44168050395508834
2e3441bcadc94e0d,0.7491798853896339
b7dcc5e685214517,0.3420623876864353
394da6d80a834c19,0.7650395175100076
e651e526f5d74e0a,0.9670612351729655
244a7398b55049c3,0.9785854610236634
20674593f8414e0f,0.7081775353421608
7567ddf2eea5450a,0.9672296970150892
96e099146dce4e56,0.9678020885623414
e0fa2dd09573428d,0.9623692443342396
0db40595a84b4523,0.40740158211938393
e931ab60851a4fb2,0.6777773193132808
5ed5352fa2354290,0.8264448746039011
8976ab8e045e4d00,0.5719052819523672
6d9370f313a34cca,0.9784467424980691
2574d0c594c945d8,0.9747953927472668
0282f2a3530d4c6b,0.9528282102887782
ae1581792fff4de7,0.5861722905623922
79c2829c11074752,0.9591072894786034
1674eaeffe724d3a,0.6973760752614453
45d8130a4c3e407d,0.9612578452181592
ffb92e6988e84394,0.5240255461666254
67f614c3fd5840d6,0.9621815012199035
980c06df321e4765,0.9739306714804562
a7c97d7bced44546,0.9341599677349547
440d78131d304b34,0.8903409991516541
faad0d8d812a4bdf,0.707556862320989
e0aea3612f144994,0.45090072206638837
93badeaacbc94ea1,0.8423730774625792
f175d165792b47c1,0.7667413513950446
4cdd29560041467b,0.944786146014848
16a48a1dff8a4b36,0.20783340110925505
162119dd6aa543c8,0.9611838049824095
1c204a5670cf431b,0.3453180560084508
8f350b3802814c7e,0.897421037553635
60b5aca8eafe4595,0.83867520697149
cc38ce0a3dd449ec,0.7103853990314792
46b48b4b418f4e1c,0.7819653905683519
eb55f044669045eb,0.8791566716975456
bc7884e8ca504641,0.5364549910802285
d73b10c8b0434c4b,0.9602297432803311
3ed45a7437534916,0.9367171076257046
656c22954fbf466c,0.9659966561393486
13a16c380f0c4c52,0.6791456454810986
99c1afe663ab4aad,0.4635628719582819
f2a18ba295e44d74,0.48094549541151965
9250c859cd14413b,0.9432135580595518
dd4075dd7a1849d9,0.5687328280715084
82cdc015ef304a83,0.42659884881878296
00ca799b68b6457b,0.9666755313137126
17a06335f97b4fd1,0.24292877175744557
6aee976ba2244510,0.7731891274540396
fbcfafc47dec4cb0,0.9352063368076869
4e33afc7b68a4842,0.23041953418618225
8d3fa09b203b4e91,0.9719257095960847
7aa085f7d69d47d0,0.6622303855511469
b520a2a315ca4f93,0.40769654612088707
4290a4872d4347cb,0.6935593127271799
63427a27e450427b,0.9157931571967035
dbac01849b11466f,0.34301334931827304
c785c1b6ed014de0,0.866289185590826
a81c1e9302804f33,0.9199623868313849
06262fb50668422e,0.3539376664332365
537c0ed2d93648a1,0.9640617884109068
0a8213763e614a04,0.2139557748701366
3be768d512c44ba4,0.5967041579204385
cdbbb7199b71441f,0.9349342320025447
11d8fc846c184f61,0.9043949802274094
bafdfd09dda84035,0.4534087272647485
f4da6356d1324876,0.8643199866823855
2fe41a0d4811452a,0.22085838383031653
7ef2f9d1d2914166,0.9762157033276898
1da2dce4771c46a4,0.6657125704361997
f5b2894ef7714cfb,0.9610705967181505
22e5a9b53cc64c01,0.601793373778098
cfabe66e5fae45bb,0.4251317959528593
603c42743c1a48df,0.7424707276618064
143b1df517044b56,0.7460264065296962
02476cd31eba49ad,0.47141165144877767
d102c73b3bd842a6,0.951732323975581
a4738eea05524073,0.9114947734244079
c200dc28ec1246df,0.2081439228333661
1799a2be45644439,0.19595318759715885
34963b67511c430f,0.6662144190921842
078f1beeab2e41b8,0.9058285157954121
f8b123a6e36940e8,0.15441870782296788
f71fc071a2b9484a,0.9170060549986022
7646e90517ee4cad,0.8688041651929074
5b486fe1c0aa4cc6,0.9248702294423777
fcbb12bc64db4f7f,0.9549072340272983
e6e7e694ae544185,0.29738153559193964
4e18340d962643af,0.3755711282144673
3b0f6bc141d84caf,0.16522167591006326
a98620c18f084ea0,0.40940196336217966
9bfb1785b21d42ba,0.8518514198321424
0fa8022dc37e4e61,0.7958786217810065
1c3a26a4a9684cde,0.2910710118490882
03b4ff9f7f934c76,0.8723186622918355
8f3c995edd944735,0.9375751255059674
18d2e2192bc14379,0.9591792362472589
b8a408c30af64e31,0.9234612409879394
55c596c818724552,0.9517704569514935
edaf341b85414799,0.9446792731865252
93d50b65c56848aa,0.8718090104917431
366f014df2564682,0.09554826929982214
56ea688733b34eb2,0.948390062404927
bb64175b06374922,0.658434178565452
eafb7564b31a4cf1,0.9578232788656071
296b5f5283f4496d,0.43260388988391857
c1065e9f4440476f,0.8546940685493625
7fe3faacfe0c417f,0.8706210718862185
7e5355da89c14bf3,0.17776526869370643
87c6fa903efa45c4,0.8048489439809209
ac4d4785a54246f4,0.952230225860333
83d0b11bb548441a,0.5326108121169033
f631158bd01d4727,0.3314567401836086
195d78a205644d1e,0.9754105024960249
528e29d73616459b,0.8903241251310745
778a10c7a6794c6f,0.6966165314388878
13bbaae7e3d247e0,0.8665164581715495
04eb29ba362242d7,0.7533401980816
1b60cda742f5464e,0.152757967537253
242af8db73d84995,0.8675219282843617
1f34221be0dc4822,0.9259039410467055
4dc57cf83434417d,0.16950119132117936
50fb8456d0e74a55,0.5296208036716767
a0dd737acd5b4539,0.7255531406002932
af7a84f3cb7a4f49,0.9461478245643158
00b0dfe4547c42c6,0.9106227929507691
41a19fd0c8b8417f,0.8789589518111287
105513a50fd84e74,0.5897842084229753
e658f698ac3d4e4f,0.825782287989472
1dd3ec5c7ef146bc,0.9297763030203633
89ec0e88551949b1,0.9419247175938573
df64fef7c2284af2,0.7721811455176908
466beb2e10a345f1,0.7848264897434799
3677cd00a9d54f94,0.9570288414798038
37ed7243d43944e8,0.8474668402604161
aba5c6f7f4364fb4,0.9330454559764778
f4b1038914374448,0.9196022837837614
18043c0cdefa4188,0.8997443067357049
c44afbc13e514fb2,0.9351815944006027
dee38055908d4739,0.9070327878320478
ef199ea078f04335,0.9826975139412808
154dec70111547b2,0.9594190341202252
fa0da1032e5b4484,0.9592043356423574
1727b3c6a93c4fa2,0.5651463556660091
44c74286a3b046cd,0.9094424300268593
6f410ecdc0d340a6,0.6659524610617791
a50d133386df4998,0.8977475116158302
43a19f6232ca4ca8,0.8285442373392374
d03d8573cfcf43a7,0.9320975997096699
b365a29ed4114ed5,0.9153401141178329
2e628b441a854a64,0.9138064594138935
4df7ae7bc5fe4973,0.8825368814268609
4890c0f9a68e441d,0.8747290081710118
4b8b88c4d2b1494e,0.964348767731254
061d9745918548ec,0.9596193907663143
383e73f485994e6d,0.9542309054344782
2c28542d2dba4434,0.911406578250893
bbad9bf8b8634491,0.9277451525524384
e75018c27c814f08,0.7560101671208707
d19ff0cbb9374716,0.9604517945641707
7d958806a2e940c3,0.45650350054198413
1ebc6c7627824751,0.8266491394460633
c3fc51f72c0f43dd,0.9532292212752408
2cca12c860b04092,0.8752993754622043
5e795dbcf91e42b3,0.5332581302188403
288b7e8088554b40,0.8783973625358923
21d37fe26d8f42a2,0.7493966077952374
1f357e2678a24629,0.8191398792889508
0f73859cab934aa9,0.9791328188253942
94557f5054534b8a,0.530830550309216
40b93a58305d4f80,0.9613342871886572
c64c662e23de4c28,0.8280345077094247
19ad8f8bc4dc49c9,0.9489121207320894
9546e52184e14b96,0.8829667146092711
9c3ed93710274e40,0.9305455874377704
12cd1f74c03448ee,0.522957561554018
f0621df9a16840dc,0.9108031473696918
2902e178d87a45b4,0.8908647682099825
dd78c56285b846a6,0.9637469374437286
0c1a7422d3204c32,0.9165958976857805
14770c74d2dc4418,0.904493300382189
e4740f5525514a0f,0.9502498616329558
1f7c797950d54e3b,0.9545399733355221
839240dcdbc343a5,0.8743823465190191
7b0cbcc2f22f4b5f,0.960551269051551
f53b50db19c64078,0.5618856898955558
05162be1a8f24ba3,0.8487107077770992
350b0de76ab4444a,0.9040507655381145
ee042bfb3d2d49d0,0.959317204041242
48f26fc1fdf74747,0.9439820719890213
e77fc9821c984a2b,0.9642557118788411
3b0e3e2d22ef4417,0.6703539987327343
3d522db7cd3e4027,0.8462331518734315
799db6f217654bea,0.9196638484884283
2c875e34b1a94e55,0.36269569547452934
014cf1f8e2ba4506,0.9612924669319293
417d723163fe4ca4,0.8401136656478665
b3850f23e42f47c9,0.8103286113695249
82f07d4148a843ea,0.9460115770909824
ca8a58a6dca44333,0.9660891615437488
e96374477ed64cd9,0.9565137854590496
5e60d7f0a9cc4e13,0.868083561400266
7a433acc52d94304,0.8219877474795285
b65d8fcb915b44c1,0.96238198649535
cab472af21484e86,0.9329988554139578
4e659f1468af4e17,0.956134805803711
163c3879b9c84542,0.6652800409573311
dff4e509a0404f39,0.9572243319364139
9.13E+15,0.8559577853707901
d9e563915a6743b0,0.9635927597481743
87782cfad0394193,0.9318915044857004
08b7940f9b004804,0.9154452296435904
a884cc754f274a9b,0.9726011964555926
c4a58f443b984021,0.9740614143669447
1c0be423572c4924,0.766528656236234
8871368e95554286,0.9183395049067081
39a5554db0824d77,0.8870017025146395
3ccb46aa27f34aa5,0.9438387270703624
774198cf52e5464b,0.9192935509151062
245c5e510b5d44e7,0.8242431504766833
c98154dce7b1419d,0.9656818962227077
dd3bf5aab89d47e6,0.3589087182610559
b6159d0625a34422,0.8473496161767631
dd83be6a8b604017,0.9302033721615668
fbfd8c9e291b4a34,0.9685062319771264
449fc39d65f246d5,0.9115609697459509
9680bd1d25274bbf,0.975621394387146
ab1c4cf46edb4f67,0.8553440839171156
b2a516db25344df2,0.9459498929254729
916aca9b67ce4933,0.9226773807000068
77c2abaac2954d5f,0.9039928506117437
00b31ad8f8014a39,0.8186865068722482
6202bfdafeaa420d,0.8308394176622448
c2efb9eed3274c16,0.9172771075697896
94cc6c011a5e45d1,0.9609312677190858
749682b919934572,0.9047208882942182
b96878fe12904c50,0.9746807522594859
dda7ee19c1d147e5,0.8859949512014491
1e810392cabf473e,0.894165324513995
d928ace392e54a22,0.8642865422533766
a4a7408e13f7420e,0.7478152098354167
f92209e166de410f,0.8902964800581998
44f70b8518f74abb,0.8694929168131452
af19de6263804b04,0.7923847427116284
ad74cb47b3884676,0.946285937374898
7c3b21b6b64847ee,0.6450554211422401
7df10ae062d5489f,0.9566248464162002
845c6d8208304c05,0.560552767611048
5954cda1d6fb4ca5,0.7653190894712105
ec7a704be7e44542,0.9658961852611262
3418f865cbb24509,0.7482540220878191
199d8ac4a35f4434,0.8105318648585298
3daa6fa93f2245e1,0.9384375330063575
b98ba9e7fe4243ab,0.863643394948375
b650b2c7bf694a06,0.48169783564877994
1eac9fc04b174f97,0.689305400946287
70483b8e9a884b54,0.7875004295496392
03f0a8efd43044d3,0.8518102582639149
ebe24c1192a14262,0.9690268587394799
cc163bc44c0c4300,0.9577329793277455
1e427b43c6d4413e,0.9112960068447328
15001aed60aa4210,0.8671681342667672
d133d40f602b4acc,0.8751041207817014
2cbb0e2ea0694dba,0.8516379692215241
aeb0b35664454b5c,0.940715464813673
7010a395d99b4e60,0.953065581246724
d7d23eeb1ecb4160,0.8648142499671138
aa42c59419f844a0,0.28041733782422773
1d69fd8e0bdc45b6,0.7622571882899488
a15416a0743e4fa9,0.4207843201732157
cfaa1ca402924e36,0.966753834189047
8fb0aa521ce742a3,0.7148581308404647
beabf97fed0e454a,0.8151140042335364
0ab7e41f0ae5463e,0.6088863347057928
74d3f8e5ffa047b1,0.3379041899079803
b719688b114f4309,0.8402277150278822
409340b6559243df,0.9495775975623183
e8af931244f44155,0.3608617509083342
98f3de5cf8254911,0.9100754835798327
37d007939c3541fc,0.9464614945169931
87a81ed91acf4209,0.9757249524111307
8d1b3a1c4c44429e,0.935314505923613
325455b5c5d44307,0.8250827802730657
a5ee2ccbc42844e9,0.9032917019753063
ed991060d714433b,0.7839073389591447
d3a2c67531d0482b,0.8826499058644847
71231dfb17064047,0.2443379600048381
68c9d1a19f19441a,0.6768943779179551
af1a7368073a456c,0.9225803763113828
f7da679f774c42a1,0.46108179906655833
02462246889f4ba1,0.8770818044676519
e6bb9f8cffad4e07,0.7783342168094648
319274a5d8df4451,0.6771931509897472
26894a3cefda4c03,0.28661542842392024
3d644d2659a641f5,0.968478973353556
1b154636fb5c4013,0.46831318224123425
ee05b3ae52c64675,0.8616746137213336
5a0bc7c938304b9e,0.9524732435156102
09bbbaafb35143b3,0.40507562799418884
7452a6a480204ab4,0.8711861994745712
ca2f539f396d4c11,0.9438754409979764
2fad7f3c8def4ab4,0.9449695082602195
5981c2a2b1684d12,0.9286060638754484
65aabf511fda4485,0.933384781452999
1b49df1a71574934,0.967319749242257
e8fc0541858d4c4e,0.9673577032293893
5bc30dc27d334b6e,0.7772859793491678
d980e24a84cc4a22,0.8198930868507405
648f2e0d5a9a4c6f,0.3910327129387619
053576d203a045c9,0.9497453609335668
465497438d88489b,0.9241360836078902
e65cd69057af4a69,0.8267875153126584
9f24f9f9b06c4ced,0.9168554036980251
ac4b469e7cbe4d12,0.8938966820288305
540e4a80cebd4657,0.7550916926560549
9.21E+15,0.9244267548758417
4d35b32b942d4d58,0.9622197907494794
12d337631eda4a10,0.9176310049987
eca29ef4e42a4384,0.9411996947322877
4478e857ec3b4424,0.7774183870574608
d854f959747244bd,0.9602324037141828
0b2f4ec23d594b90,0.9482264424448743
c6c58d1681e34e02,0.8529540253112792
0013434bd35f4b07,0.9254915848308192
69da1cafa1ff4446,0.7293142027879338
82be5435938e4acc,0.8848305682670733
018a89ad3d8249e0,0.935172500117284
66ae034a320a4baa,0.9574754383657049
cc88b0fe83dc4501,0.9471621115625396
56539c9897f54d1b,0.9365172176936656
f87b51f413034cb3,0.7818834549415378
0e93864c1e9e4f2e,0.8896416164691014
dc761645c1804517,0.9493474914543616
6c30d7a07cfd4c53,0.8238600410325648
57852bfdacbe4002,0.8386876739342871
905f65bfe7ad491a,0.8486588498777704
52e21bb2f61e42de,0.9502103260319417
bf334caff18f4763,0.9788486794561194
b74873109bd64d52,0.9204855627169501
18bd22b0fff74fd4,0.9107096673525034
5790faad9031406a,0.8404811889145274
2a9471024a974425,0.8159379065316494
8d693799a4bd4884,0.9558879858104726
65e1cccd89854c7d,0.9168362289680284
1a1fb402b3744eef,0.9705055047278272
d8bf986dc6374e54,0.6977976541658663
0c94706b4960487d,0.9578914525870447
aaa41c53d2e4464c,0.935075682044856
13202e530a9e454c,0.7160599844013338
aa6f902a27ca4ea4,0.8644908690153483
5fd8a8159a6e4428,0.9265404537328406
263663417e6d4fb6,0.7083336315357017
243761cca2bc4d9b,0.9460268017527991
f3e1a31d49ab4e8b,0.8259907696500025
e7c14254e3124c2f,0.9419922790452662
deb2dca13d1d46ac,0.9293870324896946
eee115a0d0774850,0.7925686970884589
674da56dfa8044a1,0.9571288784301877
814fe3f1ca5b42e0,0.9220333129541225
63070158cc7e4d19,0.908614570994624
a29d3909a4ae4959,0.8813570035977302
0d0adc331a5a41dc,0.8868647764501683
a1c3c925c13c46f3,0.933398567782741
0b3be4f9918d4223,0.9034096346981196
47292b039b6b41af,0.8993057367646612
0fba65e975884332,0.7538375953225777
9583273c5e4449bd,0.7021757248448698
7da120fe5e084263,0.9763754279620813
5cd60c21b1c545c5,0.6449081906075523
cc5adcc455364216,0.8138146380617004
e21f02b925df43a6,0.9649926889649126
70d8688089674fc3,0.6185715264362008
023e7ea8ce554327,0.9402871947613217
986ced253fd94525,0.9824855560209125
54870dc4b1284649,0.9009337395870052
2f24f7b880674cdd,0.9651762153668212
b7f848e7728f4aff,0.8692849786874607
d431398ae713459a,0.8992064659310194
b3e752e46e334800,0.9691679644173042
5bb692e1402045cd,0.9424573399862747
e1b37fa704c84c10,0.7010291319074125
5725ac8835f64486,0.7822050667116066
a037088f8bf54ab1,0.9446144142018342
7381dce51e634edd,0.9565068788542586
64d07eb8cc314b99,0.96692643708997
35549f0807184dfe,0.922378598843305
1bb2035888d54744,0.8927681874241022
d014b02c8b704d11,0.9328047562278461
d4823e41c1394e65,0.8911810312385565
923b9993372c4165,0.8991137237974646
8a748c389e314043,0.7376560296436924
18172cbd00bf4905,0.8945080371237436
a9785fda8df742a0,0.8413033907263581
59dc3b49a2404c46,0.8748845782417696
f5e31b59bf6f496b,0.9454830574315327
84dbcd777f68424c,0.7913518920691568
65a535a31ef64aaa,0.9728002177973344
a28a93958155465b,0.9071026560245241
475b445c1ced455e,0.8979297948939133
770a675a5dda4ea9,0.9673088696790416
ea4f97f1d3304d46,0.9332966676080889
f582ea84a4854a16,0.9509672525239113
6f0e34d730374e5f,0.9517617499960926
9a5cdbc52bca4921,0.9668376599177301
799fef36f9214505,0.9236007030740336
20e5e7d9966a492f,0.7666215407472072
436518c43cb64fa4,0.9089664940159047
57095d00104442b8,0.7892945748904765
8f2275927d8643e6,0.9666501963229669
fb0e26220f4347ce,0.7459346510194589
d87dc824dcc242c7,0.9080359031116689
8d464128cb584738,0.42023362861888414
228e39a7e93a4cd7,0.9585370129648969
9efe9528b603427f,0.7964465596337869
b8a37ebb348a44f9,0.9801342085162497
5239bf47d721433c,0.9311528085036288
20cd63e1c7404405,0.9328475762656899
e19aaaa22cd64c1e,0.6944311892713614
72e394cbe7ce469d,0.6602716493964678
279214ddafbf48b6,0.9586462845587057
26631c55401949b3,0.8896977068039832
27f79592a5ab4e50,0.8746807622029735
37280e2793234ebb,0.9623343735606253
61ad82c4936943b0,0.8555498852426233
c3c2fd336be243ec,0.4698472457204517
f8b5100f6acf41be,0.9207894058700139
f40077d6bc2641a5,0.9452057996923221
9bcddb5943ce4cd5,0.9401747024608176
8f967588ef0846b4,0.9600961387600309
a8a2485cd53e4a21,0.9196226797241789
e0226c8e827c47f3,0.7142216363357391
0c22ed24db2942e8,0.871714044514419
ca584e119c2a46f4,0.9314627964754484
779461ec743d4248,0.8857404164622651
b26c861b3f6b420d,0.570592963905574
d3970b44ca1342c9,0.7895996121791028
64b7ffcb6df94638,0.669783555358517
e5d9cd81f67045eb,0.7572703443850491
8080cbe894784b79,0.8666275518335784
066a36f207f9456c,0.45580236187459916
74bbb83317c84de2,0.3868989693899883
8817964ab0094b46,0.8481355716884252
a4ccecaf1c5d4a64,0.9676618399384316
d5591a547a7a49f1,0.9402613118512462
f4c5ac09028c41f4,0.9642720758045782
3cae938489654a9a,0.907100570554937
1936b96d21c64832,0.8333208630451293
44f8a7c43ba84dc1,0.9579315748887831
21ea8da552384d66,0.8637340470161261
85c8713a5b8d4ebb,0.9418487739220137
aabfadc65bf64c40,0.8525716026578748
cf682023595f42a2,0.9315051170368569
d8c463008e9345b0,0.9157691075092704
3b0668831a064a71,0.7249806817955334
37839b43f4c84888,0.9349864860206414
5a196b76065c4bb8,0.7074377629923325
9cc0c155a6244b10,0.6737727144412393
cca5819cab7f4482,0.895491436856214
a4ec88c5aecb4ec1,0.9064050087332798
d48a2df9c76a4bd1,0.8007087548181291
ecf526eb3e7d4677,0.9455204831499631
275227f1458f4f41,0.5802006036389854
d2dfb9fa5c924889,0.8725795687541553
fdb1a8da6c8e4fd2,0.45570555603631613
ab72520372e644ea,0.916197260477708
b6b074af6a6d4b6c,0.8355305922021877
398c666de1894dea,0.919517088272737
fca6aef1f2df47a2,0.6843480153320305
e595d9d3ecf440db,0.8877575117597194
6bd9955bb8204e0b,0.8092533477350875
1266b96fd0cd46d7,0.9734603947680422
ebe67437527540f6,0.5407428041755092
54bd91ee906348de,0.5863046119407834
b82ce39736ac4915,0.5913528214664514
b72170867f8f46fe,0.9272377014108936
57da6d99913d413b,0.9605293867917407
465619ad42244b13,0.9434719573462674
b80d63a169e74fbc,0.9084912636912659
dab647e23b984dea,0.9353414885695525
dbf3e65f15ee45d5,0.7925860547055914
40207f4b85a541bc,0.94839489002866
e109da2c3c714ac3,0.7999873107974453
1aeb1239b1b2471c,0.9692698227249518
ab8ef59a01224288,0.7880548331255146
89aa34d1d1aa4cee,0.9705468573507892
1b4339cbc62a4f9f,0.9074451835142904
91d19f1138f4425b,0.9360735547841459
e85f1c461859411f,0.9383188523503705
d5f7462d3941434a,0.8895527896207132
adba0d25a5ac4264,0.8561956146440834
b44f9906ce4f4f61,0.8950880846412282
57358e7187f54af1,0.9794307996911916
d35cf28b3d664133,0.9222102780848062
9dedc5f260784244,0.9014879368961987
991242990f324910,0.48852412222383823
fdd384e5a1a3451a,0.8069881131686666
5d0d5cfb41114f13,0.899273523687602
90ff5ca13162491e,0.9703155941547132
1455b1467c594619,0.9401877617792392
5f810b2465114ba5,0.9461496297747479
3048e89b5a2548ef,0.9584610460584779
04608dd1fbaf4652,0.8736119603219666
1452a7441fb84fbf,0.9724897465589125
f023f3fcf76d4cc2,0.9365508011655286
91bf575703b14d25,0.8520657945867437
585a26defbf149ca,0.8431349812234302
1a20db97761c4e63,0.7671784382367565
79adbc4864b548ec,0.9460435028265013
4a9f7fb5381b49f5,0.800425342557667
a79cfac8d4064863,0.9268582387353228
67698bac0d8048f1,0.9199400226825283
48b33af30c7a4f2c,0.7841642714252431
75a36d374d3b499a,0.8924485932869042
80ede4388bb94c8d,0.9419494599147249
b903f20521bf42cb,0.9125708755590247
d9a9544c5f9f40dd,0.9593510666121075
8db8224e5bdc476f,0.9693795165645416
aee74b1bd3814174,0.9473803622643644
121389c3b42441dc,0.44836302590263294
30d6802f1fcc4a51,0.9136723890920869
b63a4ea1f4b543a0,0.5476183112659755
0f2b2d2e74ff4804,0.9363362820084624
322ab1e3181746c3,0.3369712742892171
883db7405cd641a4,0.9755598493788656
2b8027d220a04f41,0.8705263758170092
5a51bc5030244e48,0.9641836094168484
215a9b92acaf4bd7,0.9300230520146523
b516f5446c854950,0.9578475466689723
1128ef1fa6d44bd2,0.9286311456864461
c5d9b5bc82e14605,0.7893703879585778
5d1b39fd86e148c3,0.96971516414076
a29a4e0c20ab4d94,0.8736539271131878
1a50f82ef7d14496,0.9487745235426154
9b3f1f75a81c4a2e,0.8944979002694728
465cb44c032749cd,0.8838301775668835
0aba1a6b69ea4c57,0.7995854947423942
2a2f82e15c974324,0.8593287035992717
931a0a3acac94943,0.9031306297387166
b137b5d222b14c2e,0.9611476979926412
ef7b790c57094877,0.9235284068181966
716b87d560054859,0.6096289234333497
d83d251611bd4bb8,0.9693538660978607
41e3892b6b804f31,0.9485168149006257
2469c14c03d54078,0.8276742029841021
5f26e2126fc440ab,0.874346544099125
21b13a34d5a34b8a,0.9106159062344362
1df4dc283a054554,0.7965271185123969
d09c721904c44e91,0.9603313586581249
b2fe1855a9b34b33,0.9552284907427638
041a7ea2b0744990,0.9530468435680204
120997eb1920463c,0.9673375075536894
7d6fdc98c6334cce,0.962622703197669
2e83801ca4a844eb,0.868490224823157
a71fc0be90ce4703,0.9518364965021691
e0722a99282e456f,0.6688109894242116
46046cb20e3443b1,0.9522493633769394
bbe3fe78eb10444d,0.7904442776097255
878e3c19f26f4d3d,0.930990833716528
680bedc5d8b24c6b,0.8623645446412322
3927aa9a5f244df2,0.915899089385807
ee1b95f44ff844eb,0.891405968841742
80d3ed665fc34223,0.9427826049523854
746e26f31a7b45d8,0.9352891111834184
29bcc64cb6bf49c0,0.651439428005659
e16a9dc950b84301,0.6484094017954274
fa865c35fb9e4c83,0.9655442982990742
e5573d72bde1493b,0.8630631229416107
7b581c2bbdaf483c,0.9409240018871833
686c94355e364297,0.3357958310168699
b6036e694706431f,0.833382696433321
916186de59444393,0.9813626891504376
fde9ab6f942e4c3b,0.8747067258698994
de83ee4a49a44bfc,0.956186342002695
b1acf77ac8314bc8,0.9184324814841595
ada087e338fa49c8,0.7624535421947067
d8fe8bfc8636475f,0.9039606729329891
350e31760ced44ef,0.7344462300684823
66b70ca6fc3445c2,0.7505713867814815
dfc7099af9364f3f,0.7103618076900948
142e4163b6694ef3,0.45521336851591776
b11f038b399145fa,0.8650674076183017
6deb897443ff4e25,0.9157900321365638
563f77c4765a44eb,0.941737222763972
875ae631b2d94cef,0.9607960243722332
5eb94a18a2b44ed2,0.8969122615347941
95856b28bfb34830,0.7441091495366161
5cb2ebe18a1c4e9f,0.9485708645435846
3a5e1517e9a94009,0.7511549274727942
996267a248754530,0.3483407535141781
cd48b6188b4d450b,0.8064760645997407
482ed3005e594af7,0.7811742567981729
afe02b3e28ee4c8f,0.9399799949395834
6f6bbf142157441b,0.925749126375557
d8018027c2e84f81,0.7922986016310204
b3c67e600e334c55,0.8471582131782541
2859c71ba37a4ef6,0.8892935984981672
c360bf39f42a486e,0.7879504229705816
ea085f4425294efc,0.8601451856873089
9a113db72df34e6d,0.9399879255592678
5d48a30e34274692,0.9647482588551246
79046d4a832d4339,0.9426824094504065
95f6c295c40e4351,0.9345590410193366
470d732911534d3c,0.9409181145454867
d1f688d201524c0b,0.9344145321999423
6d1c024946f4426a,0.8691824165346976
81be79883b0c4620,0.7700764515425182
934aaff43e544092,0.9016634726481498
4f8f2c69a78341ae,0.9194906771288203
bc92aeecc63449d7,0.8862892145352588
06ed67c95fb1492d,0.6549347883665392
bd23f59a9ef345f2,0.9373403928525804
c82c009bc01d48a1,0.9312145305461811
1be1108e385f4e5e,0.959039113240054
039cb2656a2944c5,0.9679476870170179
beeda055c0fe49ee,0.9157304926942786
4b08a02973564fe1,0.9357809299463792
244dce4f0aa34124,0.9563749617431223
7b0b9bb5f7854c3b,0.8321547836834408
db26c33a7eaf4082,0.8765375236756954
9bce94553f404efb,0.94294396269652
f2506956303841ea,0.3917407221960511
d734a30b368042ec,0.9662402104090346
66dadbd626154961,0.9798122258225153
685c410c55054fb1,0.695639730929806
72c7d82da36b4c0d,0.9252965674845308
e44152d98744434c,0.9534150742067717
308d4c821cd34ed0,0.5896263735461356
4fb7bf0e2d804280,0.8751257383972941
3c3026f7ea1a461b,0.9155556738917621
0403e51fa1294b65,0.9576770605186032
0d90344e27e54462,0.8827819731937385
b9b11ff542da4f86,0.9730699229042378
e9125fad41e24ffc,0.9756940178855887
8246fd78950b469f,0.7984262093764017
730aef91b289451b,0.8857859959242878
cd1d4da1475045d0,0.9158962775624868
ee5f4cb0623d4df9,0.7159091111168169
ba6e954f50fc4195,0.9754058934354409
63b7021de4b14e30,0.9593283216884481
761276bac4574644,0.7881464940135879
21908a4bf1d8406a,0.914127754483201
a68b58c429a24177,0.8917875326723849
fe9830d7a8ea471c,0.9245497981343631
4a85b23650804c05,0.5476277688793327
9ec4a537c76c4c86,0.8443017676863683
e51c4fbc95774ca3,0.9432914384128146
08f8dfb2db224ba4,0.9284051187478621
e56cfd99fb97425d,0.9109152191182058
8361f73787fc4e10,0.9421294272936185
3ee5b85de48f497b,0.9485173200628115
d78bb803c2dd41c5,0.9382978115475569
b36f3f2e65914d0e,0.8796355347775056
7b445c0be0314a4c,0.9872176888538843
6bca21ea05b54b49,0.6628638063976683
acd0c42be4d54d9c,0.9782921927414726
9355939db7664438,0.2540506331692439
13e18769182a4d0a,0.9728039932736353
2e765e74b6204582,0.9286487350250893
da26779ed12d4c88,0.9305102631778674
1aafe1320c1b4222,0.9272790819266621
fe4a7423c77c48e0,0.5148657235726011
f78a2490d74d4b21,0.6240313105378222
554c74a247a0413a,0.9494842018660112
62ed6ff90c264a1f,0.8663695584306078
c5ba7f56a51b4b19,0.8701235473434391
c3f47cf637e949d1,0.9354024082908539
f1226930140b4689,0.9459341678129459
2791c8262f9b4264,0.26589606432121227
c1fefd76b54a48e1,0.921271858008506
ec7f332b881e4336,0.952463971801926
b3413bede4374a98,0.8629825201960973
42a9aacf22324f43,0.9518654866700957
98855cefbbd64394,0.9688280453837143
8fff348286b74d21,0.7674748893492312
d3f54ee536d84aa2,0.8398132438510091
5bbf534f807c4c7a,0.7398510960391065
378cfd6bf311442a,0.7295647137156838
91f4cb25756f4d15,0.9415512058768801
ec34e7ec068f4b30,0.9252362432448843
273f8aae075c4e7d,0.9105448380456236
506f002dfc5f4a67,0.9410574047932223
c6ae875df1c14472,0.9183146173726519
276d72dee11c409b,0.8537086287665122
b152102119f8400e,0.8011634184677591
215fbb9d81ef4360,0.8248095322440683
a23eb897726842c9,0.9569527636576469
cd3f3e184a9144de,0.8995885653729131
84cfba54a448401d,0.9079453025647889
cf414ae774684455,0.9009303779177406
4cfbe255c6ff4341,0.9681135839740728
b1fc580783fe4cdf,0.9046088968922402
0427d16f7de7467d,0.6080642793565872
c2f015357a8a4519,0.9527392292290903
41e6ac1aca514dca,0.9709840403658181
0ebab767dc4c47ea,0.9094443527992746
5a74abc59e21415b,0.6495946254604907
52e007ae04fb4970,0.9684265068423907
78493d8667ea4c8a,0.930003957096967
7ce10204cfa349f4,0.9701648593954204
4702f9e473134a37,0.9710940319363416
84b84c4b25e14a2e,0.9136985353070353
31ab89976a1e41da,0.7447086902948651
033cddffd2bf4734,0.8323210621693489
4b833efb130248fa,0.7852614342674369
50a2997b4b904381,0.8984105299947407
71ce79caa98141a1,0.9050077572804839
873d8873416d455f,0.8829260966528952
0f2af6eb17f9466a,0.5112687762302652
3c6d405adc1949a0,0.9774238408653009
9a48f4291f91478e,0.8214234692934638
a7d6b5449aac4b55,0.9698787895288865
c897d8d3bc5e4f6c,0.9336204159755647
ca39f7f732a344e4,0.6302950863622953
ce14a6e6d00b411d,0.8628858140140926
3d4925443a0d4079,0.9076943606381633
ba55be57b1b34b1d,0.7774129210828555
3d10ebe1b0834267,0.891403377694956
6dec2b716ac74fa0,0.9724655712609422
59904ac50f35475d,0.9527687873411602
723678491b134f19,0.8165851301409679
e289a4d912c349ab,0.9526392490492565
0a5e157e514a4f03,0.900636996637009
a1006adf64b14231,0.9078614227988643
345ea967248248af,0.7162319781170566
8d570cfdb38a4838,0.849288473447341
147ab70f0fad4dbc,0.974125826107683
7edac7f435c04dae,0.8234709088478204
79b72c48463d41b6,0.6737586648583741
a5e3dad6f80e46f9,0.9482255760055189
00c6396ddca549a6,0.47582411777752015
9a661cefc8b14f4f,0.848035362630951
49d79896b6eb4c28,0.9652082306261495
9904aadc30ca4e4d,0.2622561347860247
8bd428c916694c76,0.9702165191575369
75d0e80fa6134310,0.9370021465284623
07141908f4c041a2,0.7329714888397879
169305a0799b453f,0.8168766482208967
b1f413b204784fd2,0.9425298458827348
0934c8b1982e4b33,0.9578415797822857
c2b448ea7e4b49a7,0.942733682604129
bcb1e5daf1a74e6e,0.7817184416210042
8decf7294c4e4ef6,0.9789557730015793
7842a1e198374f2c,0.9791886901138682
1340761b4e9d4b8b,0.9527575219638794
098a01cbb0774d74,0.6321135471064898
f1a5c95dfa5c454f,0.519609523518618
94d122c2094f4b5c,0.9478685245847875
4040188d5e3943a9,0.9570616857299722
484b311a5ade4dbb,0.9010492820529287
4fe2bbaa19064861,0.9323266160351955
80d706d03b384787,0.942664079101635
c436ef769ee14574,0.6804587408750313
8de7cea378384c74,0.9572137209528752
015b99a1d70a4145,0.6210910282717466
23bf1bd9daa84496,0.8004126087501913
d34126d63e1a40a0,0.9117134658853365
2fa5bfe531fa4dea,0.9539184288252687
63857e6ac26e45b1,0.8564225157131806
a587a8d4c2a6467e,0.7048911353160064
d3f7483d11a6428a,0.8155466576263757
7deca80c9a8d4f3a,0.9503827173468371
d1a7873cb4014ed3,0.6172212062364275
01dc89750c104d86,0.8065158284308961
1744af4e59614b0a,0.8801175334965571
1589059bf64a450d,0.9104666593564238
ccf7513050b74463,0.6681372386405278
8b951d5691344165,0.9689562491812967
edb446b775094281,0.6467985446566489
043ce67951d24cf7,0.9169393575226067
5f448146726c4c01,0.744712118016814
fbbd4bfbd98b4a8e,0.8973503932932454
b5685a5ed1214d10,0.9743058939591366
0fb409e4802b465b,0.9581770277177882
24ef0de4a6444505,0.9265534341708251
58950e034f244cec,0.964710898683033
b17528aae1ea43f6,0.5845385049459263
bade08741a60449c,0.9525320561933387
6d12d9e3c2374fe7,0.9564669226243376
7eb193d6f1d8472c,0.8922025971634766
1149c50824da4a3a,0.8418424128270335
4c835a2c726b49d3,0.5485146541943262
26ef382a9d9c474d,0.9476702629212375
761393982c694b9e,0.972820197556539
0cd7764120d441a6,0.9178347179608222
1b0221ad50b942e8,0.9367996532525934
08f3aaffd3ed4785,0.5228969048421875
82791ebecda34dfe,0.9624246369243112
3aed5ca0ecf9437f,0.45492429270138013
1a866c9a3306479d,0.9521072643346273
01c82842f6fd484f,0.8746490386187454
d5ddfed1a1ae474c,0.9147461861793813
58ff87bacc5f4b50,0.7646004666286518
b37158cd37024de9,0.9316451397330922
6f6af06f9b7143f6,0.923456954958323
0eb797d851b647b6,0.8230788729213451
522309f92d67473d,0.9206300536202214
6cfb4bd47b574dc2,0.88557727486656
f516dc008ea54252,0.8504729150224831
9ffab71fb5e8477e,0.8874085507019116
a984918fda5b486c,0.8919847648798312
62c748c28f5747fe,0.7680146876715546
57d1ca81d2aa4448,0.9576930573910465
682a82085b5c43a1,0.8657202421579786
943ed085288f4532,0.9692000945291052
4698f769f4124f0b,0.9573410077137079
2fd4dbeadc6048fd,0.947134132215862
cbe17f26c8db4c1a,0.2841870387382291
887caac94e9a482a,0.4113328945865383
9f776632f66d478d,0.8359467309655463
c297cf117dd94b4b,0.8945361324334558
abc9eaffee9945a6,0.8430893441404459
6ac21bcd5f884d03,0.42631069829742213
22fafd0e2dba4ef5,0.7069122270468866
24ba0874097b4af2,0.9731490463489729
4810ff37edf34d08,0.8888406618939909
a37ad6731dc24492,0.912537430668861
6e144bd622a749ec,0.9308777470691603
317abd5c7bc14220,0.9645277687161568
bc09d03674564038,0.877418139458864
c4deb6e0288a4d89,0.46756885818671223
2567d14f20684233,0.89910085972617
8df1604d862a4a96,0.9804495192838372
02cbf03bde0543ed,0.9094902810960773
9392181217eb4e56,0.9592909080322034
6b755c2824294a5e,0.5273715680387489
490abee615334d6e,0.5375176927092439
fa388cb5900e42e8,0.8996683171335172
8d9434ea196c4bdb,0.9093993091531065
2d116f2f615947f5,0.79766759177177
8d5a49ea86794e9f,0.9451816520571729
b80cc2eeb0394cbd,0.9375090631292996
9be55f6028c6499d,0.8991675601049214
15f08a89035b41d5,0.8903972247320482
8a6530a0867040ea,0.9397231916640885
b833befde225400a,0.6193403425078576
8e5e867d1f8d444b,0.9567055738691789
d3588f4191c249a2,0.7598877056028476
b1733a60ef2a42c6,0.8908561150791684
89a851d7a5594c2d,0.9153704751025034
410099bd6cad43ac,0.9616333993070667
dd1fbf53119741cd,0.9302582808436578
8bcc55d85143488d,0.9350770437145492
f17f873cfb8141d8,0.9034545569099955
0330876bf002436e,0.9238634691817046
5aea8fbfa34d490c,0.9164751726034348
004bfd3aea474622,0.9551547160707591
ccb15193f5ab483d,0.9194666696196512
7f085a077b8d42dd,0.6094744054961984
aadcd84c69e94d75,0.9683705971328133
8b9f170971354a72,0.8979439383284628
36e1b9c2a5814387,0.9367380699358935
ca53f11008c8406e,0.3651907755264708
3bc2723c5e83414d,0.9500878645028917
5123a4ded8af4be2,0.9039846605983718
dae8a05372b94108,0.971867667539565
77116904c5d74318,0.9534189238038784
8cee90ddfa9b4e90,0.934770942523731
747cd3a3d25c4bef,0.964345744848643
37fb6255f5e84be8,0.911484208936948
9e79fc9650f84282,0.9376186287978641
0706f6bebe1f43eb,0.5737865827579428
a99521693abf41b3,0.6804315789697137
31f22769139a4a31,0.872668489326085
f4c24e1aa79d4e23,0.9653013828384799
598cf2d0370c4eba,0.9547106961264564
428d2b058306423d,0.9350084955732115
abb2121368764b38,0.9773157909891056
a9053d8d49d5497a,0.9634815193697445
9e988deea4984366,0.972533073180416
4b3403e0923f4e35,0.970062119607625
f46c8c1628bf4cda,0.8794832227540224
4be73d31790f427a,0.8920444035894255
04d6ddb13a9e4169,0.8943929393272716
f118546f2266448a,0.9686897954586862
a800cb479d37450b,0.6332721726877246
ceec91bce37c4d54,0.752035802105908
a0b92661285e4e52,0.9554658730294816
6d80ee4fa8994227,0.9282507759549583
c198b104e2aa4879,0.9039355974511394
cc56bcc58fe240af,0.9607003392546631
894ddf4f404941d7,0.9500330407814007
c07fd8fa331b4f08,0.9806468593869899
eabf59b953db46b9,0.5913333138807143
122f62bc31a346c4,0.8784227253937221
0ff911ebce8448c3,0.9320626770512452
f9cb29696279421b,0.9705195984518118
84f2d9f8327a4a3a,0.9423829047735075
318f369dd0424900,0.9665715797426536
3445f5e0ba7e442c,0.7301858741891831
303810003e444374,0.7327121239518655
a2ab90720b854a18,0.9254852310396168
fb2b2bcebaf14025,0.9568716659177313
364ff7512c5d4ac1,0.9578596715412776
b9ce52350e354bfa,0.7084262784792847
d6f815003b454068,0.820080463715712
d510017a776646d8,0.9263992152080739
01d4af9895ac4c31,0.8641044652389631
f802b17d1ab44722,0.9279567407364568
521b424eafa44332,0.6595664105487987
4f13fa44be204171,0.7847165101790873
288f7a1ac57740b1,0.8263424736134924
8e491ddee797477c,0.44745320976793307
64becfd7b31b4b55,0.9055934150572255
265fdd58aa5f4294,0.9168399565837004
36a6541f34954817,0.9605071216616946
1297051f013645aa,0.8234261861328663
33f64896b42e4fcd,0.8645557496798261
96937dca25ff4049,0.5558175533703613
dda4194e40c74056,0.9606926351434173
0d0b383258d5425d,0.9536180543352778
a071c44ce16d4972,0.2971628038005714
dcba73d2a07e4f5c,0.9390218683979709
2a4784760354463a,0.7296138969657945
5bed6985e73c4987,0.8782632912171067
c916ba96bf3240e6,0.9591809383043123
48bce9215644421b,0.8101873360840227
909472fb78c84c5e,0.9719820645330081
99e40b564d244aa5,0.8829108124870443
de80266ac0064c03,0.8650685174248934
fd2bfc50ea5d4f25,0.8674967654490082
1e4ff36caa764cbd,0.9449144817357543
b99e174e1873408e,0.9725330473606292
5a0d92b5797c4116,0.9251434804948898
f06373e101694540,0.9203487496821866
1b0149a711334aaf,0.9137040594443234
35732313cf644e7f,0.8044152613821749
ea5a24b124ee4706,0.7237096396072916
3ffb242d69944c6a,0.625954310956238
474126a017aa4e55,0.9644249445490656
b08791be87ac4aa7,0.9314261334608209
f807ebd78ccc47d7,0.9465600605849185
6c7cad8f4a804772,0.935992149853697
407c571568754072,0.9075412877444051
e7a07f0bb9a74db5,0.9069032268224104
eeba952f1d6c4387,0.9180621640375305
6712cba9662e4ea4,0.9646399383152906
3337ad67316747c3,0.929562239038707
f365da74870c4d3e,0.46868834424763883
90aaa013094b4fb9,0.9503399965011524
a9d0124a8d9e41a6,0.4078886623204474
7458b466e89149f3,0.9255603325494179
839c287bfda64cb7,0.9658275702605806
9fdd58adb3f8434c,0.9020171584159317
60468662199d4328,0.824956837443033
b677ac2ff7f740bf,0.9454617497203517
72348872dc8e4b6f,0.9199712762363899
6323444c2c5c43a3,0.9669907451364341
9197a7d250d24ad4,0.9749410794295027
3115a160c1ae48ba,0.6960473987826217
d66aa4d64ed84a17,0.9649928953470563
3a4f5afd19a144ed,0.8777838257935661
166a7253f0c94ed1,0.9127984679822105
ed017a6b3cfe48a5,0.9640608433999214
a6538352120144f3,0.5608863648571588
dddd67dacb78459e,0.9145608016894425
60922eda16f146c7,0.9310793590696224
6f021d0172cc491b,0.6805501995437546
f8b303ac2ee64afb,0.9727988650206594
795edda468654454,0.9580634389385295
dee237b7d7f84cf3,0.9550621853031201
04ef1f419c774453,0.1849675789887805
ddd7b62d757d4bc3,0.9525619980545318
969efa49e9db48e9,0.9154151403834446
bcaa488861d64151,0.8979189794548608
e46e305f7e224aa1,0.9571217393590923
ab926d2a8ac04f9e,0.9121612165993134
ef84e828c2974591,0.812864324235825
5372840b87a04c17,0.9519398452078248
c23581c3f3b54eb5,0.7575181511533969
fd5f6b42137449a0,0.9112712915124555
92e307e20ff54c77,0.9209712436883368
247370a718e34691,0.8880546298202802
8eb1bf64d84a4a16,0.8848474288971226
0661e88577b24c33,0.7396774399005759
22f617748bea4db1,0.9785259812550453
5bfe9b492b4a469b,0.9642516456454072
62ad75f5039245bc,0.904982177286044
32bee970bdb344bb,0.943164072866449
16441c58ec6749cb,0.8284372433325802
2f843b18acf24b0d,0.8836113923004207
ac5bf812035b4774,0.9638971431308516
4ec69c919a4a4ce8,0.8819843738226635
cd1b41786d6f4b1e,0.9037021053919656
9cd6ab158eb84647,0.8390906570976703
c8d6ece9465b4594,0.9395275258577359
730fb9c08b4f47ab,0.9668158076260096
fb0de8e642d84b54,0.9495331103986824
d457d95bbf8b4904,0.8676534391148034
c79185298ad24adb,0.9367007377755826
40c2757c0b514170,0.9509950302146563
fcb08e97520b4f95,0.7764939988700738
ee6baa8176244937,0.9548646943746882
aa419e45088b4a7e,0.9089130727617547
29e45b38efda4229,0.9017123602433638
6fb65590ea304ddf,0.9508621490047223
08335e2a607b426c,0.5956294957587833
a0f512c869ad434c,0.9048330923678203
d7d18f22c7bf439b,0.5355221568406319
4633ba6ae15544f1,0.9095249225156578
3f777c9cd5fd4be8,0.9090262629468482
2754436e63f24b2b,0.9321508541725816
5d394699ed3d40c2,0.9528093761066145
2e1b0d3249e14ae5,0.9357948033641248
bc4d48e9920348ce,0.9256910038349285
20bb82d7821e4d27,0.960343673791746
318fee1ec0c04ebe,0.942917040805317
d97ee30411d34af7,0.5939963865499137
9833b36959234fc6,0.5935455508462533
7a683372e8984a94,0.8783605871810622
fd53606c40e443ae,0.9481472011584503
4a783f5d25724173,0.6802378457647892
e8c73b1677714c93,0.8260975006307317
7d0e7447c5284362,0.9619575988161919
f79204eb6efa4627,0.9675400692824929
5cd1d9ae81b0422c,0.9424415730484922
f41b141dde944b60,0.9192729917297973
c82f43211845486b,0.9080993548689981
7c4498044d6042b4,0.7016466079759722
e4f5e4df861b4a1f,0.8400612631176007
62729d01e01641a1,0.9467628200785233
4277adf440ac4d6a,0.638371415406381
42d6368e1f84427b,0.34077375499307827
1b7f6631311841f2,0.7907003073240806
d30178e422bb4084,0.9475007707299206
689a02e7eb56423c,0.825282210203217
aadfc4cc97384a67,0.9617875875949091
ba4862e161fb4f45,0.9720017640330725
a3bc4775cab74761,0.8738489604356364
8bb3f3f0fc534993,0.9762514942199468
9c9c760058dd4e61,0.9781486276711957
8a8a8f13f6ad4cdb,0.9624464993970008
9408a6968f7847a3,0.9549589769358732
ac837c77971f4633,0.9071318086680377
164a280ba6b04249,0.9182095882316544
d9281f8062554ee4,0.7682626909463534
8f0291dae2f949bc,0.6175184407624736
646c3298dedb4c8a,0.9464739985096601
6d4e053d31124f3a,0.8978775130672617
9441e6a8e7c346d9,0.59647318418035
d6f88b7bb6894597,0.9668442166295328
4280f3a3b7444921,0.9570388296448697
4f271b9da1f64837,0.3596500089276854
7c91eff3252d47ff,0.9531698731315015
4b3809e51d9d4fbb,0.5384593579249648
f174e0d2adda467c,0.9559591702613666
9a1b24fd1b2e4462,0.45056551699270275
b3c893010c524bc9,0.9640048415629239
3241ba0f4afd4903,0.8064127622655047
851cd9e6bd53419b,0.9432355530397635
f2c1ea8a6cc34709,0.9267928225842241
4a88b3db4f334ac9,0.8423465169584402
9a0ac087972b444e,0.8563215172280438
b3d5f58be83e44a5,0.9340107941514939
3495894eb3d9488c,0.9460090336339465
b4162129afd248df,0.8687484835840313
d2aa02124541457e,0.9604021368083582
3da48aeae7354983,0.3639774566171186
da68aeda8e194b11,0.9700303074550356
5f7583e9c9994a12,0.9409497062618454
1de459a353fe42a9,0.9713705632362265
057c2fc7b9db4274,0.8161871800849914
91fa413d8a7e42fc,0.8529346345500882
be112e10fc4c4db8,0.8949839179311783
984550d688264ac4,0.9156712453386047
be9305f7dd6244d4,0.8315237435968597
ef67696310d44894,0.7102750282064968
094d3d6f2eb447c5,0.9780812577627713
b2a047e8c4bb49b0,0.8776055466807706
5c1277b0359b4d85,0.9640997391154503
c574b63e19f14d47,0.9492037368359858
a8257b418dfd4ae9,0.9405986733194023
d75c4783f0264edf,0.603887428283892
27b8b147ea4543f5,0.9264559554837187
0dc0a626055d4d23,0.9709996503325232
8e9ea9e799cb404d,0.8652178915980915
b83b345953b94158,0.9025829736891099
394d0bb62814447c,0.9541918236318403
e540bf56af174f2c,0.9233679315150252
d2519fe63b404ef1,0.9155327880122205
95776302be9f49a8,0.9391874581512588
980c6dfa0bee412e,0.9391820276912569
076c32361f0644ad,0.8787767847537292
1b42322bdceb4b5a,0.7905891793723705
bd68057177714888,0.9099288106551771
96fa633f66004619,0.9080895211825831
285ec73fd8f4452c,0.8765879016787717
c42f4cc5391b4dff,0.9106677829182772
da81b34a8ee948e1,0.9699972504413057
7b8cb084d8a34f76,0.8140738966668218
f292833aa69c456d,0.9723000219941643
1fdd3a681c684542,0.9433740174656117
2bc4865a024f49f8,0.9112567567322386
7a5e3ed1d21b4f33,0.562832798242228
1f856b347247440b,0.8917400396723759
6f5d41ad773f4f54,0.9227299030491397
62d3fb848b974bda,0.5187057891533431
b2aaa5c86b8b43ef,0.3704772916653216
68fc427aa87b4a28,0.746510854911894
99d1c4e761a54415,0.9219991909081929
59336eabd69841ed,0.9514489722892386
ae8910b4a6664d41,0.8928771451781531
f57b115c76ac430c,0.4916441458804664
d89d62a0e6e3485d,0.8653329855616025
e7d55b5ca55d407b,0.852657288866299
4b3a7b16bac74e68,0.4629179633500787
b3b12c1e6df74e7c,0.7918785294526852
fec92c5bda1e4996,0.8565599709364231
9297873c832e46ac,0.9418921316580751
f056252e0f0b4d4c,0.9289375914974533
fabebbf90fd3494f,0.9308921727150834
e9e37f417a9d49ca,0.9066738374935818
7b935f02de4b45cd,0.9062869888928319
6404c695d4f34681,0.940681522066737
5860a8c6b341452d,0.7984164009615297
78c4924fba614074,0.9478763162158197
ae4143f39ba14da6,0.8255277896091505
005b14309afb4fb3,0.7850129149852528
5b9a563574f945bc,0.9222213045491009
8a3f81cf27ab4e09,0.9373107856052983
b18ee51d57964138,0.7522701580907818
aef411aca248491d,0.9587557597947213
466e011e41b34124,0.9122396291309479
1b5913d980d0403d,0.9384949865482473
f57b2b7c04d841f1,0.8391924081747237
56253a3a58a540a1,0.9322783299865224
9a0b975dcf06436b,0.9155943430372684
68c7b5dd45f346c5,0.9602062666868324
4ae0ae0754034193,0.3197561288308508
a6a5a180ceca4841,0.9612140134926684
ea35f9d7ae534d5f,0.5218695933226373
4ae14167e89f403e,0.3048066439058611
0754aea83bfc4458,0.879639543231718
812a8a7def784f8b,0.8867898045649302
5a699913607444b6,0.9104582056145474
533a1f55363949e3,0.9306116401478364
08f4cda9778d4823,0.8404950086000657
869a6987346347cb,0.9449623217949472
c7066dcc27494d57,0.8972236456257757
334625a55389427b,0.9563053445348297
ce2bdd151c094d4c,0.9355191227439065
392b09065a3c4364,0.9443648022591905
87fb8668d9ba4d46,0.5828664779078073
eae7807616914b4a,0.6554895413289086
9a47b198a81f462c,0.9344979435458789
5895fc3694964894,0.6695315141150131
d14beda397824808,0.9403669665362759
cbaf416062ec47d6,0.8918311878909808
36f53d7b0ca9490e,0.39736805565826466
d6c9660612a24618,0.8359006385566927
221b92ca430e40e0,0.6359246149230424
e62d2ed99cd64eeb,0.8679971942440804
2878f03a745742fe,0.9366367252937075
11324b50ccbc46ed,0.9783437669083074
df32507bba94419e,0.9370567149737559
273f15f4d31f4c3c,0.9644688157872128
0253e15c39f54380,0.9689521988448132
dd46d9835a844740,0.907852848121234
a4f966a717a64514,0.6246798028960965
3be80d5778574fe7,0.7320733366865537
fe9c4e527cff44ae,0.8952693546095999
9d386038d1a54f6c,0.3723175680952412
5c5691bc7e3a49c2,0.7579640367965338
563a74dd5e6342c2,0.964004112632609
98d1ca46796a447a,0.7749996196830915
9b00c748cfcc434a,0.9803772327574021
a0ff6c8ee1b24a43,0.9773093389214749
cccfa5604e204fb4,0.9188697321974358
83d6cccd1995414a,0.8840017357321559
c27d1a6f8eb44177,0.9658676319436943
fa92b9ed5c7143cf,0.542898640150593
754fc85bd9fa4316,0.8948894250371427
782c509f1ddc4c20,0.5210302471871665
6c05353c8fb04759,0.7785098472889911
bf99912427bb4f7e,0.8616973268591782
00c96aa0cf2c4f4a,0.9257701941064527
b1b4bddf89b44dcf,0.8609926404422137
4abbe69d89144083,0.8672689530064539
62dce7c8d99a47ab,0.9328735691470418
4ddba659b77d49e5,0.7062671734990003
9d04addc6d844916,0.924389698629595
36908bbea3f24c7c,0.9027543111031707
43f82567232f42d5,0.9258667883866877
756fec6fe59f48d9,0.9740798751976635
70293998205c415c,0.4875859990540875
16f718bf04db407d,0.956225396331912
4d839fc99951465f,0.9383457510689784
12f2dbe7cf4348fb,0.9397898917238008
2bacc88655f5416a,0.9571616144730245
822e23a73a8f4ee9,0.8881573178484561
1ea1e9e305bd44cb,0.6683344527156363
0fd76a187e674620,0.9831255470032344
ff3358c95acf4a45,0.8876281387078471
4d25dc5026d3455c,0.7952825682956156
2881cb28d80e4c72,0.9522337598923838
8ce07cddc8fc47d2,0.7877427981210693
1514ab2285ff46dd,0.7818569356317485
5d501e7aeee04536,0.887140473123847
15c22cf4f7e347d0,0.9485004152955662
26b9107d28e24800,0.9415402250094846
f7990980c61f4b86,0.8719150789535961
4a53964893814eb5,0.9659196583490842
fd83d3045fc24f9a,0.9152944328903879
25af05f7adb34cc1,0.8974411769573523
40441411dfb0420d,0.960297283734254
71f419475bb44bda,0.9635699581635215
451f372aedc54057,0.9083112940229944
96790323637948aa,0.9495248836124656
f10f1782c3cd478a,0.5559243274466426
75df011517e347cb,0.9182842453474809
c2cb0af691c44adf,0.6144595719162567
52a3aa19ead64e4b,0.9520601281435869
69aca87fba81413d,0.7710778688277542
779c5d189f434767,0.618923093264167
1f6d11f532bd4056,0.6528495679522442
9770bcff48aa4bef,0.8628259093269466
efc98f960770403e,0.9637734568112549
0e5f52dceffa4d9f,0.9527995149127663
77b11a7666dc404b,0.9543014840280843
0e112880161b471e,0.7297647934627756
89e170e65f484ada,0.9037829726655786
69aff6bc0aa54903,0.9520187542523303
0c9304a8bd5348a4,0.8645039503853686
3de61b97d38f4ec0,0.8899036483049266
85c8034ed0c348af,0.8414715587481354
395b03787d2443e5,0.9770457357930407
ee7726661d2f4c6b,0.8010416041852513
012e1f45824d4b6e,0.9613189133217689
0fa41f234f394354,0.93960971036867
20128b53c390425e,0.9119557643073701
ab00baf7774747e4,0.9655891890963866
007ec379528e40fd,0.8292408828190304
4bd94c330d3642bf,0.9291947812977448
a7a1f3ea74c94246,0.2581733869179598
00f5c3b509e14a41,0.9741449538729742
23fd1fa8647d4432,0.9073516922380694
1154f193d65b4058,0.9455991226405426
272cda52158e4e93,0.6028484838745023
9ca8dc577e8b4f4a,0.8185433260132614
9f6b32cdff7c4fa0,0.8166700347841631
802c411578e04d90,0.9636001873284414
42f85f4db1414250,0.9618187881706189
773de340de89440b,0.8358328658799115
0a2f266a2a7a4cc4,0.7500515444266225
a3339d7ca5874f9c,0.9627889783352385
5513ab88a4e14c14,0.7848614676967512
ea9db629ceb442ff,0.8907817781871892
74ca28bc3014453a,0.8367223907767853
36a7035660164fbe,0.9394800219755568
fa281ae6a29f477b,0.6015992408242826
1f39ec08c5b54a2f,0.9573840833633039
f54a89dba5aa4082,0.7856609831371374
f799f06165314719,0.9101600764330736
8ddc398782524020,0.9756758144292672
c5406515a7a948f0,0.6401177982231085
04b3435914124122,0.7876139723985502
6a85b86c66e143a6,0.7820560026633774
f74af82e3dfd4070,0.9257088013135946
ae06147d3b7b4b15,0.9529119177466441
a063dc5ba801496f,0.7229005868152152
de89b69018b647ef,0.9242032126392052
c329cc69c9d94c10,0.6604883177815328
780c5d2c6c224eb5,0.691028449133169
26826b5e992d4daf,0.925870007376177
729e14c5ad8d4b83,0.5562634961848257
977afc68f3b04000,0.9570055286145875
918b1d650efe4fe6,0.9364814577265099
ae2b35b7b615429e,0.9569983736142391
4c82ae7f194b44a3,0.9020341230683916
e9d02825c1914886,0.8316963457587495
84655a45a67e4bb0,0.911770583982187
424bc6adb1fd4771,0.6801253266436439
22a5813fd1244a41,0.8668793008726056
899304ede3d547b1,0.9416047808693313
fea5c072bfb747c5,0.718207764302353
fa678d7b4dab4eca,0.41898312906424723
d198510854f74d0c,0.9015708416098079
b6c97228b13d4b47,0.8150063420545065
49f3dedf653541d9,0.4745375669764891
1e07e650e8e444a1,0.7457941752426321
b623b3130d5a4eda,0.8887028137542626
d1c16ac9339444ff,0.9594077096588711
2d45675af91e4ead,0.9733680415072429
22ea80c582334df9,0.8942430095721511
7d06fc55ac274e9d,0.9149368904649422
7b930188635f4567,0.926808922866863
dd73744654064967,0.7690898498971637
1de1d40056f04660,0.5996772799719133
18bec36e20c64ce4,0.9039026565862884
13d80d73d27b43a1,0.9522449083841642
8592cba336e24424,0.9704102348168018
9fc3721617c744e5,0.9214316513715326
a39e4961d4724cdb,0.5069618334086071
ffa2ca76f4844693,0.8425464382174298
c41ede34ca644988,0.8923059248902482
cafcdefb6c364670,0.9070245189125257
d15b3a2c2f51427b,0.8071868674475208
3ee9409b46c74be2,0.9715046810814494
8145362b85fe4dab,0.9534479396621605
13dc2ec964484542,0.9660052914394507
1527fa74302d4c5e,0.8642155429030649
e39313e726de416b,0.9526255443993168
11d827b66f8a4997,0.8987272798425296
144f2b3bd0fa4fdf,0.7748545725297414
548d823bf6114dee,0.7024263640047009
954a6554443b4fca,0.8943483675774732
c9d5c5201d56454f,0.921615876652274
d1a80bed5fb44b13,0.947789437301571
9cf3c7c3dc5946f6,0.9332544525260176
8863a0c12a534a62,0.9748081145568661
e1bae02788ea4262,0.9318384428801162
c1770dbbb2ed481b,0.8977859089184121
48937668d1e8414a,0.6968281450118841
d7a7c0d6bf6a4456,0.7526030964881402
d09d1d773ecc4853,0.7583020735368805
cdb64b653ddb432f,0.9540892439189166
06898ebe7d7f415b,0.6990306561179407
a93024bd69944672,0.8630341243457876
941ca13c941643a6,0.9445848344824217
679ada659f014427,0.8594853285147681
fd43dd7978af41f2,0.8284751952087761
1a20ee96c12f4596,0.8844149406169343
5cc6695ff35d4f03,0.811617293722432
970bcb7f42bc4c3e,0.9445524317423443
f2fe59fd36a844fc,0.8990246030041716
191ff52c0d3249bc,0.9508176573648455
603049de534a4141,0.9306611020232562
60c2ca32e42d4827,0.9564997078904786
f64817a9441b4ed9,0.8703746583962045
aebd40aa124a4b18,0.8150474638987544
fa000d4b6e584faa,0.7929335999622098
9a3bc1de91144b76,0.8319206222778837
2f1d148dd406440b,0.948615010088147
488eb7af40f84007,0.9062384013134924
1a06f408f8f247c4,0.88095314431941
25b8e79203504661,0.9508122462189769
e1e0a9ff821c48cd,0.925857494474947
4d6c6166dd2f4ca1,0.8846943934896002
227c654bab38416d,0.930618626190095
873fde024317448f,0.8779948075880571
257ef7f44bb14fbd,0.9750339110869056
e1258a07455f43de,0.9362093386134652
3b0a1bc961c3432e,0.9541276693933739
861ae0038cc14939,0.8871453431683861
9cf94972e6f14a22,0.7820826508125484
00f3cc3b63bd4403,0.617008380181117
28591056bc50479c,0.978631480787532
ac8099e2ce904381,0.8974847853743795
baefb72917534434,0.9681488049991038
6c5b15d810224793,0.8946832483409631
81690fcf09234d0b,0.8999304383076886
38765439b1e6403c,0.9016092589844236
017ee49268a8426c,0.9557982712458445
4a930f1187ca413b,0.5702365416232097
6569b2f3aa7f4aaa,0.9125724332401864
5259877b94234810,0.9072793134473288
f0bb526a275f435f,0.9740914426255474
edf44f1cdffe4955,0.930655218587585
5f4dd8a1aa8b4c74,0.8568592563454064
948a5ccdefb049d7,0.88787058575887
1bf6dc53f2454569,0.9671130104922735
ea7ed20882134ab4,0.6853333263830542
1c92dd0197b64f5f,0.9780263205833228
14d90f79128a4f26,0.6584601394908626
65e25c16f9a444d9,0.9530149018505047
f9b9057c73124de4,0.9088702928251873
bbf543ff460642ef,0.9517119843611125
6efd151b5dd34104,0.9537644307484885
c99e11fb947d44cf,0.9680937231108233
4dcc1d4099c1431b,0.42699681369735687
f0e52ee156e34c7c,0.8927198770872908
01f3ca49e7fe40d1,0.9472936770279367
8232582f5b694543,0.8820858044247984
666d244631e74334,0.9561041211929415
0ad22e6846e84d54,0.9607169554737025
06385edd757d4fd6,0.9654895972585157
96bf46071c504acd,0.876553579392359
5d8bccb8513f4afb,0.8624050656567626
136a9c207e0045ed,0.9065744851434028
ffd0495f9bc04288,0.9313472529632627
962bec6567974c9a,0.7822401475754196
06d8b21477b94e18,0.7401378486916429
e64d248c8e9041f0,0.9159568660137379
592d3eebc0d34a71,0.28432394469487887
7e3972115e9842e1,0.7817251875167144
bc3585120a904201,0.7623384024167927
6ab61ecf4aec437f,0.8995404097225891
f0ae766b8c6e43e4,0.9617798325330122
a0e9a73080044ccf,0.9214737615469099
dc2f739c370346da,0.7407437305560263
391dae18d4a44f52,0.9627752742484148
3fb2881d108a40c3,0.9234600695824237
9552157856fc468c,0.9656531426494648
f8f3f2e896bc46e6,0.9412446090474433
7f80f45eaf354305,0.967239869680273
a036866f5d1f45a4,0.9055998293626966
8f99df3e36264caf,0.669088714517033
75dd5a37645d4398,0.7597091077680392
56e05868c034434f,0.9513689555545798
faaf5f97ea584a6e,0.772640981473551
1228de1be61f4b01,0.8170665866991093
019a29c337c54357,0.8581114591814045
0d025efd0ee54aae,0.8311579816918525
2e8b64f87c0f4f63,0.8146110285075404
078134b05e704c70,0.48460902973108505
2afdbae069714635,0.9230807658823464
e5539c93a8484b16,0.8899151001783645
2732996fd75743c2,0.8434391103140877
faf63f674fdc46cf,0.9190808136198482
b5075660d9474b29,0.93959973088305
0b8afc07378a4b3c,0.9352784760746645
e51f09a28504426b,0.9519701441779675
e8ab9a11cd6d4224,0.8402261500124707
c762b5cf3c74461c,0.9046840526573982
05f2bbcaf8f04dd8,0.9648351147582462
5f26e88550b5428f,0.9713705538291529
3c57685d36b14d1e,0.8649044928407336
e17d2f590d84426a,0.5905267279437397
2a43160c23a74c18,0.8638267433363354
a7cfae1fd49643b9,0.9607882767268051
98fc7bd9c7354eb2,0.8840938710737603
c728a951ef8e4fa8,0.8599206713967492
765910d68ebc4352,0.8740604933739624
1c5bc159f7a24bb7,0.8459201541530743
f78faf1a9beb4ee1,0.9651725157964506
f8732a3d533a4a5a,0.9210937624054967
77ef8f6903a84b28,0.8956619564627517
16fd7ad5521d4a49,0.9739543541147456
0dc47c2fcc364f39,0.9387505996188789
bdaa351fd1eb472a,0.9713572615448494
d85a44d771f94bf2,0.6255650668237439
74f154d4bd26415c,0.4867213272411129
b1ed242504544c48,0.9089308387377897
b162392f294b4250,0.649398450827223
90d889d55b474c20,0.8881924254608148
6c2325b796cc403e,0.8814801524580445
33d96d0637dc44e2,0.8704288414497752
f790f0e7dbf54138,0.9287128660897516
bf1257bccab54d9d,0.9587573434614949
6214693f6a8442fa,0.9181264784811078
20e53c0d2dbf411a,0.9358245842972666
a448ba7f97504db1,0.9401043995666934
1280e3cda4e84af2,0.8897772770386495
a69a8ffedabc4a4e,0.9352397277457037
1e0e55739a9d4261,0.9508118619469191
b93cdff9660e4583,0.8526388499588146
f3f1563cc7284339,0.852236126891467
f23e1c741c61495b,0.820803774145089
7a2775c5437c4fa2,0.9200875800179557
eb3e06b65f034dfe,0.9261168708124337
8e159ff6c61f492d,0.9490592315168471
db74ad6e08224d63,0.7992406442755372
b5a62f9dc7e34206,0.8015089344671661
9e91ed051a544a6b,0.946287382826157
5bee2e039f8443ce,0.8651451929425249
cb6aed10f72846f3,0.9603961997033768
5e780151ffdf4736,0.9248173224178646
1a27b65d665a4d17,0.8276357997600622
647329c9ff164e0a,0.884914430144081
da0add54488e44f6,0.8949370584931472
a80aa5fe830245af,0.5923132023053487
3fcb41964c074dbd,0.9358687931426505
1d791ebc0374419f,0.9450015433451787
73be666ca8464b97,0.8226968164817091
7064a3d9adbe4cdb,0.9166869564315292
a4dc164811274b6e,0.8831458503955321
eccfa85296a74309,0.8599867142917748
af3b72e2f1d948f3,0.855535304196298
3aff1f99b21f4768,0.9772680011117459
8931c3acd1ee4596,0.9315965577045885
92c531a9783e41aa,0.9070322385096704
2f0dbf492fb0445f,0.5794506923688237
6c3c0afa0bac4c17,0.9187948819023866
fee3ee60c2ef4919,0.9224657795302887
8a2288a76d7c47ca,0.9415394533373208
b25e9ba354f841c0,0.9490341350507049
7a8f1b322b1c4ca1,0.5570069528655939
6c586d3ccb454cea,0.8933416311788442
3822b624a18a4ac4,0.9090921492740691
ea83eaf439674f2e,0.9589253833958861
dda22bd0523a4c4e,0.8884068832193805
a7b63b8aeb5042df,0.9228958153159349
f24418e7dfe44617,0.9776812629325679
2566fa01a3c1427d,0.8385362009428764
f23660cbe4c54842,0.8910208218101237
47bad70123524e42,0.7369117055976457
dc3072739e8147d0,0.630209512868594
f62d05ecc79f4d4f,0.9750261038136702
fe33424515ed43ba,0.8831587871289696
3192ec2900364280,0.4020964344201269
98d8b915d71542a7,0.8927489695211973
3282bb4bde9a4cd4,0.836417917440906
1fbd530b6b264c76,0.9426291348466751
a4bc4b07af884b3a,0.9214242156998895
0521ca77d6934f69,0.9618337097173396
28cb851375ae4216,0.9235960099328574
19e6d066144c4a2b,0.82004341728744
cb2cdbc617834534,0.7951536529641643
5dfd8efd832c44ba,0.9688544621655815
2e9605c4ad4b466c,0.7055765345247585
13feefbac2dc48e2,0.9717210608382897
b6d8b16767c549f5,0.8803529933776097
ce1bf2dfaecd435a,0.8883463158862018
0c5a2876444a4d39,0.9451736700183947
699a6557dab2450a,0.8942270809189397
2f530100f88d49a9,0.9140874800983252
9c8d081852a940b0,0.9340133363200834
390502e0fa2649f0,0.8779986687822182
1bfaf974df7944b5,0.8954480990212099
518ed05d27fc4a06,0.9535218470111995
4f4a05b5b4c54c2b,0.9594859094523069
85b78082725d4315,0.8958396494938172
d9221fa3099b43a2,0.9590648063405369
73c18022fc294ed7,0.7998183008051952
996ac3a60c5649e3,0.9432191015493242
11cd183cbb2e49a4,0.834200264296773
0dadb77e36bf458c,0.8869241739960162
eb69eed4a658464d,0.9374533603550891
51028a494c904062,0.8819275854097288
0770763bac5f4ab9,0.8322450110965472
c679af5d553f439b,0.9288793266390851
e6a94801ff564453,0.8506454935472062
c708e582f5d14254,0.8360940959295864
aefdcd7ed35840c8,0.9813984485273183
d0c9dd37cfb64264,0.916387753074083
416406b95fda4a00,0.6870127409344938
fa661ebcc87d4542,0.7642387182119696
b9d8da4b9b0a430b,0.9298189555943513
9051e8c6971f40ca,0.8344497428522409
fb9d1b5a8086472e,0.923638338538246
f8d61302b03b4151,0.8169155485798139
e02c33675bb34963,0.8987863000601547
f1e75300b6514c67,0.9676004257157846
2dcd2d2b15d14a8a,0.9113439632943642
0c6ad3462d8c47ec,0.8503051062414076
13b24f2b0fe84301,0.6120929594686214
bf6961d9e20e40e1,0.6386552416534972
a6bf7e54aff4411e,0.652447244330168
aa025201dcea47be,0.9528576384463884
0b27dcaa17884c5e,0.8890233661835258
7dfb31b72b084eed,0.9481743692398495
09cf4a5857c3475c,0.9329298737289115
dba66b8d756e4a77,0.8106500737899648
7c9ef19be48c47c6,0.8196747567627449
9ef7b134c52e4eb6,0.8843165617194241
e3d7a25233bf407b,0.7179657261499935
9e027c95f3664f66,0.9571603376871956
509bf1d21d5c4c64,0.24855793901798814
2a6559cc90e04256,0.9808859671654186
9f2508e35b474409,0.9347301311007072
ddc93ef34f3346cd,0.9524015977518743
74adc507170e4b1e,0.9082550008775292
0a70ecdd0deb4b48,0.9716115507077271
b8664ad8534d4e88,0.960332830822653
793233208a4d4980,0.9133221644839689
f9f6218ac9cd421a,0.9749121330442208
e5ef43374f07495a,0.9805635190971753
1b0f0fc183064072,0.8972890216383723
852bfd0a4fb0410e,0.8259733820509323
f57ff90de8e3407d,0.5910998063084818
eed0e408f0804ebe,0.954147680656699
b5c784f07e124aba,0.9021217022438296
653f5848bb1f4d1b,0.9117532617733791
2870861fb2ea4288,0.8588473836536722
3b69d78ddf924b2e,0.856446337100546
31941b919430419d,0.9472182069375388
05b829f9d17a4023,0.884804912775208
d6935b652dba45a0,0.8577752284663825
a37a92da5f864cdf,0.643376580397788
a51fc2b11b3f45f1,0.891524134151485
8b3717947ea54be6,0.9693573306736061
ab3e663c99b44cc3,0.9670797451628713
b6ba4551514e4d2a,0.8913852641246857
144fe211af864ac6,0.8890400447947602
970b864f876047c1,0.8409371029884638
8e65c1793e264c42,0.9402649304407049
d58d4fd61a0043ed,0.8217350016176941
c2b59b9b901b45a4,0.9235216359509828
b0dfa3bcb02544a7,0.9149342670424023
0b431416f8b04ed4,0.9590052075033335
7e1c0571b20d4c5b,0.8527450288307381
1ca98757e68a4101,0.9750813179223311
f469657724be453c,0.42728273714252546
31e02b43028347ca,0.9367938116329524
700dac574fae4a2b,0.9036395219035428
e09c8e6404f14ba8,0.9510927666097142
774cf48a65f749af,0.9534541071913433
11eec4604a824751,0.41320729499323555
81072d3bd280438d,0.934255210636676
dc7dff0cb9674970,0.9226685515100159
6479b66524414431,0.8276695792628421
dfed7919e4604ac0,0.44201633681078095
ec1cb1ee0bd34a80,0.8762772835362792
d3931a3dea8c4bc1,0.9101553538853087
48b26d6583c448c1,0.8692719145562162
e07f77d2b24f4cc6,0.9261841062553295
23bb86de7c744fcf,0.9178866501643034
189069c962804c92,0.9685224681312581
5d12547c9dde423c,0.9673946173612002
a89280b1373449fe,0.8983259126639342
90ff2408720044ad,0.9637324227867504
f4c718602af54b54,0.7587842505146082
66c4c73a17ca4274,0.6040852803816453
7be0422a74924a26,0.5903867551675934
05237527d14f45b4,0.9665329609662975
065ef50accab4a7e,0.8684951184317541
4354e252dd0b4674,0.9245529350253151
3b7d729081af472d,0.7348801067723755
e28d6cf49e074471,0.8978900861260449
0461ba45ac7b4dc5,0.8509854398081539
4dcde323168b4b77,0.9548370214140491
0d3df1bbb1c24c2a,0.9473871446705394
d48a1e9ffc764270,0.7809199153027706
343d397fe2344fea,0.5635678484385556
a8f5ffb7741948e8,0.8145443249294992
519afdd640bb40a7,0.9236412657878486
57fa0d7cb49d4bdf,0.8489897623307855
162c2bb4194f4c5a,0.4879196977401654
9138ee9cc60d46c0,0.7860888266909994
81c7ce8b60a94476,0.9357875848648908
eb1e53162aff4c1d,0.8772838232236148
f75bea051da641f7,0.9228102897372139
953644560241487f,0.9059862148442103
fb15dabc4d4149a0,0.9745667427535533
6cd65c3b5598441d,0.9031796905924684
b19ff6d2413e4d73,0.9329137144889744
d350ab3f7a4a458d,0.7869692652886788
0dbd47c08a2a4930,0.7380969577641587
1918232d214b4fc2,0.957705368453607
5924c0bfb7b74be7,0.9038775804460781
a761ab340c0d4a1a,0.9812880551263029
075eb94fec034c86,0.7366500889026155
9a3fe7e847384e3f,0.9041877012938712
3b417a039b024bc4,0.46855902684951134
ee3fee1cc2a34d96,0.7912424228557736
2b5e00fbe28442a8,0.8102677351102788
0ddf468607f84244,0.9374913638297454
ae365d994fed42ca,0.7444193749557607
4b563409ecc04a94,0.9702621367833176
47ef8bed20074933,0.7728101327549461
09a74ecdb5d74daa,0.9599475386549466
641c88150ef34155,0.9138938080313234
a292282d0f7644b0,0.89006216096222
dbf701f874a241bc,0.9541832276062485
f15dff2b375c4178,0.970615567716999
b1fdf461d1334eaf,0.8790284389836859
2b8084f28e4a4270,0.8576234969501304
333231be98694660,0.9664719354399076
598363368c234382,0.8468705229632566
8b347a433c8d4732,0.957515548091865
17912d4e955b4182,0.9560745603938876
61eb5b31543a4a97,0.9015706143873587
8cd9b540a7d94c24,0.6832631674034033
cfbffddd4de64e3b,0.881686663685284
b9557e824eb44b8a,0.9246261993679333
3fbc2a05d6f0472c,0.8462985652555143
5f6aa62656364d00,0.9697601312185254
76a39d2437414d7d,0.9449760797031177
2d3d943b09b24520,0.8842062013325653
d578357cc81f4955,0.8803034801444855
1be734d2568549b1,0.9165483738655821
8c454be6cfac482b,0.8457730675588367
a1f1aaa2ec1b4728,0.9542165247203513
30cc235ba1714de9,0.876211723994169
319b30e8c2fd407d,0.9493205285987081
a2b179e5ef4d4561,0.9262897465779609
152b8c58b5b94dff,0.9814222888956088
39834f2431404867,0.8895476977788439
2b4e730c9a0f4e41,0.7145314034731334
9a27073fd9cf434f,0.9445215249446305
a58c5720d2054925,0.8863207908707523
a0d5e89cb28744e8,0.8570007823738706
427b70c0b9ea42b8,0.9643904196265025
26b73f729ea141a1,0.9556613015544217
4d01f260a7d04d1b,0.978794810313035
346306b330c34d84,0.8828512608927422
df720b0fc06f45b9,0.976732109257479
594528496dfc4765,0.9644879580460185
1690f0a40d6f4908,0.9796889967689195
f0464a643c194d35,0.7901003632159883
5c917f987d994f42,0.9623784632795207
4ff55af016e4486a,0.9402563053735682
6e7a57e0423e4c2e,0.9485667567851922
232b05a0f7d442c0,0.9084588337902579
2c53094d05544e0e,0.9492046486397471
ff39f35616304711,0.6621672944767358
3b77b10930ff416f,0.9043707575725387
e6447b68bdeb4a7f,0.853492644416507
7fbde7b802344c1c,0.9329864339437978
ee95910f549d4ebe,0.9553157067916737
2fe438b474c94267,0.804970364190849
20d4b122a42a4af5,0.8694618212708762
7f5ecb1ddf4246dd,0.6181916704331241
f1a37eb7dd8a48d2,0.9608096288506102
466c8205ee26417f,0.9117460789918888
2faaa13ec0fe4521,0.9284364318794694
dd041051c43b4d4a,0.8865646794052296
2fbe09278a1b4082,0.8258568778425259
8637c5b80a964320,0.5811509788343512
18cd9be907b949be,0.9658599522065555
d62e38f79355479e,0.9020542599177466
a3f275ad5ebb457f,0.5989413695487816
7715a8148c9d4c8e,0.9560897548680288
5cde5ffd78e44ff3,0.758972498494257
29fc41bab06e4c9e,0.8179508301966589
d23013c94b3c4f2f,0.9327140446027677
a729f6bcc40b49ff,0.945745572697793
751ebc7e6f4c4fc5,0.8239331876928961
ee7f5d21e8784118,0.9682281208866548
3b2a4deb2b264872,0.9669432557922294
82a6980ac3ad4836,0.9409435616702304
b5ece58dcb0a497d,0.881869131738009
71ac52bb41564ece,0.9351352156598842
1babe5be7353417d,0.9060892676998629
4006bae2fc54466c,0.9373126349456072
d4ec15acf68c474f,0.8161321464732577
7f298a590d164e68,0.9358183686988628
6343d197b1514eec,0.9401796366790106
67e5d312f43a45bb,0.9598432475626939
2bca0992d5354efe,0.939429107229833
5883a023fa924f1d,0.6149284609166449
2279581dea784e79,0.9652640378115235
2a9299fbd0de49aa,0.9369090302916676
62ab38b3089044c4,0.9703116881379831
4b218930ea1749f5,0.8748632563279293
8848e8c498444c4f,0.7992907281120026
98e0808582dd4c57,0.9422200229026909
55bc90c401a74a42,0.935447966105856
c314ec9406ef4235,0.9595371584770692
85689e7a1b1f4e90,0.42310124693283324
ab3daee0b9984c6a,0.9377911062723379
f2cb82d5012b47fd,0.8863984558221296
9ab8c4fdcf6f47bc,0.9039127036720355
1b5d548e9e324e52,0.9601333977425559
92d5382ec0374f59,0.9317451715297862
1bd0a0fc3df740eb,0.44243107029485057
dc5ee12982704917,0.7717284616852907
c9f726c0f8cf449b,0.43940515617845954
33df842a41204ff3,0.8462331518734315
3b0ce2727b6b4113,0.7876063971551208
c6b36576a10c4feb,0.8824947972798687
55e1af85b8ed4123,0.9773091470621795
5e70c198d17f4f02,0.8795090818431436
35ac1efd779c4d00,0.9611972091274443
1e2dea7a86b64da8,0.875009019235507
c46a0f2ee7cd48c4,0.9328058024786882
ad5283913ad04d88,0.96052870784653
2bf488f40250472c,0.8801329073130492
62047a57e8c3496b,0.9651622335093586
1d7a019c57cc4870,0.9483825191353356
e3738b938f194d99,0.846606953036192
b2289f7473594804,0.7938913082180343
d7d493ef8f35467d,0.8281188087856984
b6ecaee69f4246cc,0.3578202339181051
1926e2d2ec3c4db6,0.3366403422794392
e55cc651e4a44376,0.9689128809631162
4aaed999edd54218,0.9585448006512742
d5a5246f896f43bc,0.6041187224150341
2f822e64c93e469f,0.9140356367069002
79efb2dfc2fe4577,0.9563600476986579
afb68c3031434904,0.9201520503134072
9b297d0d1fc24004,0.7877492595027685
27a81c3d3db14d1f,0.9397845625974454
83f72fd2b6144c53,0.9410281317149976
d03a15d3ad254672,0.902002051709469
b7d279f3f8d0491e,0.9723251495766077
0c71834e44b54587,0.9185128222395584
c4300adce6a84fdc,0.9537107951120829
0dcd25e6c8984c90,0.8769823164375651
630097302cd4482f,0.9495436520780891
1b0222be85fc4632,0.9013789694713567
b3baabb656da467a,0.9051580907517686
5797dfa69bda4d28,0.9120790428549453
1078ec34d8a04f6f,0.9420995237642791
01f1ba4ebc36490f,0.8263707622865214
31c6694e92554e13,0.7267261325972875
d4373e5e64764666,0.9536329466424119
befbe3f052a146f7,0.9707924611526451
d0edcf04972c4b20,0.7242374060949232
1f517e84a02c4eda,0.9455395596020094
8ef969e0f1de4de1,0.9493812643171872
05ac87355a3d4efd,0.9609317475550709
faae9680217445ac,0.8667553965485868
beb3cb51c0474165,0.9227054980148749
4b9fd2278a4846c7,0.8516834479265801
07e5749721ad4412,0.8894948743519542
752af8ad1e4f46a0,0.6282367783852175
c76b12ac4b064dff,0.4499092900482806
aae69c3d8a5e4e9c,0.9778620220853697
784dee8c92704e13,0.9364976715383553
5fbb2f46bc6d4493,0.7770764574297678
9f2a753efaef47ce,0.40429115266628035
0ce5ecb439024dee,0.93564614213978
ac796434043c4806,0.6443672268084755
b06355c3cbc24263,0.9488681973113388
89fa1004e7bd4ca6,0.4078262243894133
ea2770e4a6c84c58,0.9416780719720286
390f77d5abc74f0a,0.2578625433478788
77d4bc2a12c545bd,0.9599308795569985
354b0a8d9e1e4fa6,0.9540123869215457
ba4d75bda28146fd,0.9566190431049856
baa1fecb472c4638,0.9436048386051891
1a004af8b3ab4b9e,0.9559069664629716
21004c9ce57a4b39,0.8628376715303179
3288f118cff14fbf,0.9074435890968229
966275e303374ccd,0.7652915118851333
20bdfaa02de14cc8,0.9063432170842359
9a7740211aba4a82,0.9373522804182415
3fe5b995177c4add,0.9625318877130074
03da31c1c6354646,0.6730325004242071
cebb3492e16242b0,0.9454473194433926
c99a9a9c0e7d46ac,0.9319033147426726
a8976580bd454a29,0.8924962370770506
f9c2216f92014d4c,0.9098654502224189
31834d9b6330431d,0.9270474790918231
b13818f4f5f24722,0.7141809220198542
6f79985f989a49f9,0.8857936367104519
5334ca7b5e2f4189,0.928401990676382
f3f3e197448044b2,0.9010370083339307
a1af26f57ead40ab,0.9059704514443201
c9c95cdf9d7a4a09,0.9393085177917786
d02d7f65cb274256,0.9555123925356183
558123797bd14799,0.9774618730470981
dcaaf63d053044b7,0.9003989994259699
c208b6a047494e57,0.878788804464297
cabbed1c477d4f96,0.979323537340078
8663649097954d66,0.8331841809617748
54df7e9681a44721,0.9246314329476136
6db5b0a0dac24bb9,0.6599822661889897
22e98166326c405f,0.9463065880141656
9a4ab87ff27c4e66,0.8529784364638952
545fee3a49b74824,0.9162590630919759
82459068ece641ab,0.7765812533238996
2f650770e3b74e40,0.9461449530924563
4dcfaaf400dc4403,0.8293318559701096
731cff086a2f4a85,0.9436697802337678
721073fcabe64469,0.9358877568171267
b573821fd71a4f44,0.9357809299463792
ab974a5772914707,0.9789540473959828
663cfb6813184480,0.8728921814913895
01ed76dc5f27427f,0.7653996636456925
2d1c50d576854a06,0.43357912044717123
bcc8f4d3631d44a4,0.07757251990490426
7ad0271842ea4175,0.3617275489844518
ad6a773e684b4f92,0.9772856810126201
0f344e225c154591,0.07532655192862044
b84c1f6f90874016,0.26917790230390076
df940543f99e4b74,0.27971890166437285
38f228f6f0ff4a2b,0.2716344541130057
8a8f77aa37174808,0.18216519557698233
0babb803d3ee45a9,0.665578495364682
118cc6a5dde4451a,0.6565584913124726
2ae6ef11f99640aa,0.28218468661015644
446c89e3a7224649,0.14324350574948835
a724839f21e74cdc,0.09131983539889654
c1ade394c84a46db,0.5090854908716035
6755861963a043bb,0.6722849008468841
fc1611da7ffa4949,0.7356425174484015
fee2473c6aec4c90,0.30150574791121515
35cf8ca174db4335,0.09267899492432251
0db6ba6cabce40e3,0.6675325766070609
42bf0197ab9049ce,0.3783294268327024
4a98132e3f2f4f66,0.08630718170325515
dbe4176601fe48f0,0.25925830561807955
d4053cf18f944619,0.2172950063538424
b3bddad658b64aaf,0.13452047964711994
89c36bd6f56b4c94,0.06244392141688427
9baf7fc9bd7e40d2,0.17612959807814096
a5020c95964d4ea8,0.3132236589234544
2d8d1a7721294024,0.5116989953708057
3094c62fac1f40e4,0.1809973654617148
a17b15cf5a224e02,0.3413547581377716
e86a5a03413f4fad,0.8627925695819137
37bf3025346e42bc,0.5937582490108363
3b31b1a76f424b40,0.8864192360560299
bc97b88981cc434a,0.6162267855911074
564c9a8653774841,0.13985569639964282
503fd85e34584edf,0.5886598048135341
60df32a5c613401e,0.4108265473634755
db088cea6fae4532,0.7342905913318954
71a5715735fe4531,0.3462462405939949
97abeb6bb9324400,0.13146214996692304
14e72b3cb7414e89,0.39636904115908583
a67f71ca97b44130,0.16152165952531425
dddb9aed6cfe4ba5,0.38434570578202365
7d5ada1d96c6488b,0.7794361488592457
f3150eb661e84977,0.0856783357353618
50791dd9bdd94b43,0.24637686425078248
37a2a6da397f4a6a,0.8888955137234822
3c8e8c927c2a41ed,0.13491622285294216
902d72e047994ffe,0.918239783977789
5250a2de3bd44921,0.2249087427668709
53ec41707301471e,0.3362085835142122
200a06cbc25b43e7,0.7146073274705451
fe07b38d5387473c,0.9545288461825754
5ea211b4d7fe4828,0.6766092663109792
241fa8bc7cd145f7,0.7992057583812138
71be863fd70b4420,0.9439618844885633
509253ae2f144f5e,0.8640878242121453
f27044f8cd2e4fe5,0.10487742747977423
afaa11b9889741ea,0.2742327304717573
1eb4acece27f42a3,0.8234226673162989
c7712b8515b545f1,0.7865813658926638
1fbcb7d6cd0c4c9e,0.5388838796953015
28a57274e5514e70,0.14649324801740674
f6750b21538b4929,0.10422398544826288
14d6faac3be94787,0.13327338731569813
046e42fc5a724ce2,0.11665716695136497
24803f1be4054d64,0.5855366383644325
db1373cdcf4741ca,0.10534403731662861
ca1103f82c364e70,0.13212885037915578
b530096d4d45475b,0.4077447854768648
49ccb12f31ea4f3f,0.1515129291932331
4fe53d7986d84e7c,0.2644879363120311
116291d14c1d4f34,0.08581251316015383
4461dc9a3e724caf,0.0726450778279872
e22349a4c46e4d25,0.0871426427597341
a4bca574de834e2e,0.1064650796391778
0d1e07b8abc947d0,0.4242618064831834
488a5b96fa314de8,0.18584926852311137
813e2ada5a614238,0.3175822134417475
9a24e63f59404292,0.4811566319229438
0d02f1cfba4d4f9d,0.10111018323075759
b7e0b41746f644d2,0.08696392777945607
f51593e91ad2411c,0.1833504088284349
b4d5dfd9418248d1,0.7922369323931717
d87b0b84e27c4300,0.138293126490327
f086bc9c32a44a06,0.2511163360447824
c60b6219005a4910,0.1930602389720776
41700dd94ad84ea4,0.28620720474170125
3ab0d320597940e5,0.13096698429121237
e625ab609ac14414,0.26061198907667915
87e492ba7d324d18,0.20691273891496137
98d1b4ef331b40f0,0.09412047599785692
4d8975caef544d09,0.33180941269528424
979da7ad50ae4cdb,0.1927089609187039
a10d93a595ca4972,0.5513072686077015
1ef0475e5b694f24,0.3290691234069262
cdc32e4c57b14ffe,0.13675016293020661
cdf3c0cb64cf47cb,0.1092043959714491
3a79bfc970ce43c5,0.44621865943335476
a7827e7e609c41a4,0.12524310831149224
be4b76db607a4170,0.10868767209415649
faa38f8bdddd4e64,0.18071597358275351
e76044e3753e4e88,0.11549376592276783
dc8063cf7e524113,0.6080881183220688
8b283a10775b46d3,0.22669375985300405
7b5eaab6fd12412e,0.37803936141322864
9782a09b26b94f1c,0.07253909310453248
dc152c913e4242f4,0.19375631124574563
deab0c0f9e284024,0.09928300677368414
e428c20992654fba,0.1446886102202694
3c48ed47eb934c95,0.15437672868987334
c869881cd9b74541,0.10165764002312354
ac04cef24f304a4b,0.0966324308629992
f121328695704c1b,0.20729592733271177
2592c634e5d84fab,0.09027105657221973
61ed7a68a73c4c9a,0.21115955316476603
d13b1486e97f4886,0.1257745790441612
4174a799203b4863,0.31351461498603284
733f14585a394219,0.1549259462412741
23d0b1c4b2f84b53,0.728235633630167
362e05495119461e,0.13172169744727175
131496f5864e4c2f,0.08751945123294927
edea35dad5f0450f,0.08244840500926023
dad76d14bce248de,0.05517830709056999
04310177cebf490f,0.16249769631071423
ec091c2dd1ef4299,0.31391315504105344
9604dbc48d734728,0.12262119151451877
4b90dc10dd7a4043,0.08749170456129637
c1852dad4bbe439e,0.11894398947292566
9a40916de3844c6e,0.12927430839906415
6986164f3d6445ff,0.11623833641910113
84184a0089fe4b4a,0.33077331287847234
8bdddd08b8b34820,0.1284576982526535
cb5cb25f05ee4644,0.21136024245418744
3175cbb69d24409e,0.3862013747772514
ec6a174f45c94556,0.13575799969814367
10f5b8cfdb8d4a5c,0.13684943091114515
a5c174da370a4700,0.10770445501994896
df5b977422a64b78,0.11355524427556399
86b55a9fc42840c9,0.38890671942190486
bcf114af241648f3,0.09736652366557927
9d3644097e3a4098,0.5018894436815127
742be92d9e114c8f,0.0930937882228998
8c73909465924d45,0.0981133730198048
b1ea0543a9274dc2,0.07857752547338755
0065eb957ebe419b,0.2711221605863124
3e84be0ba69b4cc2,0.07026516207434363
4b11780363c04aa7,0.12133550980256008
cbf328d4937243f7,0.856150432164855
8aa3fa1bca8c4835,0.10565399354933488
591d304724f34183,0.18499116264447488
bcdac4b23e704f94,0.12753270982137638
d97527d559724a99,0.10936092998938526
9b7ca9f37af443a3,0.2093629897415786
cb0fbdf65a0e49c5,0.1901686551313371
2677d8668c28441c,0.8882700160298472
936c62ba3bbe4174,0.23163920459696333
16387b22d4b8407f,0.27704776274191545
e08dcde9bce94a30,0.08109727043220318
66fe4bda47f84862,0.4889526439259805
8199fb1bc67a4fa1,0.05504121440260528
6c60111df6a54cf6,0.10427142735833447
dd67036c3e3744d3,0.14461630254798577
368ef0b4edad4681,0.13141911789176572
840809f27d514292,0.12763029097573395
76d0692514ce4c17,0.843430621522309
c8b142cd5a564c6d,0.12137500112454674
83053178c65146f0,0.30830298072265483
c9035cf640a3486b,0.12270767185127886
455698f09352451e,0.0982368066461257
ef0eb8b7242d4884,0.13874895460748926
87300a0daf974ef3,0.785027087007615
c330e36150084f52,0.10199540177281098
c079c41b71114f90,0.24946015009387704
33f7c5009da2409d,0.1834081691896397
70ed4240c1f64f34,0.08270170749134952
949f42efd7984da0,0.09254356936966844
bbbfd2429de049bb,0.11459442274689965
a094cad1b3b840d8,0.08635433041220669
27bffd489b9847b0,0.0989503895500634
2f1b498c56e24944,0.20141657844953956
1e268e679a824918,0.38295430607996694
d3cd5198d0e9426b,0.12717068818912475
79dd94b6205f4137,0.1301164328485351
e4b61616baa047f2,0.10130872604240004
22976be89efd4946,0.8880238443042135
a5fe86b2373245ce,0.0972842390231171
ced4d0ab9b2b474b,0.9464729413178978
22e36d40b982405c,0.13180916555783315
5ea5e5d7cb7f4e53,0.27032218285891835
42fce6958b8f4b22,0.1300608180001804
6d7485ce13714b17,0.09150581443990784
1a15f9cc5735484c,0.7631475007812978
0dab9b46e1354f13,0.41997468832962437
3d19cc244f9f4786,0.6692606041600105
53b738dbc0744fc3,0.16150693880947495
1c00b4ed1dff4731,0.1037782604951334
670d02af50f147c7,0.11038207199029251
88202e9aab6841eb,0.590017005147731
fedd288f4c4c48c1,0.1829501863162958
4174d2e22c7d4c40,0.10678794208855497
baa947d2714d4384,0.8171857849471582
914e028b7f554cad,0.1021732740541554
9bd8fe28864c49c5,0.1294244637484009
cb23369c35f24b91,0.0920929458277275
21f7a51f804d472c,0.08789378508141743
49a5fad76a9d415b,0.17189222171435387
0dcf23607d274666,0.16570277696020125
8cf4e06a189f465b,0.21266665398440668
599b12b90aa44853,0.8191224992512883
ae066bf9205d483d,0.17320389130312797
0ed9ee72179849aa,0.08666265849562622
06719a28ed924df7,0.32853895880092754
fd579eb9536c42f7,0.10613775503926183
9e6f2ab24af74761,0.21412071969455704
5f80c25f40bf497c,0.10889064808175614
a7d01bb2b7ba4742,0.10527379231149675
124a871477e646d1,0.3048844443768284
33ea9b544f404d1c,0.2851971114575821
87ecd44ff6c949fa,0.0990995529913465
8523b0c7de774118,0.23184138837817952
ff11642fa2594c0c,0.2175614254779113
5bb88abeac6e4789,0.1575424583566942
edf2d0e4a71c4011,0.6667457308182215
c7559473e1ee42f0,0.1579559871326067
967d22c90aa447c3,0.09364699777650386
7b661cabebce4911,0.2546820712300702
1bbaf15843e846df,0.338985276880641
c764e65eb31a4961,0.5807122008288892
6b2a6b23f5fd4613,0.27495730538340024
726be42a2a134de7,0.06999728974516138
07b98b74241041f3,0.0661777229372339
d1c6065697234b94,0.07924266380211761
068f6031736240e8,0.0814975238580468
f6892843311841cc,0.12691233384884404
03693cee47db4074,0.11539729981859301
1fcff27c9b9445a8,0.8451867429372217
bea9fcf1c94b4dba,0.11083620119389614
097f932c50c9414e,0.09197740926431265
f70859ae1ce5449d,0.17104149202563335
0e1fe977f45d44e5,0.0953497328551537
9821294c67ee4991,0.10677976780719838
6bddb1df71fb42cb,0.1197450077809353
46eda93d6bc94751,0.2543566142373479
d1f6778603d84017,0.8462580944888262
3900086b2fd4475b,0.1019997963436793
357801e58e5c469f,0.20364086371355605
94069411ef76478c,0.3450388590889369
63a9268a81694ddc,0.10163692795381038
aa280da7911e4c72,0.4559347921151063
ce835cff3b11463a,0.6977056950881665
c3ab956c5d7d4232,0.1475988762491065
566726f372e548a5,0.41614870969081863
5f1486818f504a75,0.2006799368279964
25823ac031bc4f9d,0.10359464515736623
0aca9009fa1e44c6,0.11891789012199296
f4a40fe7326f4f5d,0.10998272632357567
12b162669a4f487a,0.22772098675212235
84d273075788480d,0.06010535801200133
1a332a16f390461b,0.28612168072693417
bb3679f48dc745da,0.09207585229004221
ee274d50a220461c,0.15772670121007049
855fe435752b4fab,0.08746578610657474
7710ba90657c4e11,0.21244446478753057
096b583fb31d4e60,0.12384962869349297
9c2fc7a0130e480d,0.4065852567136466
01ddd5f97b504734,0.10371830878263172
5a09ccb59343491e,0.19167082979672956
06378f7a0cf24ed3,0.26865018626705645
a0465fe1639e4ae9,0.12712188870951566
47e6f7d0eebe41fd,0.1636266606517479
a54de6174e324af9,0.0971113786955688
4b4c40396c9444fd,0.09039695103706441
59444f6a48c24993,0.06015624718508792
c2c7c960ba294920,0.10289721934539313
bfa8485fb28f4736,0.12391887357744473
c0e7a633bb3c4179,0.09757731030231184
54211af33a2f42bd,0.35257085880856515
00ff5507ef3b4f0d,0.1160142187861433
53efe76469d84666,0.1163944386020216
f391ae54f0134ef5,0.08992499285761657
a27e930c369842d8,0.36354832968640277
b8f26cac21624a7d,0.15925674792781574
9a53e00ff0c64550,0.1388893072056845
bbf923d66735432f,0.11461794711313888
1c0269ab66dc4036,0.09752249316496304
903830a170d04286,0.09320918492807498
912dec9404134958,0.33717266980940247
4a5f567dec8c410a,0.08752291076913808
bd011e7d762c4cfb,0.28612557447639203
be13dbdd273e4a03,0.6516239599836305
6f6b22319d914a6e,0.1262184193818588
93da7bdb0f444859,0.15888135399621325
b112ecb30b3c4cca,0.15809187928928534
15f91ee28c464ab8,0.08788060848562126
151a86374a2f4235,0.09352857549769306
b975c1f0873744a6,0.09259071101988306
625c66e3c19b42e8,0.08487661521087186
fd2429c910384bb6,0.23518237303497863
d012c3b5166d490e,0.09311824378336327
d69d5f87e3364821,0.20136809079602497
d4db106b333a4a0f,0.2869074628347023
621a004d3518496c,0.6125598687474059
77248b09d56b46eb,0.11714850389036961
5304467b0ae4461e,0.08422307720005152
610af3ddd85841b2,0.14440079556557517
c7d24e36ef7b4253,0.46540127647147894
d8c9186d0a234db8,0.10544932977416344
e12126551876470d,0.10930157723794734
4b9613c50bca4351,0.1619563289932398
0df724d976284394,0.11397411809055812
96d53baddb054bc1,0.081150777916836
eb6105c0f5604ecb,0.15711692577318612
c12a5b67725a44cc,0.1358210025420863
018f12c7e8ac4223,0.08576596101070158
8351d4af5f424db6,0.11367026358407346
79624af097974b61,0.2006813367610588
901daea9f549485e,0.1569480988096458
ee683b0530c24ead,0.39192425497119676
3522393cf8964f92,0.22522192150510895
9557e553cc124d6d,0.22024070949348903
2a2d9055cae44975,0.10602849847172065
ade4785e4d5b4f40,0.18714640621772716
08a369f488e740e9,0.049639938209611795
82a6debfd8d440fe,0.1950232696217955
63d36b068b51449d,0.9115617465932438
4ad2e022694048b6,0.15817842144141187
bfa3e0e2d48d4d5f,0.11970019198509838
6d5dd3d3c2464e78,0.1339179330779947
feece0fcd6a44202,0.6448211647484873
c769d37a3cb3493a,0.14929952608965918
ee338c00935845e5,0.4527338573788381
3f2d2bd80cdd45c6,0.0840730648924174
686984bac33f468d,0.2817384443291383
44abedf8a4c84b89,0.6636028833388053
74e5cbce024f41cf,0.9130770689604506
d250f63f0b1649ca,0.12387524453095985
e1a3abc777b74037,0.08656455442985185
4a85e4f393614504,0.6441413194531049
019ed0b080664a54,0.07975495800894508
85824c16923a411f,0.3450334947750235
11a6b1f4285645af,0.09871894141537979
4559d2b944b74410,0.08777214930985484
c22abef7952f4da8,0.5929498809112098
13f0fbc267804c59,0.2900891874406124
a387539a14bc48dd,0.10446794859870548
b808491286984655,0.19632168674400421
ac68e19c522a4388,0.1518204721303183
57c13a5e85484961,0.11487931111671741
2776ec8838e945a3,0.1553086680681956
0e0c2ea3c53349a1,0.10351722809164611
208c3cf728ae4771,0.06466253319522006
bb5c8728a03140fe,0.2185134380324833
02e455778a6c476a,0.11650074494812268
c9bd1137156f4da6,0.0835510665109185
e4c8a87ec21e44c1,0.14790944209459553
f23a13ae117a49ed,0.1332122327072438
595778336e074956,0.10439336061613409
b9486d9518eb403a,0.1203126168522722
c4b50554a1234af4,0.10875511191789988
105845e0cf0747f0,0.8520917217614572
e725aaf16a8043c0,0.1895966018039218
60b3e5cba8484114,0.09443370029693919
68e0b969f643446b,0.10135115917578197
73198f3e132448ba,0.1296262431902518
2504ae3023a442a2,0.09669227057671659
2e8dae3900944175,0.12674187394970457
426372794fc842b0,0.1652908453018794
afb60a6cab6a49c8,0.08918934232947617
57e32cc97c2b40c5,0.15739358246951982
9a703f007af246c5,0.08411924545225674
a055dea88add4c50,0.15258947120238978
c5ce3384bfe04a59,0.21468543836380696
8a910a09e83b403f,0.08583905972000365
1270a1ff4a2f4413,0.07610905666189817
b143320622344324,0.42854505958387135
50921f28abe8400a,0.10173012630498407
95a279ac6263498a,0.11298622227010247
6bd8757485c54eba,0.10130164851447444
193bc10c075f4932,0.1363365608662901
c0afd92aefec46ce,0.08755881364315118
8b002515fef04d20,0.13819412953811477
add31b9b3cab466c,0.07451452600820396
a52fefd5bc26458a,0.25111800369692344
57ea4283f322494b,0.17873232159790697
0b2606d5ca7d4448,0.8035889052040931
a9dc7125fdf44f63,0.12288812876270228
eb5d04e10879436e,0.08702174455476755
c27bfabaa05946e7,0.11321027266668243
950e2a60dce141a0,0.19593760145191536
8d0f4857a4634b8b,0.6041172223909174
07535798cd7f4cec,0.5590976220993965
848b3a522f404dbf,0.06456652229007767
4f00433e446e47e8,0.15539135107164254
24b3ecf457f7426a,0.0924514250710815
0f2e0f5d45b44a75,0.15222795720679042
73dd09712d324bdd,0.1318769942427322
d32025ea35ec4878,0.5344427613024678
ae8769d3277846a2,0.38508043089834326
93f7b516f9be49ac,0.20770219914613994
d48d7778d47d4450,0.10341440249582795
5459dbec34274c25,0.3465982054138079
b3a9c2df8d3f497b,0.2518582917272469
3302f3c9deb4494b,0.09841269772681588
2e0ca3996a324d00,0.12323634386834766
e4129d92e68f455f,0.23837367523219316
ce20b75735e94746,0.2599299046393084
4b6c0e1834a44854,0.20155532051506106
fa5aa9964588441d,0.1987211742019188
541e443e1b2d48aa,0.8640265689971047
3d024789da4349c7,0.1221546388755456
c805569540d24dee,0.09150836555368244
ede436d841374f2c,0.14151379894058297
b17c5c1f09d9440d,0.1071843036048038
9d7c8c7e22b24372,0.16207796335045657
29b9cbf6dd624d88,0.09267045529381869
0eb11e875dac4d23,0.16127610093612424
6c9f8d3c77364fab,0.5074561340592252
319e7cfbf2a04fce,0.16022799279755198
f3af7ea7e25a49c9,0.7042883108277488
e73317e7b9a640fd,0.23942167807361978
6c3095188f80437f,0.10760936603089499
4301a4eb3fa04455,0.566274983157109
9888c8bb8a364ab7,0.11572677270043105
2e036cd76e884295,0.12742819845118036
7b4477cb3f2e43df,0.5790427320329812
ef2658025e5a4574,0.13708750425423802
bdb5151ab71845ea,0.42672804063121583
38f8c67e55c440b5,0.11819235106093008
e8e33ae488aa4031,0.1231921772834463
fa53db4283ae4a42,0.14526611614345303
607533ef02cd4e01,0.21867000992127916
019f47e1a19a4836,0.16086239326630244
f6da6fd020834fd9,0.12286565720004497
d7b80b50226c4562,0.09384576102027369
a136e8eecfce47c0,0.09960903362861238
1fe3c62e8f344212,0.278949584929257
20eb3a9077b347ae,0.21260952644183279
8d6bd94432654617,0.10673436675005606
2cf0e63bdab14b2e,0.08912867776141324
52be16e5edbf4daf,0.08238160598105775
b9a8cc0f57d440eb,0.28574432381816034
77720d955b9f4dfa,0.43700773066253834
30ddc67977e8413f,0.8852862375049386
a3f3f6550274425b,0.09558492235125869
3e317443f7684d2e,0.1097425274371751
ad8c763af82b4ca3,0.2644900466458682
20e41afa051e4b90,0.09846788856020579
28badea4f9614f6e,0.3177143792248761
28aab0ea233442e1,0.18766023525212105
101c3d99559042e6,0.17744036203200392
9a4f753ed8944ef1,0.10206067840350161
eda26b5418284f62,0.16053092180776937
e4eb7905f0f34eff,0.12447141440523143
adec9d3a6cc64161,0.09896696251284433
dc3d80147ee04d47,0.31605179089800545
2ae56982189f4b7c,0.18865197136901
a9d63806a21f4f3c,0.21193456244625394
d349f46734334757,0.06184395702602262
ebf15d6e40e3477f,0.17006796978304445
af398d30cef24896,0.07468894957816709
fd0007196d6f4eeb,0.16330458951561658
6dc2498e43804461,0.08427459401955212
45ccaa6a7df84b1c,0.20642382228746126
95286fc16d424891,0.17985699980906764
b36ad63afe2e4a7f,0.3764538459023427
37701f6e257148b8,0.17279691555450732
642810b4ef6c4ec0,0.13169129518871459
4fb94a2bd0bd43ad,0.11298048108975421
faa200d509e44ec6,0.13906444292226805
6d4aa08393024e71,0.5419276254033473
19822fa9f36f4986,0.3667438622773744
b81584c1583844d8,0.8193355184760112
a9d87479080440e4,0.1731344386702026
1df747e7e5a94206,0.10388730114319401
e82a61755f044392,0.12229428380063873
3c9c754105a344c5,0.0984985832718957
35889975618e4e12,0.15893783574361303
8eed2dc30e3c4440,0.11556982351164707
a351ddf69da24eac,0.16107960744255684
57e30812669948aa,0.1839275057429667
8aeb395d6e954871,0.20356798019672173
260054217bde43db,0.35106778461668214
b7e2daf5148d4014,0.12124594612295378
02e1b755e9a743dd,0.08825199084673667
cc9e06771973400e,0.19316574146610133
ce06bfeb85cd452a,0.10055196952037976
54cdb0de7b5d49a7,0.12782509327492228
18be722844c341b6,0.09606949504215279
86cd2466bb3a48af,0.08565129219594525
bb17b9bd304f4e3e,0.11587483273504595
e413fb94f2eb4de0,0.11123933904488426
7cc61fe2af284ece,0.37738614214738503
978a9fd935514971,0.6244939787366721
984bf0a36d644cad,0.11380941770423827
fdb7c991f0ae4b17,0.11862030685543418
1921942af44943dd,0.11537440308124249
bc4df976eb8c461f,0.11386061911406024
2d4de7e1f1e64a3b,0.14158976009467952
f3554b519240496b,0.2819733909500592
86dcd94fdbe14882,0.09546061282424378
77f536d11f704e7e,0.15377624192252792
f0cdc656b01b4e89,0.4428776194382293
ed965a6d1e1e4344,0.4288378981266941
e8433a3dec294bac,0.12073164936809148
0b42e20ee4bf4f71,0.11514622707056639
b05596bb8b924919,0.6186296902327312
8131a073ebaa4cbc,0.09372860250867156
82a661d0eb9d4403,0.12091771958544983
0278505b33ee46b9,0.17863200868288515
be8763772a294908,0.2027861768277784
be5cb66f954a40b7,0.13438780518712465
9dd72b51ab27421e,0.11483598038832132
a57f260762484f35,0.1647542578726206
0c31178378e2463e,0.5041996019103733
3d0237844011495f,0.12480781608303476
e959498b2f984fea,0.1152543514965776
6dd33c55e17a49fd,0.2386249195465972
94e3dd1c66f1442d,0.09941932117396352
71c7f5863c4240c1,0.5511371535245441
be930f311a1147d9,0.6579021561687007
7ef0aa48baa94141,0.15031873736503046
2ebee9cb2eea4754,0.09495578335295604
35d7ba837ba84c28,0.1885741233632168
96344a3d33744a50,0.10637972880593853
a7e5c691e48c41e5,0.39397543686588915
fbd98deb05674ae6,0.24177657277132142
aa9d0acdb5434b00,0.341996172745363
2ff67018c7924973,0.3121717251114961
ee89e403f7f3474c,0.4671983997940286
7916c48c69d2469f,0.20082868363924586
15c52adeaec1478b,0.17901170010539955
c7c8b93c147949e5,0.07587942914911536
8a34880022a14d28,0.10143852932164997
81892bb5a03742b1,0.093967035764197
a7fa0f8aadc94ea8,0.08256085874163356
1daae1e10d0b4490,0.07240946005886062
55249c0dd62a402e,0.10530494226652284
f173bc79f0674e8c,0.11558421772820089
63360e629994464f,0.10402436836639471
62343886207d4a58,0.0662059635995792
e4e92ce614c24bde,0.10684061849592305
2c2df9bbe6814d6f,0.46869688535507315
42c1825f3e194e52,0.1032655035785875
8afdf7ae6fe74d94,0.10225097249525507
f38f29c733a544ba,0.09232233879013915
378177dcd12b4808,0.12217317892947781
9736ee38a0d042c8,0.05863630098268472
60eea39e171044fd,0.07557106144859607
e4e9183e8037474b,0.576818195753872
ed8607a72f594cd2,0.3372652864847238
c76113a9879442cf,0.36055704252574877
592d82933d084381,0.10448523269894579
0a4f4510af4f4a6e,0.6030344141290862
80101cd732954427,0.10091364792488319
8fb8c23a3af5469a,0.14746628121746652
08d4e5ee7e464c99,0.16184909453731214
c48a18a200d14a4a,0.19709218843829937
4dc65ad5189f4db5,0.1458066480578856
9af1bf6628794000,0.11241463463579983
e5662c11cfcd4c20,0.141861956694824
f1aac704cdd74d75,0.10937333772125817
d00237aed8784b0b,0.25423024205970723
c6da43d9c557431f,0.14705621246729075
706a1c73b1c64cd2,0.12552994437985643
93f83bbe330640f7,0.09598659441341544
b4c75521c05d4ee1,0.1587980998921058
2cd5cd082a7b410e,0.313488756974544
01ba858bd7ef478d,0.2426199456720828
0ea688870f6043f1,0.11640871282549418
6688f25d65fc445b,0.10047662942678687
8ea38213339945a8,0.08684780791195963
e4c2125b63c7435c,0.12397320335380986
6739d8c83686413e,0.12655141300762687
3f1932d7e35f4b2c,0.09829535894228375
5c7bec8a6fe7401c,0.12418479895474671
a663146491374b5d,0.1312206411606322
20c895ef0626419f,0.1995224321750896
b617460db61e4689,0.24186376938355858
6393872599ac4991,0.0876424362230731
c51b124e88fb4fbd,0.08710520013131594
7201dea985724f03,0.2364782158439283
a3ddde0a41454b32,0.0882360271096604
d66334540d38440d,0.08512285646945054
fcaffb9844504364,0.26189040959540316
b89a4d549dd740c0,0.2926098826711262
0a4ed33d5d6c48d1,0.3976654515540876
db64bd61c0244eed,0.20334311533335397
d6e7fd1fc8ee41a3,0.10062929276032721
fa2a207d73284fa5,0.09554976107088442
62843653a5f14d71,0.11957214430344232
f6e454d7aa9f46d0,0.2630844317076144
f179ab3082584842,0.10356129668209743
e07a8d5e6e4744e6,0.158772033102638
74a0752d5b714650,0.4262271445366653
c4a05ff97173434e,0.5402224834387613
3827d36251f14cde,0.09776281596033996
7e5278a3f73941ac,0.1766116513581344
c6584de899364eb1,0.1196423217371603
d1858712ef7846d8,0.14810310654682987
4bba46dcefe84397,0.06850554777473082
281142c189354447,0.07780747946747739
1420c26044f54600,0.12379080720529878
f0bfcd1df2c34b75,0.09889554320022571
c60602ce4f344c3c,0.3146759018569674
64f704a0dcdb474f,0.10860470313031861
0b9daa0244ce4802,0.3619420927993055
ec99202ade6d4aab,0.09708970520455891
a520ee47aafc45d1,0.1078035743057694
656b0f2147304bbf,0.10694520916081075
479114ca2f844fda,0.11163470578722433
52f2814373544aba,0.3871140690181538
7f9fa57ccdd74897,0.1418146444433745
ce8c3f507d964560,0.33016669411249483
a87a3750eb41464e,0.6265027031537913
9079502f65014e68,0.14521155253120824
5bba7b96fc664d02,0.2145824191809518
a780808c8e144a20,0.17531529096093534
0244452da5b54ec8,0.42674290854317
78cf09d6861b4bda,0.10276779927093313
c78c0f67b55c46e1,0.07355761526503443
30e2f3248a094968,0.08152538609743726
ae17199a5e5a4102,0.07388879798321613
118597aaa0db4725,0.1483160785527296
0cbb5662593f436d,0.15847163834667355
52ee0b63aaea4dda,0.1123476149624696
04a581a0bd5244a0,0.09318859158695146
8dbdc85ab6ee48a2,0.120194946196021
56ffa1c84e9549ce,0.1316872263014018
2983b46b6c2344a3,0.21050422170353578
8b9e69f5e4b547bb,0.13013291919273925
af1bebbe3651472e,0.2875026506701079
9adace8fe47b4c06,0.0989257648282156
ff54139f32624e36,0.1656207422406813
5a695e5cc03745e4,0.26823374618833995
3bbbb48bdb1f47ed,0.15796124452631063
19e113876faf4c41,0.10656789889308307
af0c2bc0bd6e4cac,0.2487788663211312
118d198ffdc04e88,0.1890798850776245
67e0a34321234d8e,0.13262117774696286
6d0058d0bea44cf5,0.12141572667807901
056992aa58ce4f88,0.07876721425354484
05c9a54e81e64bd8,0.18181721389121527
fb110d876b9244d9,0.1204762332985219
cc9749cb02c54bff,0.0906076905953216
cd353c8018424af2,0.09608128420974649
ac216a73ecb04d26,0.14719631327441618
65e0cee902eb4bc6,0.3771539264616275
31336feb4bd04f4c,0.26990116698869293
cb0093c526cc4d66,0.2007940092369802
0767c73cc4954646,0.09488014616603589
0af6213205414f6d,0.3959031820281077
ca3bf7394a084a29,0.3659611134239346
fa6394759a7447e7,0.309025679079859
252b4044bc674f37,0.1168815881101726
825a203dff6649ed,0.10922355992168545
1039b548918748e9,0.08697835039096012
578236e5a0914a6f,0.08562116019254268
de5ab77da4e74451,0.19295646512537631
671cb9eca9a04227,0.06791032368001333
9712ec8c6e494eeb,0.1812605724967844
f16f260efaae4fdd,0.1080988978598073
54a1926884964804,0.34171152749514466
53c7cc67ed1141fa,0.14595733646389253
697a6a2a5c574923,0.06974343722399036
2ae0981b86974e5e,0.29130089484579696
2b201b06f1924c54,0.48551262409209234
336ca7843d8b4317,0.10588913834136761
f71f73b78872423d,0.22216055527182899
ffd03ed031a847c1,0.2557322469564472
ba549456deb749b8,0.7057541871154253
5d7eced1b9c9485d,0.6993615041524577
a02073aef3574f69,0.29321870131517813
efe4d19acaa0480d,0.17966709051097995
cb92a4fa35974db9,0.19011526622046665
5f763cf319cc4cbd,0.464088463364592
e5f3005b29ee48b4,0.08641453714299237
9c306aee62f34d69,0.15067144181110792
d42debd413b14709,0.16738800852633923
7f2b90fcad1b4b1a,0.11082961862613418
7902b0d23a574f12,0.28935333172676514
78b5d1efed5849d4,0.11065114839629103
30d95441780a4247,0.5006122719149552
5dfd6c415fee45dc,0.5120119289203937
fa273fd695494c53,0.24978550844163697
65290c6c1875470f,0.6445104560300617
bf4e04ab38dd4d8b,0.1929510379206941
b40aca45ae814ccb,0.10391766514645541
5233e864823f4c3f,0.45790165663079957
ad02d6c6420f4ed9,0.17955935362816933
1e4ed7009cb04591,0.10179538057126021
0fbba17de5134b19,0.14220309221957525
18da66cacf724b85,0.15569606181654275
14fef828448c4317,0.3396127491298763
2377c11188ac47c9,0.08688360138821673
098a0e2120574446,0.09527606436702857
181c8b1223164e56,0.25530026593338345
15fadd4755534565,0.3014987323888185
17faa5b62a3d4a9f,0.11983667034410644
566837402e8b4e3f,0.2407590409336795
c33548e364074dd3,0.21092746276129612
8672d78969364bd4,0.1639155394328269
b48cbf6f7cf94a1f,0.79850421766581
e0a2f3df755e4fc3,0.34990160125689995
de2a97c6ed7f4e6e,0.22288590414540715
40edbb3f620a46b8,0.49423493120351003
e4894688dad44600,0.10951349337417102
dd59d83a3124453e,0.15094218785934987
82368b59a00747c9,0.09449034801843499
65bb67628057413d,0.0647694091549611
f8b5e34887af4f62,0.14484511744184445
3b73ba5777864aa1,0.13396865791894033
e97dbb2d316f4e8d,0.3362196644439246
7ca903b0e74d4efe,0.10060010347874773
1faafb6adc4e4ac4,0.10973539925894017
2cdd7002c6974e84,0.14241900161249418
356a06051cad4c2f,0.09308551283215286
d06f337e18bd4056,0.11485242930081675
0fa590fe5a434f75,0.6142641539680178
f6b0a17f4aec4a1a,0.09435869527163608
43a4a8ad93f54590,0.25827229044430394
f4f8437940754bd3,0.20527687539597383
56f5b707307446bc,0.6932664149974755
90281d14e9824622,0.14266255564344696
806227ddaf894d5e,0.33549467777674746
1dc71c41cffb4bd5,0.1441689238268603
9dbf8a8b635e4f73,0.1876663980119821
4b61bcaaefa9447f,0.17612370033180555
6e21c158bc8a4786,0.17903750892720738
d82bac4b42984b37,0.5126717133352058
998c9bb6076841b8,0.2798623515583573
0ad846e3483e4607,0.1419416120796588
65b9f6f92f9b4b09,0.07111132964965199
ad77b0d9e579403b,0.2219482393592409
39aaa5d47df84324,0.06639041243022731
d407875816c2479b,0.539718693582675
fbce88eff000427b,0.10715640400661607
a7b3fcde857f4b37,0.15838945745493846
75850acd44384593,0.07118868021367863
ede88979a5414e7a,0.09386693610500266
9f157711cb8f4971,0.1442560440339336
a3bdc690f4a146b0,0.1985199795936667
0cb85c7bf1be4c50,0.29403663625209836
ec17e7a100f94538,0.15229882250467716
75cbf5299edd44f7,0.0641675459497426
898feffc907d42fb,0.5763918873612702
cc3598c46a05438e,0.1469736130069477
719970a9aa804b42,0.10700057499914127
80a0561c260748e3,0.07833953744019394
23a993fe20814265,0.3195632835248265
4603048aa6254616,0.1652060288080371
6a078fe897bb41d3,0.0727636877678629
cdfd4b4846bd47d2,0.16628590919744526
9666f399f64a4f33,0.07227180327194442
8c6707a7624948d8,0.5045106048095119
02b393c734c54227,0.07432752482152917
038c368b95574c3d,0.3296647830618822
f8dafcd85d934832,0.1307960654972837
b6321751b7e1428c,0.10098838821726473
d30db0900ae14dab,0.20827491141977114
1b57d037f6364208,0.10626353838414986
6c27686cd8904547,0.21486176973268648
1caffe5d59614ce0,0.15385448570948723
ef2d363ef7104bb4,0.20739097186965763
4bd6de62f9b146ff,0.0696175767783334
d0212a6b5da946c8,0.04691689844627125
bb847aa097e543ca,0.6965963583144511
f94014a6490d49c9,0.20348729450767733
64976a20a6c947bf,0.08716690567428494
7035dddae89f4f78,0.5419178029804099
ed50261fc8464421,0.14256010512366754
e1fbcde4e6ba4363,0.3219095506831608
e6c4de9a4ad949fd,0.07112325698467527
ba7f10670b2c4c05,0.1007877044449004
1ba76bdbd1de4607,0.11811997618885656
eaefa8c31fef4881,0.0691462984585143
6ab5bc04d7234299,0.07909342025472571
878630f79f9d473a,0.26296061111449864
5754f91ba2fc4006,0.12286907120174408
364e5002ee10414a,0.6744114315286746
45b6d706ce0848ae,0.09118214570842162
8fab442664224f12,0.45184621858884577
747b481add19490b,0.7195590456994824
7d32cfee5cf14979,0.07529427138742371
272d90846bbe493c,0.0959355521544552
a470bf01302e4c31,0.13541327185784113
4d2e5c5ed1d44a18,0.5474157622935376
dbc63ba71ccf46f6,0.2459538951965918
5f1f8fb7c75f49c8,0.5027622421692567
9e5efa850aeb4d67,0.17635878143523942
9bca86d678744e7c,0.11354241406985163
4cbc0db409084084,0.17685127951079835
22b5f843b8b740be,0.08300194417880354
deadc93d8e894e15,0.10267542679285649
d2239643af8b4663,0.12211684595961421
b8ca23314b2a4b65,0.12933707128259342
973e28f895e844f0,0.13589351336463248
52ef4b64fa8b49fd,0.22993462701452927
43d32ee69ecd4d33,0.08516085168406316
9521938fb9ec4f2d,0.2262445364929158
aca4759babf54f75,0.08445377680118216
053e7770b600487e,0.4100320520162172
6bd26b3781154b99,0.1835898913241303
582fd5362f96435e,0.14417761527591003
efda24d3801b4299,0.1131626403383612
e42ded35f179400c,0.1985438322434014
66c5df0754be41a2,0.0925423357536712
4eb843e2832f4919,0.1875051076500192
d93f687c67824814,0.10584755650253794
b54ceb9354c34857,0.10935513418202265
1d3134735bcf4f65,0.11438253637765645
2c457bc0c0c44b01,0.10280077339479453
c9489f63c3ce41c3,0.21819118218507486
4867c742e89b472b,0.12535693988174765
26868d30d16c474f,0.0670276750442832
84c997793bde409b,0.09448939278264262
56cc8ab2e0324536,0.14824755285450616
790ced2b0cb94144,0.28366335784572766
ce378f1a88624c19,0.12311154159805746
a48780cf61514608,0.08098850799687307
a8a7ab42923b4032,0.32502489122297545
a952b720359d470d,0.1853191792698371
63b1770b31074e74,0.15298406350342192
885319a8db754d1f,0.12081573247662543
15d23fc9ee824efb,0.6158389416551371
ef6b574a39ca4ca8,0.1482889628642847
e86e854f9c5e4460,0.17781468349032786
f6deb94e78154eff,0.3134117647370649
1f6d4e3a93e64207,0.40403731959228667
9f7023fe447e43c6,0.03536606122685202
2e8b478144484e67,0.11736288040771986
41bb87538c994912,0.187859338889373
0e70526d1dd04f13,0.0932810184198921
be24cef971ba4d9f,0.14755936768069977
dcbc86b2d4aa4f8b,0.19986866139827586
75c213416d6949ef,0.1332357290712943
3ba26f747c924259,0.4377672562249804
6dbc6184237745c1,0.12207419219888237
f00f4ef5a3844f33,0.7158133454198242
1a31d683f996429b,0.08750904039541678
0caaaa96ba1346c8,0.3388262604625426
94a1abc52c444f14,0.5832155524334276
690cefff8f534e58,0.12573943440234914
6fe16291754b4802,0.4088583061074722
c0393fdafda349bd,0.08752001426480989
a2eae2c7a5174a00,0.08687303927180892
d2b100bd5df64170,0.12972230812315116
23a2425ea0204b58,0.09488178964503938
e1075f96745941aa,0.31948696697177087
77f274c395d44be4,0.08935707077972423
714bdced86184ca7,0.18598313147999493
63dae97d2b1b47bf,0.1158590907074852
0a61c143cfe74458,0.18183179022630772
4966a9a4c8a24202,0.08893447435577788
9085aef4979b4153,0.06882227352259966
f2526ef97e5c4fd7,0.8289162181637764
9ee3e37157e84414,0.08334354628621486
1dd1dd0fb642422e,0.45689587354718003
9b8df38e7fa54bac,0.2204698009068801
fb92779b1e7d4514,0.13378188717847858
a95fd72679dd4dc4,0.10610399952409785
5eca602df04048ae,0.2053771977072887
1e1450d1287d4c07,0.1059735175260971
7b899c3e93b0499f,0.07990333868285106
9f14930a49b24203,0.15462109966067628
39df2bd092ed4b38,0.11048986889819119
46bafa81ee7d455e,0.1140633544092992
009d6f2d70ab4efb,0.10087970057349781
c78a96cec5dd4b4c,0.11194707351116681
9e3afa40390f4bcf,0.2629034743307593
71855abe4cac4a22,0.08744210952646168
feb8634d56cc4652,0.10536070641678369
e95ff00d4326459a,0.1322489072069122
a4eb75bb99bf402d,0.3625423139135825
bd64e3519e664476,0.23439777061837924
ea5a6d27a9294cca,0.6535059314920392
36d9b88ccb6f4858,0.3423316594104224
bf8031e1f8e745cb,0.07686708402210565
186b512f77ea46eb,0.2568501380416805
5cde23a0697b4225,0.08636833240776362
17188fd478c24225,0.11294412981993884
4830b9ae1b0e44d1,0.16056123670466663
c946295bf13743d0,0.19311744990385932
79a9f7edef87452c,0.13757080048527026
038c413631bf4cf4,0.309493590652439
61c8e399707f41f8,0.10807511271875313
ee9bc69b002d40cd,0.36529374395073994
2f36b9d6c5e9469e,0.08391801511442762
b06b0be3fd0245dc,0.11276628714289477
de61c00aa3ea4542,0.28101247253760864
2d5414e7d2a4455b,0.0933629124256504
b36c9262faaf4e89,0.25178867085526974
5eb4d4221e6e4b35,0.07843797995988347
ba495c5b063941fa,0.18308930095958129
b7d5f6860ea442d0,0.69250629396393
8ecdfc8176ef4147,0.09552197507092268
71f395e1274a4270,0.4594754497123305
9ea8cf28b3f842af,0.23683595496081364
347b50eeeefb4026,0.1147719935553213
cdbc65189cbe4ede,0.23625909958099162
3d12726b415f4027,0.13939531892976909
7aad028b0a4a48c7,0.07852251016689715
641eec94b5c242d0,0.8950907801286047
38c1bdc84d8c4656,0.10290477735470022
1e4c11a3815e4366,0.5359609650228756
c179359e348a46c9,0.11736257815729836
6cdd5198b3154afc,0.0671274604188472
b0adbe3c68fa4b16,0.19073516583944206
eff94e5c23a74f9c,0.08789378508141743
b6247335cbcf4504,0.3543743074101988
4da60c61a9bb489a,0.1371360498189331
a1997417b8e54f17,0.08493683954310843
763d0d22fe0a4d2c,0.08557747846484753
1d41bddf932147d4,0.5066245707366686
233ffe7e0e104e3c,0.2858489668612993
a5320acb010c4337,0.12666354101441743
2489cc5308204274,0.2771394302279493
c3cbb383610240e4,0.6555030099931403
478928aa40164965,0.16360997827545395
1a1bc8cd46684a3c,0.755986550975772
72584aa364df47b6,0.09118085493325927
3982fdc9bb644dcc,0.10324259829100971
0a8a038e0b3c44ee,0.13228104033557286
98e11ff0b9b343cc,0.2101673090906429
20da6d4f49a446be,0.3156605524701713
7cf73649558646fa,0.10803122938863813
b065cb3e8c124dc4,0.21012759416838733
c36f8a954bf045e5,0.13183392695402207
62346d9425b54896,0.09954981078051339
100f0aa126b640ac,0.08833472774122123
559209f014fc442b,0.1960310448789946
33b0c07f778d4bb6,0.12187464005182908
ea6286f13ee3427a,0.17505717222497483
4d1a06d948ab4075,0.7874015120898442
acc286fd819f42b9,0.6815729390740005
aece05fd1f3c4f41,0.12149188803629145
835e87ac215c4765,0.1738855865636851
d56794c57e8a46b7,0.19122105939093945
304092f2c6884c27,0.24651342249187655
bd223f4a8d1340f7,0.14061041267534213
994534200e3a468a,0.10474466040154422
9fc00f971aaa48b1,0.10267209028720907
b2f557c86a7745b4,0.1509894908450729
20f634a245294b5e,0.10022845288340011
74b01c4dea6f4e3c,0.7843762129348293
bb2ab03fbe1048dd,0.6729223380943241
65abc4a875ae42fd,0.13780158912025908
967afa7950454955,0.8351345094929188
1618c265c5974a89,0.07511856604403408
d293562800b340a5,0.23290175941089739
82a8341a12be4505,0.1346367457707689
2d082fef05b34480,0.13096812272269318
80a7a01321e247ac,0.13157553549642456
f9fee0c11b3e45cb,0.16793716048164228
2e55a00edcd240b2,0.09238695324827623
47d9068ad8444d5b,0.19051023649687085
10be4851aa0e4430,0.25294249778219113
1c3c1bfb43814151,0.04382514787142255
ebb8a93be65f4ed1,0.1894445484288816
37087a768e7849e7,0.6369456559960474
68ae6818413f4c3b,0.07789994258392428
9e9137b086a04885,0.06888561837904261
a62b2d3490654785,0.12554205079752503
8b92499023514d0e,0.1509162786589336
44d19b1dddfa4380,0.17810339377309517
345f362ec8254d22,0.528032819712766
d34691e13ba14e1a,0.07717357639608546
e06cb422bb4d4253,0.08162301346114502
ab96717aca624d83,0.8058651408192102
0986ab71c4f74762,0.14982701737196166
1e957fdb5b66480d,0.10006252525066782
a9d2ce433b9740ef,0.12792511138505966
a8991cce2345438c,0.1985391660099293
d52f298f78df4974,0.26085214971900805
4e5a1501a1054271,0.09373662345378575
b1acfbb2a2044195,0.14255509371636674
cbeacf8c88364b8f,0.0869223241533973
bcb1cf0e5c0c4f66,0.6349949366312274
d6afa522297c42e1,0.4362555795576218
744661fcbc014325,0.10366801470032987
c27b7bc9107d4dea,0.07556304649498104
1469b23fa1d940d1,0.42372610212377537
b76ca7997a744032,0.07364197659326452
d020fb5ac4484121,0.6675466349782255
6912d87767b64f56,0.34445660335880857
3edb8ce268534138,0.08374474858380154
eba5c70e6dd24b05,0.17718727234621479
0406ce542555448f,0.410659529717295
9e7e2303c6404d0e,0.1300720581171323
f63307a6ea1f43c3,0.18248893030961144
8f67ddfa99d74e5d,0.1200825353178112
051d0af5000e4c63,0.08107327262078337
51067b47b42b43bb,0.0800652263676371
6964dacdd79d4cab,0.09035156802270262
87c5032003834ef4,0.25179666875584994
e57a54e2658d4e20,0.11624720491063341
65a040b674a14eb8,0.1025006928937033
4e8e52e2f1814c8e,0.6118885142730673
7d87e8d17e6f4b53,0.19866070868008925
f6a8865c5b3a46ce,0.10410028654754551
12cbe07c68014478,0.6758884665996653
9c0de97c86764a27,0.1311583147036021
c1307e7337da48ab,0.0988459719155881
27d92ae43d9b46f8,0.10231722881835295
0d2b6f8cfcab4c85,0.16799024966906695
bbf946bb5c7f4ce1,0.14813608905131398
9637bdfbb0d346ab,0.2153053910563318
c31e4d20a4f44f06,0.12027371461839957
578bbc81ae4a4add,0.12443289657372963
40979704ee094ba5,0.17184930921263827
d3eec0b86f7842e7,0.07780761655331928
7e3efab5f2444e8d,0.0977853588201105
2d6dce89e24d4afa,0.15514323132966518
ff8e5f57622140cf,0.1136075175843546
b88ebfb3581a450d,0.3157161803451732
f4f8e035dc814d85,0.22204399106792988
0d55db1f73d74ea7,0.13380005480194945
1c0300a493c24a01,0.2190286113805679
2e6c30e8abc24274,0.29854270667922
b4dd1a779f2c4860,0.11360548083576943
b2fcd305c4f64ad3,0.11527564481232279
9eaa2870eaed47d9,0.34639683946274946
6b10d1d0f61046cb,0.4027725319826612
298c988ce4114081,0.08938162547485277
014935d980814cfc,0.10899072773394569
69cde858de674dd4,0.169913645766293
34ad15022be54143,0.1278065910153869
5d3515e1b17a450b,0.7706393676744355
009aedbbe3214e14,0.25396890291272506
b5f784fceeaf4e5e,0.12468071240350467
6bbb9dcb47674197,0.5465012780462516
a0940c15b5e24aad,0.16171260540731472
07145f4b53604d06,0.13481430968854252
772452655d734978,0.09773896283698986
7881f10e5eac40d3,0.1078665075021318
01736388d4f34417,0.07740821443231526
ad1f3068f2c84375,0.23251945118433295
5090cc585e6f4ada,0.1543037614928694
6a1779fb83e743ca,0.17879341226259915
c9dc761edbe24193,0.08654245551722764
7cf3102d703f4ec1,0.15891808819244746
cd1ff87e3f284744,0.15081067760755873
94836f5e8adc4931,0.1886238440296352
817018847b0a474a,0.12460909332478852
e0d59b778b954b27,0.22333716473435852
bf4f64d31e724fd3,0.08295792171505739
1d0af47ebb80411d,0.577998032953657
9def984d64094d7d,0.11350462907272195
4c512c24abe04b87,0.34429235254399726
8e585837f1d14fec,0.1290245594035863
fc0100a90fbb4e82,0.18822197567130217
71c5f7fbe8be4d26,0.1553054529060221
7b68bd7d6f3a4375,0.13842603406732082
adc7a0d00f8b4a5d,0.09957145484616343
3a3ddfd732c7464e,0.14692047077386167
0837df26e7344cdb,0.15149843207384767
f21fe565c29a40bf,0.10314573693263648
e5ec0a9ab7364bc2,0.11576830352592654
8839134a2de748a6,0.14292964283699736
fd5ca6f0f68644b3,0.1757524480705004
fa86c26e87264943,0.4471644377221265
1b189c5b2eb44746,0.3822926473324045
c7620cf6c21443e4,0.08617947149379739
a18a069e053c4006,0.2046814282133972
e9359a8a21064a83,0.46755510229429403
d27f00521f3144fc,0.2770911068798749
60b934f6053642b2,0.21760419191757177
1d10fef7f34f47d6,0.0901773725782508
4f18da464f3f47e0,0.14751327981983064
5044b1a560704a3a,0.09540545282712096
2418bcc73f37442c,0.27310756233474687
6b89702b6e6c4b1c,0.19379776172661084
ae4ce5b873094062,0.10113314044584092
c37bdccd76a549a7,0.21869401203020702
f7ddb1fc19554336,0.4466376928649009
c10b91678fcf4e5f,0.3527819626091161
0ef59d9435634b92,0.14177242137637738
0ecce712c78c4a8a,0.12187826687175678
91a71e1a1e6d47a7,0.1543448123341243
ab8901b9e89f4b0a,0.08605073867427791
4bb67e86ad5f4ecb,0.1555586072188716
37beedc98cd34440,0.10003226339320385
01e1c8d216364833,0.24791060077557459
7a0bf5f20c774954,0.10379143942458927
cdcff8756e584ef7,0.10595963526040247
455082a960084a9f,0.1586296855802047
55405859e00d4587,0.09577262902451106
8117d2ebc71e498b,0.09826940542211575
9355873c87f74312,0.11003160209149006
76911a19d6cd4bc1,0.314367129927228
9b1ddada5da74dd7,0.21524649307288207
6185ae3322784503,0.10933093260532323
76d19db5ec914d28,0.08377928162681006
0185fe9e4ec347e5,0.09050751931757371
7713654877c140a1,0.10215589776542591
86135e9739a245ac,0.4091628035601464
f14d022b04c543ab,0.3104360344736089
6a1bb037b5ac4bc3,0.2080261359662393
4d610d447c9d4b8d,0.16916983365480848
9ded4a9188d84481,0.18135525233816424
d555a2feb59f4a33,0.1007096616444839
b6286ae31ec94144,0.06252642084216128
9093a39d2d77439f,0.12487791893204651
99eac506a54b4581,0.044925466886575276
9e0c04da202e44a3,0.09921693738416053
6753d258d13f413f,0.6056019107539155
a452b86241684d70,0.2712091617243386
2f2fd141d7294b39,0.05744334756766015
c5f996270e4548a9,0.1748217265731617
0b9b5b93582742d0,0.327585520604626
e92ec4dd69bd425e,0.07094770083476977
e672fe229e7547b9,0.2271406895997037
add4c41b542c4095,0.09362224209004232
10e9f1bf55f942cc,0.3063206066198151
a51f28ec5df64600,0.25353539412789533
792fe74b389b4e0a,0.15933628511150108
038d1352d923453a,0.07541867194790174
95ccdb1bdaec493a,0.3916654520331241
8d52e94239aa4e96,0.12691655039389743
7742ac54b34d4aca,0.5081967241912149
5552c972901a45e7,0.0991835680135595
fa70f36afda2433a,0.09166773206445653
aa1a7574494b40e1,0.12227115985434502
24323906c8194751,0.14496657001606836
7a2d5285756e487b,0.09811399157993057
7d37da823cd74a65,0.4804460927870776
0ee9d124aa174600,0.14884760933362767
e165012d35ed4cc0,0.3822943845938276
a4fe01f67d82466e,0.24137210170521922
a860c3af4dc14049,0.7626122120953689
7409dac732a24cb4,0.1884262097552065
5d59b57b139e4229,0.10006042392668808
6ae68e1ef7a44b9c,0.10574320670005337
c3c76861eb5a4b17,0.713918116992518
9c062588c09b42fd,0.08894678040826244
e4bcd7b65a474d4d,0.08303298997841731
4b217c5a759746fd,0.07101474494105665
18389e4c1e64448f,0.1880771795753778
f1cb7194b4da40de,0.20102407041844725
bfb159d3eb074129,0.09333105994340456
aef4a8886e1e42c8,0.14487816097819367
c635ee598d56439e,0.14981183304210371
223c037a9f6d4ab3,0.18404745128140043
99b0d0f4a25b4d05,0.1427400211450695
e94d81386d1d4f39,0.149795932278387
38f42f788e0a4bb4,0.5480573397649304
4727f73d5dcf413c,0.3336420046482717
f879df44b5344eaa,0.16737965592099285
c70c342dfdb64ca1,0.1673546190074263
6413f83cc3bf4657,0.09997547363291523
44afe7b2ddbe4473,0.17044275549951832
325bedfafbe840dd,0.22352144384479963
cf8ed91274a14eb4,0.09616853738953485
eafb36e9873943be,0.23859383825992064
4548d4094c994683,0.21410871447153018
dd3cea0a90934e29,0.1008066166737641
c4c5a5efc9ae4563,0.10822165514783126
077ceb58dc384478,0.2635938218085845
06a9d94693944223,0.16272827961436864
6e5f26bbfcfc4782,0.30042581830089515
94bbb43f2b5949ac,0.32909810152021396
080ade7b4d234159,0.15693621144730327
5e120e0f33cc401f,0.2346599903941262
5164d0055ca14cf5,0.09835575656535198
04d2dd48d7224980,0.15202312651605376
d8ed78b7cae54f5c,0.16421100937005784
910b37030037449e,0.12012046965096572
6d9c95897f15469d,0.6190020076450491
fd1d3401c77448bd,0.24129422957850924
5705dd6af55449fc,0.2586546124212212
b71dece1568d46c5,0.09801171680557072
b4dddf5f0efd4783,0.08465205847431725
80bb74b8e66f456c,0.12998671899920866
aa9c33bae5624f9c,0.12380272448370593
b9e33d7d441e486f,0.6886229682530857
f42381613a6449a2,0.1859246113380917
71944994eedb4713,0.41957518823416307
13a8b8c7d3de4c52,0.11572047325337009
53500d22fa4b4208,0.09228166629446327
52d9daacdccd40f2,0.19227568759687544
36f5de331b72429f,0.1338078744325636
7887ebd4c9954fd5,0.10474132558867814
64e391aa375240bd,0.322763717747269
46fa991e001f4805,0.10572684608673097
da72c350a2e2496b,0.08845986146077862
21b21fb5827e4bd8,0.48481391464566637
bca3816f3fa740f4,0.46589872911752345
cd93ee47a66c4807,0.29759235415880053
47a9f2c9d37b4065,0.5636974831307708
b215dd0426e84a0f,0.08948785289707499
8a3f82fda7124a81,0.2418958252536691
9a23ee8fafd94313,0.1003132522190672
0a7943d7618a4d98,0.18207353101323726
1b7101c21e374d21,0.08601514929311854
944d3402f0224494,0.1398157060184617
27cca4ac349c42be,0.11058105500296278
1ced020dcb0a4a37,0.18576119720403106
97390bad100442ec,0.10473121853065394
0e12795b35504b69,0.0890864923252949
120e97e77a9e41d5,0.6031992549771912
fd05c3b83cbc4ab2,0.0810453120637903
3b4894f2cceb4045,0.2684305891577512
9690f56aadb54269,0.13612872180140217
e026f031c7db4237,0.2086034074237965
37467b896c134477,0.13612708659209963
01366015517d4d54,0.18969059156647336
0b814012edf34144,0.09769151995343563
2e7bd828c86d4a97,0.10318323338644597
65b6734c7aca47a7,0.10299899225917879
43a01ed9bb0249e4,0.1085899793028478
f79ed06c06244d1d,0.13260918551044026
ce0b401853b74117,0.1662457289821487
ad8bc57755c74e56,0.19039256838607618
f3cdff1e5d144a4c,0.16105599753753794
627f04676bc643a4,0.08333642909201805
3abe1634eb3945e6,0.14380942555748405
8791849f70b741d9,0.46304570067025375
62214115aaef43f7,0.7600291759333123
f8c3947f10c44804,0.543493367185377
f327115254e84650,0.22814189299585794
7c690357cf3c4b38,0.1032752042913858
48669c5eaa6c487a,0.15508517832793295
206972cc77b948b3,0.14063036233160037
9b75437533a54ca7,0.4367933277827376
8562a7168ff04571,0.11272844144802494
8b0e72063a614de8,0.1260015110121772
2daf1b4d4823483f,0.4389412344316456
a80d9b53418d4d65,0.096809779312893
09f187c3afd5476e,0.09614792015302596
41c2eca917bb4662,0.11264774119038985
6864126bcc554c56,0.8294414518303086
d2ae379627d44bfb,0.3455451206436116
5236c0a379534729,0.20348179557050816
ac2291ca772842fa,0.206398653630032
87881dfc2d3b4671,0.3966112099773472
d75a7805265240a3,0.10089816526583363
b0eb6e31f4304d41,0.09414106123084252
47e4f9d354db4cab,0.17516808241610032
14a1cb2108d4493e,0.3990137491643373
c279049d92fb40a4,0.21269235746425483
5f85f2830a7b4225,0.18533276001018534
043941e3127b4313,0.4376433764838589
2efb3cdbfdd64130,0.11906479870034344
efd9c0359bc24911,0.15260108874577713
1b7dfe2f26aa4dbc,0.0888236924283758
e666ae43fdff4f3b,0.10940588251654015
2b92f0b79d1b47f4,0.2655853273762539
af06cb51fa214d26,0.08518810083599916
aa467a4f9bff4147,0.18591813501533266
f48d3476a45348db,0.1717460226529108
64feee8d6ea9457f,0.3670603765970789
29eea5c381dc4c73,0.29855487844385276
eee7900ac15d468f,0.3743436676485303
4cf5f8ee65084125,0.053645676819007886
e1d745d2d7e14670,0.15423596874774032
a0c1a428803d44e9,0.2483200202619178
7e265019619340a7,0.08910565300674424
9d267fa287604002,0.16176104370686592
6ecc1bf6ee0045ee,0.14399436405242766
b8fc094129d448f1,0.12962067010562456
369e340e5be843bc,0.4837556630794728
c0e58b35b17e46fa,0.40164333822284415
fb1cfacc08294923,0.12096607416059048
ca9bc3cc03524cac,0.7317708171813738
87d74e5f13204884,0.10272358972427058
75cb0a2de5d64ad6,0.06619852763202687
1c91fe7b215c4a5e,0.09415412085072457
57defd0047c5464f,0.4669085317340155
c5f8da5f3e014e3d,0.6664798785129952
cff3ec16ef3e40db,0.11296130939176761
1027f6e222c84b81,0.359360426743124
ea3c3d9fb2b342e5,0.17184497221291575
997c079fdef64230,0.11219723823820205
588b02e95f5e442c,0.16457542182973528
57c36aeb03fb4e10,0.1920816956487396
8b9403a1397b40b9,0.06687250274660517
09b94992de004bc3,0.12570066730243978
98dc5b5cd7cc459b,0.13590352201240516
b735667d3aaf4768,0.07654738335771251
1a6fea25eba94f6d,0.7317192822070944
7e2904af57554b69,0.13232972982266886
3ba7a4155dd7408f,0.23209406698773316
52159f85c5b1490c,0.1967932002250629
e534842b7cc04ea1,0.09790586750057283
bde5a03c24184352,0.10620148470084566
1c152afc6c6c4cc3,0.12171269663662732
1986a5c0c6054922,0.1207556415606247
6217acb80ed34dea,0.11948639132351216
d3133cd902274f3d,0.10061342506913601
90497bccb9b94490,0.11163909784827751
a73fa0e09fa14476,0.1856836988061232
edce6e313c294919,0.17507170123741705
1.09E+15,0.11678305477772179
7ff72c9eb4474947,0.18858461703620205
35050a8c5a314839,0.08873004079607676
e7b3bb91546d47e0,0.10853408192075663
67a1408e592a41a5,0.10418677418399042
8e7136bfe5d94ef9,0.10526292336181385
a040be21f717436e,0.8077415623116261
6dc6697a4d1e4171,0.09163377077879166
d9b1f1a95a08471a,0.12284296577558565
ec2134794f4c483e,0.09192174885359829
5de6f72ad32f41e5,0.16316574714385643
cb288e14d3b9481f,0.18310348587027908
56fd40f8f65f44b8,0.27527043858672356
4cd62173e6d74a87,0.5568593255912453
2ef109a84ae54d7f,0.3031969394297164
d5aa450c55b74cff,0.12281848488271069
0cf67f9a1e554a11,0.18752791715436745
fdcd26a357814f42,0.15860994270292747
e7bb1a74e96d4af9,0.08582974684613162
634990aa29bb41ed,0.1030415810219419
869143d0f7a546bb,0.08433200615237033
a97ec5871c834e6e,0.23195701686172712
7d9f5142eb4f4ef2,0.09961459231833955
d7832b4ae0004a20,0.3011104712559962
feea4e22620643f3,0.21438051767134067
92e5a71e958b4e93,0.1436978568539093
2b1fb2578860406d,0.14100875436208948
b6c8695dbf254542,0.17264537664208168
db7345d94eb54853,0.1085447377793943
5fea72053d88430c,0.09576874254899322
aaeb1dcac5e440e1,0.06474677009402399
9d0fc421bc3946ac,0.16290009973904584
f796c1744a0b46d9,0.06329273405310747
6d7eb55112084e6d,0.0870008571537932
b068e8d424c74b94,0.08678391006000294
8645c126cce54a8b,0.18174746583711326
43a1fa48100040e1,0.7160764821679024
96964b45c4e7412d,0.1379830576828343
8b810a6d70784c4b,0.4519559564675417
0bbcfb4fea8b4d08,0.4479290755867764
bc893b461f514655,0.2648925803439481
2fbed43d41d14574,0.38154541642998746
9c2594a1aae64be6,0.10026425408261355
46dbcfa3a1bf40dd,0.11428674458054747
086e0273e2404ffe,0.2498164446967655
df15c2558f5e49b2,0.6373336665563838
41e2604184d94572,0.7810007675442637
3151e922c9b0439c,0.09569948281033545
1aecb06e2fb24a34,0.3679017877273608
5c7425ccc746441a,0.10122016549301134
5bc40e6f54ff448b,0.1831846033795077
7bcbfe1f7ffd4d02,0.1395200213699093
070e9b89e02440e5,0.08759613463558649
4908e22149c840ee,0.5736351567860275
ab6528260fee42f8,0.10113501445128259
79e64e083da74cc3,0.15856049710636969
dea2ed36cc804dc9,0.30852562060248884
631452828b7b4c1c,0.8327203924543617
734621f339db4afb,0.43795131204019866
386c6da2867c4cfd,0.3346711338469538
2aa2068036384cde,0.17322775304535007
86666a494f0445b1,0.14367001870284565
080eea1964504b75,0.09251033845166198
99e0d545d4094dac,0.17937918298189423
6f8f0c6dbd7847e1,0.8846573866172552
4bac7580ea544e51,0.10990055308458095
0f0ae756332f49ee,0.2794127861971655
8483861371824dbc,0.8050909755812478
d16906bae4744a83,0.2456738877375513
ddab9e45f7704b51,0.23845764382145065
c7f879891c4141ed,0.6300245435049611
44ff470377d842e0,0.46978686527891306
01e2aff3fba24c54,0.11431298945338955
cdbd95bd481740bb,0.10176420408671169
13f0ee8778e14914,0.7674270704100707
ab470c4b2d624a63,0.189056346834111
0751bd3686c445cd,0.32755136745568797
90cb127359754af7,0.10970558057520487
cc57b9923c0d49d1,0.2591635025510567
4fc93fa341894a5a,0.0836887876978228
46bb97c34b474811,0.08940015614262377
ce1cc2ed77e34901,0.07759225153111221
11478753bd2f4faa,0.10055063766224259
baf43c256e094f07,0.8478185624769049
7f71f9071e904df2,0.19993214655245242
398654a730864e30,0.447615574526841
c03edbbc5f464479,0.18214993935845675
8cedb91978454370,0.32392549198540627
65d7f1c914504525,0.08000798732944704
b3c3ae64bd504f85,0.21210356979754222
daa052b5de564d83,0.15093949200069462
93722bf3ce9147b9,0.12105646274459059
62100f63968f4128,0.10360979248902397
7faea2cea8654e2f,0.14962169473662904
0514c45c55ad48ac,0.10214127773000968
fe71d3cc15334b73,0.28313831895929886
514c8ae6fc63413e,0.7807023445232567
584f6f88ef104ad7,0.36366581522551816
307dcba2661e4d7a,0.17658181861532768
6b8b185dc32d48dd,0.6662310696026338
7140b036f0d74828,0.4051609743265661
63e07e433a7a48e2,0.1864556260620951
18cd20773c8347ca,0.23491671388454693
b0df843540d84e38,0.07799635566057946
edda9382a73843d5,0.6411602071470568
4ced934e688a4838,0.36164585193559146
b1838949062742fc,0.13169883335129076
9381885a91c748a0,0.2541184881875084
4b2cf1f8c2da4be5,0.10043593687881924
410bdf48b2864758,0.1645034039924326
3199f7628d544268,0.3482625284363382
c6896dea4855420e,0.327283158436485
68a0adb1d63c469b,0.14131978874591264
9ec0fa7f10f34319,0.07514637815948864
3078436a80274f7b,0.15139285418250503
ecdc76407ff04676,0.403659568501763
0b582722e38746e9,0.23083569280521096
2594de786f904e4e,0.11426041862670029
d81b78cd0996442e,0.2586811720719427
b41610abfd82430b,0.13711579872523083
cc360bb173b94a54,0.707755468961441
809e2e10d8a1403c,0.10705923423674417
af2a362c726d4d3b,0.09358580113458188
80d344f263c242e5,0.1338583924324472
10c798eeb17c4c6d,0.5223605198056379
eafabd98a095435a,0.10611931636087463
bb3e70cfc6184712,0.09359301657846772
14b48d4e1e0b451e,0.6298192018619203
80b34efd59904fe0,0.48148396117780007
2ce60a5cd6484bb8,0.10490292407716295
db1498a729c24692,0.09524317842729627
d76fe07182e74fc3,0.14584128145114794
cab04c00491c4b4f,0.14140491029310648
54c0585998ad4131,0.08585118810990541
33249cce1175417b,0.640998384547835
cad603170d6b450f,0.11613626869708803
28604a23b95845b6,0.14633346826572538
72376fd776c64d64,0.19993497079145808
1d0f87a0214b4660,0.694997916675114
447bf16c27594183,0.39193853930934885
1393b8b157b64487,0.10987423228280853
0417b83608d84db7,0.14676357294840264
32b18ef6f60f4b9b,0.48535541144305655
134bac00486a43d0,0.5198065198041475
f665281741a44a0b,0.14446602023370345
0f476c2021b84636,0.10732047380932801
6f5708ed6b064a21,0.10745354633002871
11fc19b802a3479c,0.5275528351426119
15cb3611945a48e7,0.09098855680477332
b2f18b2ab3304091,0.08759828598537577
085f2c76e7434e87,0.09066941421867482
380960a48a64467f,0.3599143326178191
4498569315dc4f38,0.16702061220833597
a020e01bc35a4771,0.09985740859057571
fe02996997694b5b,0.09146967856762289
d02ad6f86a0c4849,0.11499127477960072
7f272c50a73e45d7,0.2359779918201091
50fb1b4ccc7b4159,0.10493740477675476
6c34d92b7d7c4027,0.20025327481401467
5b7f6c31c28d4a5c,0.17591542510083594
94a8bd595469441d,0.1453602021469886
a066ca76a2994d21,0.3729789704881107
deddf0d5df9945ae,0.5055789142890361
8415c1eb0925475e,0.14955289317751477
44fc911e2a424e45,0.06747751909946366
4db5580c4b4e46c6,0.09634132581556777
3a078ac8761b4e3c,0.19200384961209804
acf689705fd54d2c,0.09136141917971902
c15930379c1e4628,0.26371314645071087
e69038d02e814e5a,0.13638546588464553
046d4b9743664125,0.13415787889818054
cdeee9b67f2b46cc,0.11237092102853528
d8cb9fbc85e84ab9,0.17535428951358328
930d510a8f974bbd,0.10943593213730624
8911e750784a495f,0.13269042819953852
a6ffd01e978d4162,0.13295756441186304
80da161479f045c1,0.11455604946596161
53857f3bdea1484e,0.3333674214769452
53c4a3343dbc48ba,0.6759084730095968
ac581986273f402d,0.7153430983327431
706772a599ed410e,0.15422134859999892
fbfb7d1777b0425d,0.13625452208894467
46b7a5018af64674,0.48455856876631676
e67d64f634d04d7e,0.29217595701131593
1001eb3d4ce14772,0.49267128637413654
9c4a12a7c9a84714,0.0837515868021997
ebcc898bc67942d4,0.1497547742478821
dea48bc49d2742e0,0.0740782950055426
fa75baca092c42a1,0.109820723195765
102907b3b1224790,0.7192585466270596
17f6e61f49754bf0,0.1190846208188531
e1c02e7daffb4f7d,0.4377435890105836
d20f7dbbbbde45bc,0.17129418007553324
95af4a442b8143e9,0.2179780794612101
5ad3b7409940458e,0.10267034623629104
d0d97f1e80044f03,0.07093799510950041
8f4f3b19b99746af,0.11502909732661334
367545b77a4d400c,0.10431932087780758
02dd6fdea9ea4c0f,0.10506913858794713
4d70a3e7e2e04c3b,0.11971732807293273
818df17e239a4202,0.19194929767002816
e78bb5529e8f422c,0.18647386297354776
7d859c52dd2f4fee,0.059061566985190474
a0d64c099b6a486b,0.11737079931405206
ebdd0ec0a1044dd6,0.1378494666607157
134dfc7baaef46b3,0.09494052330433161
fa52e4e89e174469,0.2835685688236646
2c784843eb7f4dcf,0.0980697696447127
eba6bc8b1c754135,0.19401795427856464
04d722fe871546ff,0.10239845954400538
f09e4ddf8775457e,0.17659519401953666
f064ddb7890a4267,0.7948482526582019
86bd896464ab4a3d,0.3715562317289917
8a6e47da6fd74736,0.10604206119439719
0ee91456b6174271,0.10087342708654692
9a87f04bf7c64e7d,0.1150943006253936
570979d74e3b403a,0.2927878669585458
a3a50066fcfc4aab,0.10680306536334234
064cd827923c429a,0.8865970363399981
6c4c56e882964ed9,0.15030948657119306
4d080f4535de45d3,0.17850612390911577
6903ce554e964499,0.5355951564989063
b8f523d388384264,0.17430055203922107
1badcca98aaf4196,0.2323563482944886
c728c59c2b4f4482,0.129272220417918
963e65992e54408b,0.13440925699363387
94ebe1dc16c54cb4,0.09972169911720488
adcd8f3407934901,0.2088743921085332
8cedf90f9c5443e7,0.14308867716937623
7c39c8d6363744e0,0.08039297553280277
a5f4d3c22189441b,0.2228171998617095
ec9540cb86cb4970,0.12566452250679858
2efaa2e1858b408f,0.09565076980225866
8b177a41da904b05,0.15823623625735408
189918d6523d4bc7,0.08215807737187698
9fcacbd38ec44293,0.09257154050790847
b7b623a20e8d4940,0.2446561176004685
215605eda7624632,0.22520006836642278
bc4012832f574185,0.1639959907881013
4059150d58a1457d,0.28050015628811575
52cc6c2294cc4483,0.08916122610437816
63dae31578e04247,0.22042170963324625
5736de842fa34424,0.20437316149322618
9b6b15f71f8249ba,0.24666675268869745
86dd881120f34330,0.08609904298119965
779e6c7a3acc4cef,0.0981375011873377
11fc6b04d92544f5,0.17330311442059368
4e79cc0ecf0c4537,0.11166703293526252
6d69bd20fde54dad,0.22108275283295772
f5a858cd930d452b,0.07243938815225749
7f1dda041d5843c3,0.4905794835966062
6b8abeeea458431e,0.6126851694309395
1acd58a5794c4d44,0.1518864787241478
afb3004bfebd404d,0.1117591682023124
5e7254ba24e94e22,0.34837620542043174
8595c91ca9a74d13,0.1712782581227225
a3f7adc36fc743b2,0.3025496536849894
cd8f1287094b4e63,0.08400101394971388
a8512fa064e547cb,0.09853738314679628
cd298b2d685c4309,0.16789349598031814
faf34c787a124310,0.07655690581612606
052f8cc66f6242cb,0.20939830650681054
0d41dae9f51f4fb1,0.08260978828287256
74fb64cf784f41b6,0.1921394284690141
1cb2e1bbc4ad44a7,0.10387275850639717
e042f5efcf7f49d0,0.07477519455989007
b4395df68a744e5a,0.8143299375507508
9de03e060640482b,0.3403762417870004
2475d5205b86474d,0.09369205444425008
ed726edf516a450c,0.16055804666611928
fbc4a4c5d37a49e4,0.26487125665309613
69ff6c52dbd34bf1,0.07755438435210753
3a44f9fae73f41ee,0.21622061391651162
cd9991bb5f6f49de,0.16661345645462353
cb1d56c7feda4f2b,0.12907158658188672
95bdf43206464a1c,0.14323623263726792
5efd99f0e4164d90,0.10274420413290893
492a31fac5784f4c,0.21025091453041408
9fc8423d023d445a,0.10370177351587366
343ae72af5e5492b,0.07061849766211274
cb9e8d77c7014831,0.3623487235516487
0def5cab63b94763,0.11704541619904311
99cb2101701e48a9,0.13957020673478057
058710bb00394a56,0.7385523544259307
884e235be859495b,0.23204919051095976
00bc0d7944aa4c84,0.6880844284314718
29a1087f2f0e4e3f,0.11766579469376605
27f3b5bc13d84295,0.6286072510153738
f3b6d59d43334e44,0.44102667168116905
aa66bcd723094276,0.40652080660430007
6260d5ffce4c4984,0.1830873807161793
a26c858a8a4a4a5f,0.3826242058133398
4ca69ab529b6434c,0.30856368302210185
ae7f2f1f1db74794,0.09546537711656448
cae90eb6d14f450f,0.06911323763882538
591250f413f748cc,0.11912864293834809
b24d38d5c5504f7f,0.2056264795883621
a19d1554f28e4f6a,0.09814994390291146
ac274cb3da6e4862,0.10248624505406759
c1b86cff99734135,0.08489740626758623
5ad04608f3744560,0.21180872953755653
3a1faef5f9a44ec2,0.1062718043958908
da6cba47c47c4689,0.0901073017247982
e609524b1fc741f6,0.15779305969888152
15c12fbd8edf428d,0.1812022381346922
cefe105c922b479b,0.14238729811560588
9a5f5d6c093c4740,0.3294649063837995
20fc9e9a5f6743af,0.10161414607660739
a683cb88e460492c,0.0928980718048394
addfea1cb03b4c97,0.40246060126979255
29ce7dd21fe04a25,0.10248624505406759
8a8ebb9d630c405b,0.13961545263831415
5456854ca0fb4705,0.18374238180627092
9691d92fd21641b6,0.15870296589328092
de1cf9d3be464254,0.7537358427764277
c9b5355d1c2b4593,0.2720101774833945
291a9ef671414b9b,0.1209078652621483
482bc49d98d848c6,0.15398007228208208
11af984faae44d37,0.0940593538085113
ea576aa64e8b4839,0.7094682687512996
cff6e06729e44586,0.14726705467310253
1e7d4aec71544b32,0.29454430110861674
07874978d5a3452c,0.10094859449314808
7250eb5524884da7,0.15101346055817355
b84b883c29814e58,0.17790642779200877
a43c939f98aa4c69,0.13286337170113574
ab546ed09af24f3a,0.5192922846111606
a81e988273a942c0,0.07619868261014634
f48eb41bb6254e5b,0.11625439284158573
aaace9dfda544ff4,0.10962385389554159
3cb239cf66db4b5b,0.0637806724508064
45da5d1a11414c0d,0.13396086659365222
f74151693fb848a8,0.1574586144372876
b95d8eb42dc74c90,0.13079357038869371
189ebdbc8cf34c8c,0.07975762061253218
22d3ca7f0fd44ae7,0.1128560842712742
f5f238356f924b8e,0.18933978780296112
4df37706408b4063,0.3699476078473703
c527673cd83c4e30,0.10073932192464065
db3e6eb927e04d06,0.26328116243100014
89b5ef00714b4058,0.1950073720803083
a9664dccaf174b7b,0.12590933586546352
d70d1655f1934555,0.1235382973602872
7dc8280dd5fc4eb0,0.8679679403020927
d269a3dbd8b545f5,0.17737198028773227
62067d239b744d22,0.15096535121282628
826ed54c84b44746,0.11163396954055435
8c8baedeef56454f,0.12438552281401077
96f24e70f95e4f4f,0.8398041107372886
fc53fe0e5e2a48a0,0.09646298057450954
df07d98fb9dc43f7,0.09564480267798123
89287f97e7424685,0.15000640918841854
12cac300ffd147c2,0.14785103854258877
0e2fe9a38d524023,0.09721585826324664
1ced50738b84426a,0.1509251820181601
2a802715394a4c36,0.4187448795503626
a0c002d49fb74a76,0.141201042951767
2d1d837fbb204aaf,0.08447601572397805
e699079faefd49ad,0.11120464432764687
68e61c213a6d4f6a,0.13654447468662867
e2ca0903a8e94ef8,0.08958736358272705
c58d1c914fa2405f,0.2327188042029432
addd8b3409684b7e,0.10139974164019269
5b0f847d28fe4a1f,0.0965743838633522
e402b38934bf4c7b,0.15968316478926628
f4eb92f4955540b1,0.10096297430483747
3f98005686b945c7,0.10341937830704062
d74c2e3fe9f6436f,0.08040211862257136
1d76746d49604650,0.6195769620959217
93ee5a0886b04d64,0.46623040721742454
20e1133c8d4b4930,0.1221390610366441
4de1a698fe494367,0.24525776569656313
78af351f67f74c76,0.18296239228261552
3bd1bcba25f24d22,0.1747379880371243
9c159c04f65740ef,0.12879958080301462
3aface2e8aa94426,0.08050580960761536
0e7c34c77fa34c65,0.530664779663832
e20e5343a4e54b81,0.21706036107034488
4a647b344e344fa1,0.1619650175220325
36dcb7337a254935,0.14769157996183893
16a986df551a4726,0.10731495183655819
04ea48282e3a4eb8,0.10818642654391722
b7a3d39d339a4ab3,0.2961043690745201
598ebab64c0643eb,0.10030762902802567
7800180eb4cf4da8,0.11737035094610489
dd46c41bd8e94d5d,0.6683946076920131
6006fbf991774378,0.05992902196905251
69b11fb4488b4e61,0.23839171392690942
1b4d77a338c74efe,0.09785569851356091
41a4a12165894822,0.08117521875731745
4f7903927a7b487e,0.0929051875059168
867a2ddd6ebc4a63,0.1860478950272351
803652a9619f4abc,0.27015633255494426
1d3d0fe683334d7f,0.1438256820123732
e9e856ff2e844170,0.09493601467378239
42b59e96ba2f472d,0.19819180761560787
455aa7b24d724cf7,0.24224677349855195
5b02fadcae584ee7,0.14544534620284577
4054a216716b4546,0.07513618381568463
f40ec52e2bdf4ac2,0.19685780858517607
54cb8feb6227411b,0.12987116822025313
6354da38c3874898,0.10950170095390215
ed8330fc6b04488a,0.09129372239536218
6a12a040c4db45d8,0.6903647489408976
6113a723feba450c,0.08809145901957513
91773a47fd474e87,0.26429039960170303
e0d8b2b3881d4f82,0.15365318398501898
32a9fb13fbd84bbb,0.09589453564444574
ac15429eee524a86,0.10489562500689606
916bdfcfeca8467c,0.187088981915982
9fdfec5f48c14b1b,0.665798957911094
e86a7d94a80643eb,0.13346052149846915
50fd9938267c4505,0.7734463896052488
1986952dc5e141b2,0.17955870819156056
d0cd63994836409e,0.09682660214575545
7ed9532490d94613,0.4692425239158775
b5a2df3c7e2d4d32,0.09559807767380524
3e7c3080297c4ef4,0.16408466253546686
6435896baa514861,0.5980070127276402
f044edf4d3444d18,0.5012345361213897
a0c76ceec4444079,0.35878620187073174
845093acd29b4105,0.09509843164491895
a53fbadf597046a5,0.13818493931921147
b4ccb5060f1f4f08,0.14160170888611
70dc1b2ea2724d87,0.2791793072090912
e7a7829d00da4672,0.37114574158775016
cc3bb2d4d53e4ef9,0.3918840802274627
46c21bc6e30a412f,0.09137469024781548
aa8243684ed14c30,0.10168894851522127
603a67cc5ae74ba0,0.12891094426745864
3d965719e5614b7f,0.7131995702721099
cba7543c696941be,0.16047861835910354
4714967375dc4dd0,0.44699759238350983
27c9b72dc49b4ad5,0.10734292540272587
73592e81ab7d40b1,0.2653461155452276
3674f77a05724071,0.12322231614774914
ad1d4296dce1420a,0.10095423584669198
efc46034b80142d1,0.07507702674878258
427cf78e41a54376,0.15170983595592435
a87aac7061b942c1,0.20784727090814736
524cf68111d94f8f,0.1041912445033886
93f0d1df8b334408,0.14727742873765845
14f33d8f19154495,0.24005423806117585
64ffb679cf13400b,0.1192435849588782
2e6bdb3f5d9b49ef,0.10030632206109429
d14a57600a434321,0.15982132106925406
4046cd976ad5478b,0.06074043818195694
03807da26b9544d9,0.12864738993305785
25fce037c9114f21,0.09274186234996674
41fbd8f4280b4224,0.10241480344053164
d2db648e77234df7,0.21531490818943325
f216265e0fd941b2,0.4731499828078474
f679fe904ec44a73,0.8450435981718106
460aa7d2253d46c3,0.1510315449103788
f471fdd450db49ae,0.08825915014326632
9ba1a4053da24bf2,0.11033046730722514
6a541ac0c2f640ec,0.11900152451284568
ca0d645d67904a38,0.14566659556807415
63a248c2a334479f,0.1914341347751976
68742d42bcb6413d,0.2802407732668869
e11a63f1c7af4927,0.1129416349630942
c12971d35ad14fb3,0.14410226709990917
4235f3a69f0e42ec,0.15569117744488914
19678d509b0f4d7e,0.15865880147832745
35205830069c485a,0.18473226053460187
7d9d4e8a5fbb4047,0.09109165684644942
ab83abdfffcf40e9,0.13813649991206062
e4c3a52cbbdf4e25,0.14211121980692076
16794f0a31ff4250,0.14247334820588048
f02005513634460b,0.11482497092343333
6e4f558bf4104100,0.07159783432611481
3ac5d4b56c3f42b9,0.1458075816629098
69ea5a63b54b45fd,0.07826536688947808
873d4eb76cfa43c9,0.3101011472317374
3118a8ee8c324689,0.08621269471658831
d0539ed4658042b6,0.07949186373204546
ff35a07e620f4eee,0.10672115355305972
6319ff8db0cc47db,0.8019840573829939
8384f78488544b9d,0.18183923071526054
b9aad5e92da940a5,0.1124413693256221
79586f8122bd4867,0.2420549196693768
020fd0c4cca94bbb,0.8221443017668261
6d66f4ce1b4e4479,0.1076303346245162
debfbff175c74e64,0.10301391995375354
c03a114613b8444a,0.12171817143798463
0c3f10ad72ae4f89,0.46722589499302314
42a8b888842a4b95,0.22631924830632047
6f8f511dff0440b8,0.07936699873563505
6e89fa9747354cce,0.6687889159974046
865b42d4d595426b,0.13266693128620619
e1ecbb6634f842d4,0.09149698926217067
9162d799707e475d,0.2856419557300709
238c4b2323a34743,0.0969347240281469
b021acfa6e13458c,0.3527698706078392
07fd55f5a8b440e1,0.09108740847646818
44cc7e1beeb944a6,0.16877059792700275
e829f6f0c1a945e1,0.1580377984794268
0a88679ea0fe47d3,0.22241816248050758
0e83200addf44b50,0.9250913458237927
5727af169dca471b,0.1454974927541319
a87974a8fdc3442e,0.19305086579185848
2b42ab48dd6346a8,0.21318633857534694
8305d8e5451949a1,0.11356221314579042
c634fee288a843dc,0.18391258639103295
31d63517d5f14711,0.1561866936960945
254b37c1a3844eab,0.6879134047975286
32aab3e6a59b49b8,0.0906405752182075
89865c738aae4eef,0.2585329452756205
62bdb095c55b4514,0.1833357150661939
6853efe835f44c40,0.08827027145021993
98be3f3821ae4633,0.30557728845320836
d56698a2ba474665,0.07807672633178742
1f0ba9eaa4b6428c,0.33575527474989303
3c433ec06d954e56,0.13164991099656498
fa2349a2472749f2,0.21649294871213243
045058ceb1fd498a,0.11486130002053811
749fa63709d443c9,0.23392273052943138
54e5fd2a2eeb4ae7,0.17742741415172622
aeb710ab915c4177,0.10628338677624466
cbc5c5f7324e4112,0.18800837474995535
bf376e9ff0a84b08,0.4023761467858759
9b9f5f1cff894e71,0.1308474025362444
54ab0d8f60bb41f6,0.05662148039540967
8900391a1dcb4e2b,0.1980708107811484
9a524594b41a4ea3,0.5735948989397724
8480c181df8b4f48,0.1241643544692617
d67fb50982d546f4,0.08504053430719968
e1b25c3e3bad4cb8,0.2378928649111878
7fd378e66ca04583,0.09788219444450222
cd5ade416fe54fb5,0.17782573670868412
31ca4914b8864c2d,0.14054309211917165
d86513cd9ee54720,0.11057684824735396
016b51e4e3024d58,0.0960075573041111
e8d396f654fa4f45,0.3656805955921026
0a02f645a0a24898,0.13095384313367084
a06657a355c24e43,0.6293414215980333
6e96b4d4127042cb,0.12524449787498595
55cd3d63460e440e,0.12925045249409292
716c608531034b53,0.12118243276014147
5e80f1504c60460c,0.10216167417463261
df2ef8a015a647a2,0.09518990091901061
59a4878fdf4d450b,0.14349750435994824
dd383b0a73024c00,0.10514807545741099
a52d559ab19e4d31,0.29475997599907117
c5688de11eaf471f,0.09004556933260094
5a4af251c1fb425c,0.9240160505366035
2eea7a6b1b554877,0.30943547611576405
c549382d04df48fc,0.14679582852109962
535de8b1ad004809,0.05993487726693158
8aa233650e2345ef,0.16589440541415604
5fdb971338c4432c,0.1135908656806661
f1a796d4ab1e42a9,0.8836177634528035
8aaeff958cca41d0,0.35921617854153
f8265c902b2a4d34,0.11470278499877663
047207f99ef44030,0.0770629316598987
5b2d63a1d2404d49,0.11775888741921071
fbf714e55c6b4198,0.15582782129468922
a2465562849c47ce,0.1282031138036416
3c797339a4604669,0.05851195616522063
b63879df38c040be,0.09096043456632469
b9b9788e0a414d9c,0.3885865293994362
49d1844ef4a74061,0.11857323353811236
3f6cb41e25da48b4,0.72816240273344
9080c7f282d54a90,0.15906632599673923
15480fe2f4444cba,0.40339407591542414
aed56050218d4e72,0.5510202086768362
70a084aca5404524,0.08952424972602341
470e65ac4efb44bb,0.5443985556522347
047735a72c094457,0.48032435615660846
229a746a4e5d4dab,0.8804401405830606
9f8629331f224d4b,0.7962019648527493
aa3a21cf50384ff9,0.05880524812786968
38b974b385804f0a,0.09167963557869964
413e983fed2240e8,0.6033761284637265
90c424753fae4795,0.15087751486422804
41c2a7d87efd44e4,0.10075676739045375
7de43004e8bf407d,0.34654443229808246
833dc6921e3d48e1,0.2279664864279989
49d8b4e297824922,0.5863729002243465
1c47e0e138194a32,0.3726946637522885
254979e63fc44efd,0.18104419182091988
8b12fa3f30894d21,0.12565918768914305
92afd1910336426f,0.15764813300555344
7b0884fec1234aae,0.10849451950773523
82efdff2dac643d5,0.0913043006233178
e41b87becaea4aeb,0.1804244758599841
b52163e914a44e48,0.09211146868879533
e26b1ab3fecc4f23,0.2796682145265019
32d25ebd4cfd429e,0.10612499970858756
b5726e1c945a47f0,0.6218915991251686
79a4643112b54b45,0.3081194056923933
dfe6fdbecd274fe6,0.2009357385187823
5d88aad2b1c5447a,0.09029861851792226
5e7e427ee633464e,0.10766863333132688
392e2d52f569489d,0.0914516712307249
a520e9bad4cc4be1,0.12039806068463563
ab0b709ffc764fa9,0.1699295372237234
1c1deb2018d04eae,0.26796871113856524
e4bb3068699b4563,0.09410309373620962
b3203d6365dd4c0d,0.10081185803693643
a65597c2ba4b4fb7,0.10550937255532579
585d3744b4fe4ef4,0.07195668091774256
a966e34a2b5d4666,0.3440389538855219
214d78e2bfb84f98,0.5535687163787346
5a15111da3db4f9f,0.23246713968535115
0431adf06cb1433d,0.10229108083093054
b3d94a8892fd4d06,0.09756606992431087
1a7215fbf1584aae,0.4320495127890188
9d20a5ac2c6e43e2,0.2156571496798047
57b093052ca44312,0.2771721115829104
df469bc811dc46ae,0.3673916177099256
7b9ce0c101c84947,0.2717941259082554
4624aca1ffd04b6c,0.10215476958488032
6e3799790b9d4cbb,0.1435457090066457
ba31e35cd2764aeb,0.1187002031903419
865825c833554141,0.1423214342651453
3500dcd9bc854d69,0.12153468817953718
4f05a8b39e3a454f,0.1044090263788489
59b0dbfdc672473f,0.21467864074540527
84f98d454c4d4f27,0.12216589294023836
fcf42f7e11b54178,0.4266496166006857
087be65e67864ba8,0.12236334415976624
50369d3f396e4476,0.15810964932196292
dc0b46e93b3d4b0b,0.5275007461821091
11be864130154794,0.45059660405004204
5b55f63d074d43b3,0.2593859654848281
28f41f22b49c4bbd,0.29385213059535403
78d6c5345a4d407b,0.18507000351256978
9069344df3144415,0.1202833382582842
ad273b4f61bd4d4e,0.09420501224058454
13dc249170564194,0.4131853561367956
02f7943c44834861,0.10756729343933273
f968362ef9984620,0.14972359850905986
6e132817cabf4f11,0.07824612236746926
8003df77fec242c9,0.1492847991582383
9a6faa8ebb8246c1,0.10751033685666507
f03a5b5e25aa46ab,0.6314624194501957
32d474d4fe6c49d8,0.2387402232845646
dbca28e3ba7a44c6,0.1033440519531438
8a411d1d4f9045af,0.817525103171623
a4a8d252f9a74802,0.16302773911218812
2207971de90a4ed3,0.08716284725503066
eb0f3c41976d46f8,0.06156252472727438
1c17468f0a47403c,0.9012990332395089
d6776c9d444d4edd,0.46990631833161695
52347880b87c4c8e,0.06459156625476004
6e160e7ad5104bf4,0.10188422389597174
58e883acd84e4c91,0.06399981781363928
d04a18a580af4cb7,0.3856607256466395
3d8eff218e394157,0.14966849235729857
08857524f5514901,0.10042369827351975
f93aae6468ac42d2,0.3992701012963628
8b7f80a718814357,0.22992742036356945
8bfa9aa85a264b3a,0.49714093199249476
7f431af97acf4123,0.11385274958181042
4f5697f0feee42f9,0.14120100931105928
458698f1e76e40b8,0.4281302570168966
8d129a81843c4969,0.06583096062678037
6d7235eebcae48e6,0.7258687852988291
40f61b5e647d409e,0.09471819223349218
187a67da391f4929,0.10765200095819744
ce117c4e5bc54573,0.5877534385965199
50df9911efd64eaf,0.20258718153923214
fea276c94e684811,0.17518804652205897
4248a5622d5c41c2,0.11479089692519107
ff5b369bf0e647d3,0.42256175788143957
22d26b5b28594105,0.07783655158642445
9e9f4316fe454a8f,0.10269223481115194
30c8bf0bf3404811,0.10663155183446953
4e4c1851b9744723,0.11009443463436773
df721d39eea14a82,0.7968337976847282
09254115624c442f,0.12566629188362285
2d4775fdb9aa420c,0.2987638779326193
b235359d555e4326,0.20503746072944118
ee0a164b87de4143,0.2319973478577888
1613e32462414dc9,0.08057563053968522
ffc618c3934b43c0,0.12645009594201623
d1c42f86830c4b4d,0.15768579625611256
348733f93f774189,0.11471372312843166
07b113ae759f46fa,0.1393363532854105
dbfe06323ba9421a,0.28714555458892077
1da2c1f0a4374905,0.0781189957547481
1df82a80b20941e1,0.16681609385064525
5d6464adbdfb428f,0.23198029817791163
23308172559440d4,0.09763432509836333
db99d812c91f45fb,0.08176383447683877
d76743348a464dad,0.18054545603302988
17ff850b0bf545cf,0.5179298838725875
0eece33e9ab846bf,0.1466209380078599
a29ec436dd1d4339,0.09832196902050558
343222f345b04197,0.17124830210835917
5df255466abe433e,0.07243687428368442
8bbb31b909f14372,0.28775297957250573
1e2d0999ee144d62,0.12566579409009748
1eadf43c4c5c4ce0,0.13073953246438202
e70c88cec26f4e20,0.10994744138261667
d3b5ab805ae4474a,0.26799463810677077
e437a50cc39941f2,0.2568623149985076
1bbcba24b5064e90,0.12602873154915584
225be2d448b74fc8,0.15896093290339
94d5887a22ee4350,0.22781519945900708
dc21f9df89e54eae,0.11599207872490375
ed96fe32ee6249b7,0.10212469200332808
edbeb80140ac4f42,0.6144302832040268
97465da11e8b4cc6,0.11198872080927026
149cc7a960c84e21,0.12110968798661535
9158e2f45ed5475a,0.13871757791365144
043ca7883f3442fc,0.22060876105285696
30de9a8e735a476b,0.3065291474232575
b0887fb5c7a54247,0.20303883011391677
4f4c0a1dcdc54a1c,0.2123153927640136
bdaf6852a6574c37,0.1545134274503021
d3a665cdb4c34a9f,0.24460933838284749
843daeff7be743f8,0.26381196999635237
a756633c58274794,0.137040156811226
5b93a734338c487c,0.3060834604019047
38131e166fe04f91,0.33655397242163043
0297a5ffa2f74555,0.17053052677679587
a74791874d04424b,0.31988500867224684
c222bda7679348d7,0.1663780484433472
6154c462094c4a92,0.17855415829131013
46bf42db71694e22,0.533180614164686
3d43c5b43f0b45ff,0.13961726180102393
5e0fd3e6d6064b6b,0.4472386562992177
689b5ba98fe34c72,0.10230441790790958
8dffc94a24e94f50,0.3495099253805203
6968ac0400e2479b,0.23165311410513909
aea532b6de764217,0.19246114293595162
a58a825841964472,0.21823232986173416
ca758b825b8b4299,0.25217006371485884
b242c92ffa8d4e0d,0.09908101583966163
3e7b107aed1e4912,0.11399183339024793
aa474d647ed94430,0.17985595595238002
d2b05f1b19334c0e,0.20373828204321956
06b375e26b5b49ae,0.28829945291590775
39e491c0f1f34cb3,0.11683552154001442
36d98ac443c24ad1,0.4506607596503938
ccaffa7a7d534ae7,0.09204186519551118
2e7b9fe4605b4b7c,0.09473786934014504
376e4670323c4b0d,0.14781591574525332
f129996d31dd4703,0.10172528854085423
0676c8f201484318,0.1664536453072112
17e98741d21c4240,0.10589515863416021
e90c131235e14c70,0.13947136459630602
8a44413922ff4448,0.11512169069587495
e6fd5f61ebde4f88,0.06581216011468484
3a64d60951254332,0.10546764173387106
49af4e9c27d44a5b,0.06963414795746407
d62277ffa988406b,0.1260709686555203
a8fd2cd5f33d485c,0.2994615372056799
65511368f2ee414f,0.17607642528144857
e2e993e88e3640e4,0.08407995551885268
a8102d3c50064fb5,0.18445812994796315
78265b4ec238433c,0.11370662347410267
7ce376be342a4884,0.1133143743051789
32c8a60471e7456b,0.09543561553070477
f9ed27ba8d1e43e0,0.20253610285852428
f292cc2cee634844,0.32679170886821096
820a15b946364a49,0.14573643367291744
d67be219bfbb4b33,0.13178081189286908
b4d3ada2ed704f9f,0.2425133108311484
88ec548c98114759,0.14107546509684082
5922e454e3344260,0.12794469175799966
fe1bbc9ff0284596,0.37076872451726767
bdcbb7e7110e4ba0,0.10575731160770407
9535b92e2039471a,0.2532454014107169
c388e1327e6b4590,0.1785264019557979
4891194785324da5,0.18367116975212833
a99319fc402a42a4,0.1753317861420637
c77121b98a1f4a88,0.08622569549955227
6443c79ee49f4cc7,0.5042360674430654
37ced970458840da,0.18298378052509764
54642d6e97d64cef,0.10602400611920547
936b87b020c04775,0.11083224673600309
c452102a35cf46f3,0.21117495871030995
3c71099c74764b55,0.0915153906390524
e19a015d22ab4b43,0.3867095159303879
2631ff35f5a04e30,0.07723880545554403
6aecc75153164f6c,0.17082521110126905
4944c204e54a4732,0.36864445301506815
513cb80887be4bcc,0.10686892395703741
d9aab6f24d0a4cb7,0.10409036513582455
3b84563dc3f54e46,0.1186774614982333
d2755a47bb3c4660,0.1177519191966036
13c17321a8b640b3,0.053584443786294615
71441765776141fc,0.16647272251347295
ba595792d6a84cd3,0.10964762214316298
a7ae196bb3184c14,0.12942422401762763
e26a682f3da74614,0.23060076392442408
4581ffb5367e445d,0.3716726938820148
b5eaefb60aa246e4,0.05782983517809659
843eab1d1fba4334,0.15837425488119602
bf391e8740494c82,0.11488703057291705
ec4deece6ebe448a,0.16099111216968143
09c6fce7675447dd,0.08698170810714718
8dfe36270e414139,0.11507239260058354
fa5988516cf547cd,0.7281742460184591
82d50343dd244978,0.26042229393310523
2b8301865c4f495a,0.11529876172513322
541a6977d79b47dd,0.5231820013177195
a3f2b00c1c174d05,0.1329317034454921
4f4729e803464bbd,0.3098407520732355
3e5cc8af96a54720,0.22987959872583183
3e3201821f694f48,0.19826944707847027
5b6238cfb4d64dba,0.4517390491159557
34dbcdcfbd4e46a7,0.3289164797883125
f824c65abf5e406c,0.22561026645674362
ca7806df30944209,0.07307003564029026
601aaf3264474f36,0.20466929327866615
aa2580f666db41be,0.08674671718284736
266af3fecd304e5b,0.4920128711776141
2b23750cee9d4415,0.09847936436342423
e161f1bdc8a04c23,0.1626164150334861
969e7b7b16ab4b4f,0.08728402911069097
9dc43cc424bc4bff,0.39452687261549446
8db3a37477a24b27,0.08309073917726602
f089216fc2874793,0.47379323732422834
d8d62459731d43ef,0.27823415228534343
492b141d708b4813,0.15579628675382856
9aec303beb0b4e0b,0.10581524657690893
14b5b3355a8a4dd5,0.1436078611678761
45347210a4fd452b,0.18075870969983984
5d10295fff174788,0.1150752254728372
d673d57e84dc40e9,0.09443401763578381
4e55140953b64662,0.08088002520421961
54d039748408472c,0.1056875348757078
39b7865968fc4b03,0.11366721407407403
5ee24ac298214f8d,0.1179746654704036
15c036c85ebd44fc,0.8363613395838223
097c1fb37b9a4eae,0.2414264595055898
4dc2648277024c9b,0.2226677247329156
1440cb0c77084ce4,0.08855791762079024
a60bf9ab132a41eb,0.06834437818698423
d0c24dc764154d21,0.10697206663740354
63a5492042614bfe,0.142803110967943
f2a97a6a71734f21,0.19988622942119122
dec14aab524a44aa,0.31486746512590325
7c6868d00cc943d5,0.18056953673421264
a76f269f11e94e89,0.08726050985989145
f84ef80577dd4c3f,0.4768328554592744
af60ac6e24be4618,0.5691215774379582
02fa9a84dcf7452f,0.18260562597076307
29045f2ee57c4ae6,0.09734001146900412
d1005dbca85d47a2,0.10461497141765298
a4b1f2fe089d414f,0.37631399603572774
919b5d63a64f4ac3,0.21672020030794062
4790f2a54c234209,0.8794409195407485
00e5cb6078ee42a8,0.14155545370734057
d332fc0bb35e4683,0.290276925724031
fb02ab4872e2492a,0.10687284795103476
652b5c7e464449b6,0.14824898605833783
c0a70e632f884a21,0.12749561194920134
9acd9fcc1e184f40,0.1041778953911163
bb77f19b1b1a4445,0.0938977960440111
020c5302c0764d99,0.19428940193280445
3a6b789cd8a84eeb,0.35085174860406193
360442057bf54e37,0.5070686764635777
358c4753a57642f7,0.6704934315007791
f24f9b54deb44384,0.27443991269860696
ced45b4c6e0e436b,0.4262246403827282
07ea59d133ea44bd,0.2554963682590905
d34febfe759a4d31,0.09315889833192247
0769d36da9fd4818,0.1264582983825743
2c2e86a4a3cd4a53,0.1622653601133831
190460726a584682,0.08283500232467161
7c18950bb99542ad,0.1399500563637105
d8a58f8e9ea54f0b,0.14435354511995982
eab4f7d120b743e1,0.11767057240988812
769eae4408f4456a,0.11558625946936125
057a85e5b275491c,0.09319272619652837
e509435c712b4130,0.2225301743672832
5b703d5cdab147fc,0.19122726685968172
6c8a4afc8d434bc5,0.20839541282974888
85c84ad0f1d74f52,0.12655860443629252
ebef7bbeb2e44d24,0.5200441922521228
845764c9dff54ecb,0.06724745149238093
7854c5f577314bf6,0.3144455812189125
43c26dfdbb90497f,0.13744651940731542
96258db66dd54d84,0.3287779746392892
348de2da57eb452e,0.3491693066962459
a9a073b44a594d90,0.17197471252192836
d88c65e905f84c78,0.09688278500945174
f8ddf6a1810f4d21,0.0843491180766229
094d6f51275143a0,0.22602327126791952
bf0667a9434b4379,0.07432787475669923
ef1798cda6704809,0.09824639699570696
2f20d390bbc4432e,0.09637900181875386
38f6483ba3bd4f87,0.16850660984475627
e49d6cc3d6c64923,0.11902623833146728
dddd0286a7c74ab9,0.0955023192374855
874cba6314904f8d,0.14255720242517095
9c573e85a5514b49,0.8394475556161773
bcae1a1ad70046ef,0.16309887761318334
184e8ad855b847e2,0.1007969732924324
56848f4b36af49cc,0.25589422194900985
f2d104233cbb4d9d,0.09513599818823021
ca2c101b92284993,0.4830912330666103
b39298771d354dfd,0.08373156409168078
fcd732d18af3402b,0.11289395229447691
0f1c915e02b84f78,0.12058621566065342
e116321edccb4512,0.2591918983654372
be5f999e7f444869,0.26335790400805525
71d0ce5316804998,0.08393136423393449
a41ba2f28bb94c19,0.08083239837371867
4247005f5d7e4fb0,0.08976758824164628
28544e3008b44e6a,0.13998557292806382
1a755a474d884d73,0.0757671087370867
3fa6df1994d94a48,0.35070529967864017
b96e14fdc1e3442c,0.608069563523835
c6c2234f18d84b6e,0.29586509908829045
85541aaeb6ca4f67,0.1867086992461985
f9b8053f1fb94bbb,0.12120283813774242
9d3805e59ad54a58,0.10245070133564803
a21528ff347f4a47,0.110248705909951
ec95987773724e14,0.10766448513949424
414db9b03846405b,0.6659717050465113
2be13ee5c6bf4a29,0.0928699353924171
ea11c893778e48e6,0.1260189949572861
ba488078396746e6,0.10299405824638608
a2c1925d2d5a4599,0.09360521883439657
137484149db54349,0.12448226796542393
3e1faa0900994372,0.31943895050587834
8f81665cae9744bd,0.2186813181495259
67d45c8885fc4819,0.19334118688448174
3bd194f9a5b54341,0.1779662036275669
4812d5f4dffd4c8c,0.13935284257438874
d118e9f5b6594a99,0.09872853056242176
f73992d2dde544cf,0.15076848553025954
a8a257c7c053463d,0.1909953859716583
ae096d2362e94d13,0.6229242753933036
d977a39288564c1f,0.3460814408005544
93ae5056596d4d1b,0.1448641720372523
6f8c3af820664831,0.7281711978052641
406f3b76e27c471c,0.2645414273721996
75177fe6a3314161,0.33493758903169124
798c878f3e7a4984,0.38667739938719325
438912f380a74e9a,0.10149048032011465
80711f5fc6a64477,0.09494924119527655
adc76f6915844fd4,0.08437560314942748
505131f28ed2435e,0.06698128616175636
15607749a2734de0,0.7266182883855681
c5dcb1d62d7b4f09,0.12966853315156307
9d4eb04774e74499,0.09162016844378676
3431356423e74890,0.09900179277719458
563e61ad175c4019,0.5364183984081128
f2f4234aeb5144c0,0.1293227380524025
c24fe571ca6540b9,0.111758757570877
bb411271d6864070,0.07478860527457278
f9f00a9fd68e4bd6,0.11626270342593915
00fbb549d60b4cd4,0.09921727688206869
da1031343dba4716,0.2931599803087267
a7621d5b112f4dee,0.13013463786359136
355c6f7e04564f64,0.08896653312313978
5aef8ad71562418b,0.23739493679010965
27c8415875b544c0,0.10928909114343464
7bc50edf1e644ec5,0.4564430037638294
b53c7ca981a247ca,0.24825985729816857
a4ef48394fd244aa,0.1661654576038303
d89836a135e34aa0,0.1296085771448147
e07edfad46e74dcc,0.3150656825924071
ebee7b973bfa4824,0.26506268699390856
1051ddc6f6ef4e8b,0.1641508037839686
e0d639b0adbb42db,0.125801225098078
33fd510d2836482b,0.11312817335380967
c18af7c816314e16,0.09438709138643432
ceee9e27dd9b4d1d,0.08016716512242972
7fae4783b5b046ad,0.10117792107505803
74e9c8c72f3b4921,0.28262802972268564
ffd5ddd8e6654297,0.14846308068149625
fdb5f17c97124da4,0.10145175175546219
78738e77b3a14f32,0.7898259965991911
6ecfecb7b23d4c14,0.09822550878092885
ff237369669c442d,0.09497863304836132
9944ac03aa5447c1,0.10474100542388548
31bd4c0920564105,0.12159370794438659
7716400f090345f4,0.07348428019578045
766de7bd2c7a4aa7,0.10741821255517317
fb877452b9354a84,0.11131942085195944
93430668795f4059,0.14375606946001826
239e430400ec4928,0.1098910466195349
99112dce2b3f4065,0.20039137233378923
cf39204c63b04a6f,0.730474550331001
09322d4b7efd4b9e,0.5583439607488274
a0b2f594078b456d,0.08209367530831388
92c7e911e6264aee,0.09869046924567788
73c74c1b0c144ca7,0.30849752235551503
d71b3a7938cb4f35,0.16298584161507146
10a835088d344025,0.17743711402558077
e02de2e352c74cb2,0.174098879926499
6d808a097e75448f,0.09405850285840675
7940ce0ab324489d,0.22349210513694914
b39e0feb91a843d0,0.2831806821511415
ef7eece6ba2c4a8d,0.24119244780822688
c90b0287cef8434f,0.11721026098739104
d6ee605b4ff04659,0.23789567952701857
ed862787acda4a0d,0.19128792346690632
509e4c6dff384244,0.21454694365704766
ac33ebadeb944f05,0.08793687968259645
f2752231e5904471,0.16104943923367146
c20dce8be6864f54,0.10119487925812273
5f4568db680045e2,0.1010690501119507
82fea78fdc33430c,0.09885408715953986
0db438939ab6453b,0.21889735213790945
75831d69152d46b4,0.15252541656333976
d6c71bd0ac784844,0.11100346598312526
8d6bf91785bb4411,0.17816196023523742
773b6d1fdac94e8c,0.3950293337602612
a3d97ecb0408452a,0.1210785703541677
c598d8007e494bdd,0.35974912737313064
05f78e28508d4d5f,0.14845712136164363
e06d5699bc4d492d,0.12184868313593133
0328cedc2def40fe,0.15359706997055755
8c37bf0a16214839,0.13303888578557418
8d7947a3b5dc42f4,0.1500007225315944
9438e75301a24245,0.17081357019154092
bce387816fbe4ff2,0.09915799166476241
84877e118f0a4213,0.14703711322934587
a3fd50afb53c4168,0.39944250705733286
ac4aff2af943499c,0.05622444312670471
e5548da4607d4eb9,0.4234266882177862
a6c8b98531a04f66,0.09128737102172745
a5a7af18e69c4c0a,0.1316126571249774
609a32ab81914d05,0.07431042917486186
1b958933af1f466e,0.10501257106340303
b8e559cb94f948c0,0.2303586701576206
88f6a5f5c6d446d5,0.08971654973894458
6f34a0ae09c14e69,0.19685780858517607
79e1c2b8e25d479f,0.14980963403615094
29df8aa76a1649cf,0.8357731480370465
4743d5a8d74c4e92,0.1263247506981048
7c5c72a31e6949b1,0.14903560059385534
3218212d01274d9e,0.16769350055460527
c778758e74f841e8,0.13110218216805689
8f808ffea7ea4816,0.1286110478854859
3cb371939c2543af,0.10917834153537036
885d099612794bbd,0.8598890033843903
cd884700c4c74d30,0.060485876539358975
d367626b73424a38,0.33186178162447105
b50d1634bb394f9b,0.2743702956018166
cadbd5a3d04f496d,0.11511064682568452
37e1f2644e2d408e,0.1264970339840779
6a5415bf4ef44fca,0.11118150637166542
0bea1a5f02434cc6,0.2499288709968511
275c277059eb4e31,0.0852746075523618
c4544786cc724a24,0.06888847640322593
1289ce7f58a84193,0.08508314925880048
b66f850791b54479,0.12380431808016663
1f57ebd0dd054ece,0.30278323659113193
fdcf1687109f45b5,0.1405000775974316
8f331b80a29849b0,0.21386274250367443
9550d71ed52a48b8,0.4691534132789293
3d5951c4178b4274,0.13967152455415344
7986f408051b42d3,0.36225182165657965
571e4d4f902748bd,0.06564397356850853
83f268d5ce8241f1,0.34433888866702383
db3232b1c21f4d2c,0.14158242664114098
2feffebf19e4435d,0.37293282454512466
c8129cca67db4e44,0.07078131269447699
44351d5bd2e9478c,0.10522178989776663
de42e6ad5cd542b2,0.17407790590507444
b9616aa2c29b478a,0.1353955713011069
6f4d97f1adc04909,0.12210558775586047
e9cc34e689674e8b,0.3441102235541026
8fdcbdb32256427c,0.7043303795037534
1115458706674e6b,0.17643157375660617
3d77edff872a4963,0.6264701742147568
469e667c38d64b83,0.0758373329419097
2874f2ee92e540b3,0.47821113915965957
4105786c247c44a8,0.2167967255462293
a73b6a8eb1b24f54,0.13846640885862532
61121f311a98470b,0.5333167236662721
766c7efffe164fb5,0.0936383409025382
d1175ce5d0aa468f,0.10663335393678978
fc16a8e532c348f1,0.22879874169432296
3360932766e8428d,0.07375789979779823
9541a5d62cc54a96,0.14939988134430346
097c33d05a8945f7,0.8438432367922665
d0df3342d8c84eb6,0.051700746176207006
be154cfa21454bac,0.18612270717129248
b35c2c1663b94a4a,0.08835192461061915
f75a5179ccd34017,0.10288472184050446
586132acec944f00,0.1258179093679905
6b27fd014c124946,0.09391505019027727
41c2fa6328e5495b,0.1771079643340531
f456ebddcd294f87,0.12359524484092
ec08fdbc9ab7423e,0.2187910637351883
3f621edd6f4b4141,0.09436876423521688
f72961d23e89457c,0.20511688134932485
e6958a39eea1424f,0.09776182955041865
1584e55176ed4de0,0.0900727037451959
1f1b3893206a41ec,0.08910982955487735
3cf9bf2bfa244ee8,0.11998410785418642
8f71699a7036426d,0.19404889312599558
b81579c6e6f24b6f,0.18547252238129197
278be7aab9f0494c,0.08163220840837504
f1525d21ba5e49f4,0.31401654811084484
a817b59f13ec4f53,0.1350086524127475
65b28d53b7b2484c,0.19226832305088676
c78b4b9f2d724731,0.326669966259698
c6d58d13f903477f,0.08942951399505963
ae9eb461bf944604,0.10998328126123846
525d46e0e51b4083,0.1317080429146167
e858e8c99cb942de,0.36153138204337193
86eef72fb11a4a8e,0.20724642388207448
c1cbccd839cf46ea,0.23572602000109724
ddee911e8ffe4466,0.14246046801669776
b3e4aaa541004961,0.3846253087832936
fdfca405fc75435c,0.11642747627960301
0c02d2d4113f4c86,0.18383286803616575
de585f6c09bf4ee4,0.11707373353285092
0975891125c54b12,0.12757898280694754
921e1d208c1f4850,0.24471166498489672
26cca14c5f454af1,0.13477429581601283
ddbd2b6c4c5b47a6,0.15317485528992347
b15ed86f5fb24325,0.1906929941261102
4655545f674a4cb7,0.19437207688467098
cbc5bd521f784606,0.17199388981271577
5c9434148ecc44f4,0.10953955784731934
be7d3d57ae2e479d,0.06967104006445564
34fb76585c8c45b0,0.2437225362920444
01bc3e9d964b44e8,0.10307700719623543
9d9fa4ae33de476e,0.100506327252888
cf6b7c4c76fc4f7b,0.08122502928478734
e7bc939e54a24bb2,0.11409819463718672
10c2824262aa44ce,0.0723566289796782
a69e557bd6cd4d11,0.08681048435573545
b326b2f6ab904cf2,0.11861861439632186
a5cacef090744502,0.1231431687433111
d683db74b27d47f6,0.3554409778283806
0328309e9ea142d8,0.08659781373720933
873fc3f7e3be4fe8,0.13417115652941533
612ae851f1634b97,0.0931561272565315
16c8302eae594068,0.21207566723339305
d858a5b878c440ed,0.4085073827960358
fd3783abc6b149ba,0.17627556358431667
8bb7a81aee2d406f,0.1427760725340101
1b50dcefa5c04083,0.12679395711281422
376ae85455344147,0.0932171566775153
730a60e09dad47ce,0.13720919465413817
8706523ce575418f,0.10257490864518437
50d10ac9918341e7,0.13281916178673933
9ea48a6e2b584ad1,0.09487232180802897
5430dce29a07464a,0.06396424104833054
617c5cb5b4da40e8,0.09953977893927304
6be240c9ee7a410e,0.12048901556417398
9f8bd2d1c3384bb0,0.15762682197655786
cb2aa071d6654a95,0.06756570352070546
b9dc2489f4d84a3e,0.8797868077462307
57e491af0827448c,0.1486330650177198
d87ae9632e3a4666,0.18486634378322733
b6eeff3fbb89416b,0.06989953635293393
5d548af41779450a,0.10200671894264475
cd53d2be0b844c3d,0.1813371773625025
604c76480ddb4f05,0.10413614667003715
0e5df491ff5a4645,0.30285159133395023
c12869442af84f35,0.4287061233536128
ad2192084ac94a30,0.16641057364507056
963c102cafab462e,0.10130119220637493
d5c97be84efa4859,0.27324326150938005
4fa1043c3f1f4d59,0.6473077362075865
2bc9b1f1c4c04c85,0.42481613655216993
e6e0f0a894714d79,0.3177838738218928
ad7cba0f33bf415f,0.11167344578019406
f6caeee7665d49e3,0.19474425141120405
d3fde40dabdd466c,0.10320242354654294
30e659dc23e64650,0.20469437073700011
f00edc566d23456f,0.10429465216805157
c8bbc7aa705a472c,0.12777724611657176
6b4ef5a0923941b1,0.09663388728949057
1b0200c3f3984d14,0.1575632219091947
1023d6fcd748495d,0.198995237663688
611e475123314587,0.14430338563709957
d689d3a14a69428d,0.09679835083803578
205284f19ee24770,0.2128076717958444
52678e10fc3c4ecc,0.17473714204954882
e9c5691cc5db44b2,0.12837140386081236
29ede1d4b6fc4e7d,0.1685029237636042
5b2b01d31b3a4e56,0.13922018253719828
238cad0d970a4fbb,0.09372370133102659
2985435028ae41e7,0.6266180009653861
882de3fa8caf4a72,0.24005949649585762
5a2705f27ddc4081,0.4124941879321057
859fbe0142804969,0.10339377507737602
5d441b23f4e54da5,0.2391330798630047
10a8540c8e0d4a6c,0.08826495190529648
49dbcefb183f4c3b,0.06421703141141659
05babf2d16d84ed0,0.12490835124893926
8b53311e1f9a4953,0.0907702953877619
51bd952fdce7435d,0.23057508799864526
5198297808c14497,0.04634720559199446
aaf9e90c61f9432d,0.19930954511070095
12cbe1c18dbf4aa7,0.10082855057239636
d6e847ee65ab4b69,0.09779995957881797
1216d480574c4fc0,0.08391787383293277
94de82f2f5ad49f1,0.1380461219595927
bf601b01abf44773,0.10446914154237945
cbf629ce17cd4e8a,0.09917175252764368
4f780e5a35804422,0.14235571916637263
88cc963672644e97,0.13929371746098265
a2db705071cf4bc3,0.14087910272969179
7c032f4255034b31,0.09761379702146812
46628d4996184be6,0.20044054566762873
e601cfa4a79d4a3a,0.20447557882997064
77225a751a7f4601,0.32639031262497875
abbd2fd9bebc4607,0.11330709071358168
cf2cbad2786348fa,0.14525147461153765
bd6137a9c82847a4,0.10142784688046626
e6cde197a5b94df1,0.11185532218038063
b189fa7eec6741a6,0.3457404564242205
2f97d065f3654eb3,0.20115589328388378
c57ce423a0e749d5,0.09787007513629024
5b8abccad32c4e1b,0.7846144188313399
41ff365483cf4d47,0.14990382718071363
56c446860b9f44e5,0.09092400512730703
8279c31083ee4a7a,0.19914870360779235
1bce64e7206842d3,0.08998116908678637
5c7d54f341604c76,0.09850446711928712
f36aee825a834ccd,0.1771988259635885
b2d8de58850d4357,0.1476337335877591
478d08f317364873,0.1092255410362326
1163322f234f45e4,0.09647423157977111
03a891c5e0194228,0.43107261090099197
1b51c172cb9f4d34,0.14871400473990065
b1a92de75b7f4b9c,0.3162426782749169
da5f813a6b7c4db1,0.053410526999314326
b22c61664075440d,0.31670952596459895
7ee17fbc69594e96,0.23826137794602142
dd9639f47c994193,0.5995856082455914
da61ea3bcf7848b7,0.09831005627744727
eeeb765bda2642d0,0.3982336944313216
4a8723d111dc4cd9,0.39931364243728534
781cf7939a0a495a,0.0849068511751645
7e2888111dcf4f81,0.10824452144953614
bc959321f2de4d36,0.17322936294987826
d0bddcc97d7747a8,0.11475407331600955
da0ef286364d4bfc,0.18606630263567217
d0311388c3cf4e71,0.0979731138187024
b2b854ae0e064fd1,0.17208368204390656
141511d9829d486e,0.09111155287060353
83184bf9de1d47ec,0.09551949569385279
921b164f30884715,0.14916675183738395
1631be096a8c414e,0.07070827300363125
b16626d69ba74c77,0.16473070632654546
602e8fa7d70a49f5,0.17235770029638295
3fe379b13ea14dcf,0.30962933580134333
05f7eeba6d4e43a1,0.14428451693990835
df99e39172e04c40,0.21042410961779745
ee96fb5515804c25,0.5799168030504168
f7a856baa6b04033,0.20410804620504575
585edee913d9411c,0.2723438828047667
c96d204bc87b4dd0,0.4778980184057467
2370bd750df24de8,0.12492705922800544
e9160ab1a5b146ac,0.2732197711757787
d912f11a6c774f0e,0.30822058119789114
145c156520ff4f2a,0.26326576325427165
6483629068f74773,0.12534981784841798
162197fed7ec4516,0.26516046493861845
2bde34adbc2c49dc,0.12753780611046547
b1082d07789a4125,0.17973726029839845
b4ce96bcf5ce439a,0.19583361126120852
e512590c634b4449,0.7865414048850844
a6c9514642ec4fd2,0.0986314970512335
7628cb4dba524403,0.1565312623674285
3353355703d14a9d,0.4204336886821335
064de98121d04f45,0.09686113929685836
ba1f1c1d2cae4511,0.0961060481555257
c13a014fe8ac4e57,0.6319975462428675
aed2b5790bb7464e,0.13172562346972208
501d1f93c5474c20,0.4599915750547033
d6547cf1c6684283,0.08263476936295668
59dfaa27cbc64dd5,0.10570386636816541
c3656771f096444c,0.5505213052767955
dc95b080b0484c8f,0.14484234401203605
7a59000b1992468b,0.16899261450710973
4baa28d8108a4bd3,0.08640219216063226
6395e113fcd2475b,0.1604560203234387
e062b340c5134e33,0.12179693435848567
22e9bad17d614fc0,0.10729551878947222
2d00523144be47e9,0.18673564185991207
87e74777cb2b4eea,0.11123618786726248
286db6b1897048cc,0.19985697343125244
69f24a8cdbd74469,0.11269367073803419
7bf2eb6d7182441b,0.0946825128049808
4a21c838b3624150,0.1270828557760586
ccdf7d94d55344f4,0.13176423334171208
7f6b992fccb947f1,0.1467414252313021
5e8ca67a73d84089,0.16593932734031477
9fed2ac6ff054267,0.4217110511240578
71f572263d534e01,0.7440949050159833
5bb977129f47490f,0.22725754124889935
d3528c7653fe47df,0.09057358426051494
bc9549fa01c74ad9,0.1307797070394954
3d25c51650744623,0.12831785771635448
4d76ceb41c5b4495,0.922891554319691
0358f5dab2ad41ad,0.12951072576499156
21d323b8a3c848e0,0.22758772921214665
dc844aae1873420e,0.4845364338888812
0f05394621d14244,0.1685128970087374
3b298242937d428c,0.101700667484405
b9486d703bc646eb,0.11323229776438423
dbad827cfc30438e,0.10173973637924177
95802d606a59416c,0.19165916609804604
5553a4b2a98e4d7d,0.07810120710373941
07983ac857394ab2,0.37919129223729836
32b524e30f614a34,0.7178805399835437
4e8e1108d1334f9a,0.12244620743576784
b4d62a042afc4747,0.19940365339288565
0c96a81e9f1740af,0.15135518009362053
21329e3986274b0e,0.2628804431481831
30c4feb27adc4467,0.1264284133454341
5bf124a6f4ef43f1,0.0847263119782622
b56f223d408d49d7,0.1114883738965887
e6b04931107b4c15,0.09666777714248065
20fa705c32c14a83,0.11215683972846212
d61c4262617f4be8,0.2288332899521444
6b293a4d108448ee,0.2850217365816119
5cb3fb07d39a4608,0.11058619079467641
25df5d2e50674e34,0.06820929236515051
a56c9b32be2e4399,0.08713854961986904
b22d6ca5d8244f41,0.21286107633178317
5912c15de7c14da1,0.2336830704231999
76f2c31d60874a23,0.9318475137090738
3b371a696e03436f,0.10817339949619115
803b72a4c2644614,0.09179180192478546
90f94c0d1b434ecf,0.14359300162602334
7335df8c16034bbd,0.1400658019599903
0803c1d115324a98,0.10625707164399743
ccca0d455ad94256,0.26979796698129893
86bfbe32cb21494f,0.08828270415937159
b87b300225d94d7b,0.17797313092208616
6200b7b9adc64fbc,0.07922065927884886
9713c2f1aff245b4,0.7229142809436816
8db25be4268b4aa3,0.18999474313853484
2e36a02344bd4882,0.13520214002151842
08b6286e2c3c4c9c,0.13237300744732167
56a08ae3b93d4220,0.23013888087087078
5539da97adaf421b,0.09355707577226634
511cd6cd2e67437d,0.07912463120518372
d7ec661eb1fa445d,0.24376227400525213
8a4f72827c37478a,0.6182574610056071
a6e5e1635f6642c7,0.2680202943790613
8285482c93984b62,0.12063111237524621
d089756833984724,0.0876193180209224
78b568dd0b9140c2,0.15870128508866033
82e7d1ea73474065,0.08556576917854197
f19e8d12fb854b27,0.1231219123814264
a0f16786f4f441ec,0.10041308749854459
975ad8c49f144947,0.2633207455240854
ca69e6f7472a4048,0.20115550283225195
43dc02515ddb46ef,0.23725582625498007
afb0155ddd2642e9,0.19146033918973052
3807e3e00a73470a,0.1481044272107265
d964c26ef733442c,0.07412810111128518
a6f746b30c934a4d,0.09645763074822426
b32963f235834d81,0.887500761765405
b2577e2059ab4853,0.4101341640381732
1cfcd1c4278345ec,0.4331122246700849
f1e41bcb7a6e40d2,0.11121788950802082
dbc11101deeb4e45,0.08397826019824083
cb492f1d2c9941a3,0.14285844970169062
81e2f976b0cb4c55,0.11269367073803419
1437ec15d5944d11,0.15005471749693955
1c4ef826d6764b7a,0.09472258028410581
0124e9acc68a4a83,0.35758556953675696
12ddafcdad004d03,0.15980397647902755
927de40231404e27,0.13702389388328612
8f4d623019ce461e,0.4674483037780717
8bd7a24f4416441a,0.7652106720822369
109f842015a34cb7,0.05990551432192803
e639be7146e24705,0.1063334741684867
c0f2933aa1b34752,0.5366606971853968
4c727939a92041bc,0.20270225807788245
5b0cccad9d66427f,0.06222233493704626
ddd4106971dd4ef5,0.15426413130331532
aae1cc0018954beb,0.865820031436687
0adc89f28b194622,0.20462600768930508
88782ad049584e4e,0.13924158746531354
3dc3bcbda37d4cd9,0.11618414898977714
34ae13ee4ae540c7,0.1666239877592354
7082b784be1f44c0,0.3063206066198151
9dee6afc9fff445f,0.1997020678609176
643e5eba65a34a4b,0.20399714826748444
becfe077f93a4045,0.12467626850990299
1e96cf93b7704376,0.11771720582304512
a68f1297d3e04418,0.09634687907037576
1f7ec01bb54e4b7f,0.09847107780161878
315d517f68664650,0.1303316331363945
6f528368ae8c413f,0.14486147059178664
0c1a6dad092c4123,0.06749504907037562
452ef14bfd85465a,0.1406069443134394
8d69ae3b8af744e2,0.12298544885869413
81958e20ab2040a7,0.13148978941807138
026752fe631d4e5b,0.09977179535304101
22e1da395523484c,0.2989920897148635
ce7b6488118f43ab,0.0960646455591974
c7d91a5fb8d64323,0.5241716137976791
15c25656d9dc4235,0.1844697135184704
4825a47458134a6a,0.13118952648664328
5cb9c20a01f7404b,0.07774565550891381
4769c0b407474e8b,0.08285888592489549
a5b189fb91064a14,0.1349784724572454
3d657874b00c44fe,0.1384735252463698
7b1ed9c34d0c4da9,0.06680552959669599
4c941182b2f14762,0.09417500233161541
7fd135548c26449d,0.09566620038196386
72ed3e32bc0b47e8,0.37213277818543006
791f895bc9384428,0.13481348216005187
a562b3f615274261,0.18428091163184865
db11053da61a488d,0.7895855584659323
f045a68a760543cb,0.15110232106476215
d8068aa704594b2b,0.7258410316591652
2b0ee9a5837a480b,0.0811568298135008
86c3876323d64702,0.09579130208556257
cd2cf6a2f12e4c2c,0.16397956425489532
8075d742df624405,0.37767544318067453
0dd01c95fe6b4486,0.11243597601778275
61328d12a7cc4487,0.07141222336271362
dd85eb9f4d6949e3,0.3775805773758764
f640937111bb4324,0.27872047257245597
098d61348f754d5c,0.26180962843462857
3be9a64b314a42c7,0.16858936966808738
20ba8e5971ae45bf,0.08947162117820039
d8e65094463d473c,0.12340313970814201
23d0335560204a52,0.3288759448086195
cbb7996acb6f4dc2,0.13945098946495463
61300ecfcb354883,0.12063993354776541
689964de61534773,0.1823527632119581
2c22c4b008f149a7,0.1709350682131525
bcb78de0f8e74ebf,0.29935386299567396
a9c9eb27126b4e27,0.10129989733617756
edb5cb139746469a,0.2523278524014754
d93b006dd8b041e0,0.1705170999299092
ec8e745e43b24d21,0.09156958048909948
0e949c668f064c7a,0.09384141779326641
e85ee9b49c7643b0,0.15273754715329704
a646fed3c3aa48cd,0.11980816064134922
44297e42c77e46d6,0.11745196575764692
14b1af9a5bd44a1c,0.12956333741148934
cfed08b155a04262,0.15032737313692288
248e4f3114874f20,0.18053667432843365
b74c2ec0dac54777,0.07769744694331562
cccfbc9a03bc4170,0.09774759360070873
17eb6bb535624759,0.08345391978918991
6.40E+15,0.8424039122400904
72bfaff1ce284725,0.1341841266548835
8175d651fe4a47b1,0.39099001860167537
abfa557d72b74b4b,0.24716990160246294
35ed170a6c74448d,0.5835547165262291
2637e9f62ff14f8b,0.10562260267059571
07f0be0f70234487,0.4043372223153841
8deb7b6dcca14499,0.11145419935685147
d0c1d17da69642d2,0.08881938934655083
edd6db6ba02a4dc4,0.09535849114567971
3d8457ba3bba4b58,0.12597833343632336
5f22a547da5449ea,0.4237127471848419
928fdb7f614c4fae,0.2967095532288096
bca728a202694afa,0.11721573375014156
3adc7dfd38c745bc,0.37033272932610206
4b5ff063895647e0,0.09587405662081437
01a9e0c371a345e7,0.1897035532990282
dd093b4b840a4453,0.08294854059632051
53904467f7774765,0.8919629732341855
c376c4f045d544f5,0.2628067974978052
691ab246a5954291,0.25523709634308084
653461fd42434fc6,0.09980997019074853
b27ff41c67334f81,0.2170330911642849
fd4b414ac45b4916,0.09125794357031121
b166aa86395d42bd,0.3679895319786873
6275ef0d009843ec,0.09956259010426474
a6ff8f33349c4b6f,0.1391678488832375
dd34a74cc4a842b3,0.589241243409493
3bfdd0f4423140ac,0.20451723310577274
a9d3920731ea40ba,0.19102637949759615
6570268ba4524d66,0.19695953063532828
ae271d7171d04e4c,0.10156606778274489
84dfd946bc7747c2,0.12358177408859933
47ea9b05c5174173,0.09119460648422788
42fc58f9111045e9,0.4712696429469143
d17a1336ceea4cda,0.27156495476359804
6360230053ff4add,0.1979817225454223
b570c7170e3b42ee,0.12672794508145835
b35356fd89284d8d,0.2337269111046541
3ec8f046d884433b,0.36234758089658936
18abec75126e48f5,0.3913373295075981
fc9813d642054ca1,0.07606431752724228
ca3f2999d353451c,0.08636608074662706
4035eaa68f914659,0.19988622942119122
050f1a7759f54627,0.2185480721216718
1f83ec8c85a54847,0.07929262829906356
3f4f6c610df44645,0.4027567779115408
10ffacaa5e3647f8,0.09855191963813814
c7ab3e7b3474407c,0.882197973091023
173549393b724136,0.06283383965196783
02f7ba153f494261,0.12193672515697068
a13d6ae5d55e46e0,0.08164636369730544
89db9c6730f24f55,0.11156811251347774
3734a9e884bf45a8,0.15482550840759157
0ebda28975d84777,0.14506761613663427
bb92c518eb0a4b3f,0.26511244676000423
715a951dfc0249f7,0.10802417112741927
b6d545b3c17b4cc1,0.10346831598484145
af157fa6d3804735,0.18316546509444617
8c0397253a0d4204,0.19402791344464948
bc045525fd5042d8,0.10225235666868902
a509324e05324e18,0.06996530825868233
160fac9c42a44d2d,0.10138855376603563
3d91255bd80648b9,0.1135204030500659
9c5a757002784ee0,0.5348430025037343
8a620c97cbb94a49,0.11472723213835008
2855676f51f54d58,0.12812449068786874
0bb0f1961bb84078,0.0818326269004043
7f78b6e9314d44c1,0.15935806576270947
2a40990964a340b5,0.13113385142714504
8e51549a77714605,0.15985745253046302
7a0784a76bee4d62,0.13864689272273992
5c9b90e515134c4a,0.07737512159494529
66911f4632634b13,0.10296696889873712
39842cf7da1743a6,0.1472227000058123
f732f7774073485c,0.10327337535975852
fef9896639314b2f,0.13288198910803842
7cdd1362c2a942d2,0.34097272017422714
559b5e4998b04770,0.10074342250397621
15bee8be2d474197,0.07649474411496811
42bd73a59d294006,0.1992015702706121
fa9388d695b8475d,0.2420188683876477
b43812127e514de5,0.17570145856947977
2fb95807e33d42a4,0.10456164500583975
0cb3269f36f34232,0.2031117973962696
277f1910d0de4a1a,0.0798578734506968
8cf243867c054912,0.09663735133384921
b1217e54556645b7,0.14721027842367845
a096cb8413b04388,0.07342513374953819
8e4dc9e061ec433e,0.11400032388366774
d3961456c6b9454a,0.10643259575827382
8ab6c650d2d54f40,0.14845924990792686
603cac5c9a954415,0.23962003240068205
f62d9b68a11d4366,0.15168885703010074
54275a9707f04b16,0.10072063414985384
912cc31625a04c14,0.647474554982048
ac416d8255664340,0.10867842009629272
d1b1ee78792b4554,0.0787994738223955
c99b9532165940b6,0.1974276174244831
533326a83dc149e9,0.1386716595616773
3934d9ccfbad46ea,0.13378355452237417
5b936fe0167a42d7,0.10269767932863531
aa0b5d5b88344723,0.12843993990927044
e19052dd05d946f2,0.304338712713687
84dbdfef86794f2a,0.15438435795372177
eb0332ae698d42b8,0.10686108309423491
1a6724f285214c4e,0.3043916112401336
e27aa02ab1c840ee,0.11163714885605815
e666cc9a343f47bc,0.3939745333633153
4d0f071d890f485b,0.10709480189572214
5489b58456494715,0.0857380488704607
656de108c2cf47f6,0.0910611057414157
d83fd0a8f76e4447,0.1721865167420343
67d78f702c424766,0.23935407715007032
afda944ba75540fd,0.1410325356409375
24a7d864a172405b,0.28251155597151106
752a6006a3764aca,0.46883852004005117
9b215cd100934d41,0.16702075428775778
1cead6a9b27e490d,0.8535427228999136
fa154ffe29d54683,0.16032607056382772
0443d51397014e7c,0.16997188048588324
b9e77cb8e01d4e44,0.1019413699892868
4d9a8d44354e4a04,0.695483468981449
7d52a573f04641d0,0.08936635309294945
4a8b0414e57c4a40,0.13169508768666277
bb28fd44e8514262,0.09907538425577521
d528fecf463843db,0.11290443749527897
01ae52b79800414e,0.10261225299822743
de43529e5dbd4050,0.32986652810296857
fb1df7ba9fcc4398,0.13167306799947748
d036d03ddcce4e88,0.5280554861633944
f61123aaaa61484b,0.13237968722446736
eb125b7cc7e14d60,0.1783284380946412
aac48484c5f84273,0.11394355413191877
0ee15a51dc824117,0.18823644146257548
14a80f69cc5840ea,0.1672747061447076
ff580750a5be4f85,0.08576866832545858
2d4d9b1325cc4328,0.10947245496598458
5a3fdf7b65c54571,0.09168687412504335
e91f0e99547d44b2,0.11538575500551157
ca014502c9914823,0.09344888977488659
afd3ba4318fb4cf4,0.15988437954234244
128b136d163d451d,0.08321316011331334
81d4af7d445144e6,0.08403110151439173
f42cda776cae4bd3,0.05762695765167933
01df23414288493a,0.23457587462910792
05ae483fe3da4d73,0.40616319865044315
e3ef72990eaa4875,0.4147787717214285
c95171eeb4c24e6e,0.19046662514547058
c5bc69eb037b468b,0.25096589569309535
1005f6e8ef9b4151,0.16634485221701747
f7411a90ab944388,0.14617445055756162
826da0e74e2748a4,0.08394157439010842
0acd1697f92f468b,0.10046374069328619
fbffd0e3239e4783,0.2495362970341443
0fe3fcd95df64224,0.14113357491163725
bd1d0c0afae542fe,0.3278506001615179
9b24702bdbb2467c,0.36547070850580654
6b985aa509054128,0.08800795595668306
afeda10cb0194bb3,0.11467804896036407
0b3822363eb94369,0.18401126386602742
beee45f5702f4233,0.07862072748255995
52355c83d7024faf,0.05366405404389319
ca6ec2631ead407b,0.5991678035299899
9a4133857a1f4573,0.16083617579828224
18061801ca1340bd,0.08965191661907822
e56e4f9872534992,0.24251133941660633
c1281416de46495d,0.13691500870894618
dbd7790793c5439d,0.23560489483949418
0f459d987de14985,0.09018388461935663
f7efbf0b59b94b47,0.10200148571672378
da3428abc8444373,0.20400108807628653
107e96d0531a4eff,0.22623704533269523
33d2ff46e30441c2,0.1280798450801264
0cc2944fce944205,0.13496117866565077
3be2cd603cc847d0,0.29847218154100363
71e605d6258642ec,0.14907056437806393
30800da3652d4599,0.11484014790530035
18513a395d824e8a,0.6428412891705806
208a2411f48b49f3,0.44104954497361243
b7337d18287d4ecd,0.10223912461973765
53125fe73f6a41ac,0.1114305576965547
d74e4a8476eb4fc4,0.08327562483589097
6a7365ccdb3a4afe,0.10126540604526144
09b6a82f3f594d89,0.2230213799299317
c2dee56821454a20,0.3476755538779168
ecb6100f7fc04ab7,0.11119042462661434
56bdbc20fcbc4cd1,0.2756085334312274
bee1186bdeca4d1c,0.18235370020104238
7db60115d807427b,0.08076816314017835
ae176133658a4250,0.13283579364344825
d7b0573b3360450c,0.09150999310068735
4bb12b1a7db1474e,0.3274710322905815
21778af73d1b4eda,0.1357402265224646
479722e2087947e4,0.7396404268456583
ef18f1ea9e56456b,0.14432939871108738
63f45c3612734b23,0.07381311653970968
9cd53b9c77a34788,0.09608567713158135
4f65291ae78b4236,0.11738282822554966
251a8f5462164536,0.07862905601234581
6cbb2dfb26064a9c,0.07209091670921673
22e07118a82a4be9,0.20418835886279585
fe8ccdc79cc14552,0.08263282382233818
81e1eb3dbf104615,0.12192366002436232
8da3b19065a24c19,0.10406837996706837
d0a573a8f0644082,0.07560130745949764
e23a2cb4087540b9,0.19056356444358477
a1994be5e9fe454e,0.3859056536348658
9b218cb229364a4f,0.07119230188467839
7b0bd496cad44457,0.36591132067179655
c7b26fde397244af,0.05598420273014589
eb5dd81c42734d32,0.09642214538053426
42c0c7e291454024,0.27643464118330296
112931fac35b4860,0.09909291239870661
85f049517f204ccd,0.17664389242624473
148b700b04804e9a,0.24676323989111393
f29450a9a53a4721,0.1324560127535763
d107656eed6e4e6c,0.12038107012679118
c987dea4f9b94b43,0.6344761574196597
6.16E+15,0.08797743531407386
71307945fee6431f,0.1543333167602531
0a124c8e90bc4ce6,0.6263645857845971
3a5b10e9e29a4396,0.22416107585868955
cd0b58d7544b46bf,0.10291592480943591
6f0ca414e2da4699,0.1779055244128435
48edb9feee634ecc,0.36706757823544245
b841496b335b4c46,0.4671061487285135
241d2236c7bd47ff,0.14128692653787883
35dc61ae60644dbb,0.09298020536671758
5f7d695124764686,0.1160824381010306
120e5ac2e25b4abe,0.19365310797403446
328e2abe34c3478b,0.08944648034205628
463a1b50fc8946c7,0.3103538169530927
c468fffcf18440f2,0.38239562186050624
bae1119efcb84395,0.0856258888178738
248a03821b394c7c,0.12162710274511206
c16261685d104b64,0.21962547182470965
c32d719510fd4be1,0.11955407689632815
594acbe0bb2b4ebd,0.09543827428691194
87ece43c9e1f4d0a,0.10299243776617067
c1d867ca32b04d82,0.19336208354498
4091ac229e77452c,0.10210942686427521
29876b2141364650,0.5792423169665583
b89ea6e7497e4cb1,0.18221881704188808
d8d6e697969e49c6,0.10127334505877884
a6543f30ad434d79,0.4021416099540448
fe189e9ed32a410d,0.10745891728644472
feb6b3f83f944a17,0.10457177873140684
2e6070402d9e4adb,0.11345897710752142
0f261993f5d94db9,0.29290477823026156
3ed6df499c45419b,0.07574246099815868
31214d1a42dd4b58,0.06130285901229206
7d8c6b4102354991,0.07591698797120973
8b367f3205b447b8,0.13381361288759752
c313fb24eb844c4b,0.16450657499234764
9106314d4f214bd4,0.5515464447390321
c633938edecb4e5b,0.21293366873825867
6ebf2dbd92664b00,0.427650872740694
1250460699184ded,0.11843239133344613
53258a28f14d4da1,0.0960869012703329
ece0e728cef449ea,0.874080742542293
d37da56264ed4401,0.1796463881735655
abbdd2ed8b3a4165,0.08587722313575487
04b690c73f1a4236,0.12037149480611777
500ad81baef04db9,0.11637641641216165
a65fc58c08c94912,0.10192705783403613
8dd50d6bdab24603,0.18060394998684312
838e3edce0c4420a,0.208164882585783
c36bdc25939840a9,0.4589880376444471
b35f7c1d84504943,0.10802755882204956
631de99cf7414a3c,0.2994778393962956
c02767eceb5f4ebd,0.33699010325247364
18952cd7e1b348af,0.5312246276837812
54d1c25ab0914e31,0.12485647007524286
2314d4e67b424fbb,0.13955160542199507
a7ebb6b9fb254413,0.11193246513596322
fdbb640e36da46d1,0.1802169217189227
41b736cef3db4cef,0.10902344503134662
a388babae9924365,0.17999390337543192
bcbd91496a48418e,0.20566884826267748
4cf99f69e1164c97,0.19124176795951894
ecfc34fcd26e4504,0.11043102274322299
25aee71a48d34e49,0.24915629120937094
a7127a640a6a4059,0.08472641898241277
8759c84d73ed41cb,0.6987515720423005
af83a243a0224e1c,0.11240491220566567
bff4cdda965946b5,0.09892878478170042
b620a0b1870748df,0.04622514033934388
f5036a2b449b4911,0.26517334855791963
067efa11044546b7,0.22612567836574538
513a821f9b7b4995,0.1033203211555896
cab81f5f50a341e9,0.2222522311985906
a055ee5cd7084d1c,0.1502933903564242
4e98cd5a4b3443c8,0.8469003305561337
9d53ac014cc54764,0.44528514579394907
6138d07cb7c94b57,0.12304128619820419
1bbce1dc95194992,0.11314423296972005
c31a6acb36794ba8,0.1521542547607671
95488b7d387a4bb4,0.12798359487982405
7243374c8f8e4d1b,0.15648647996071247
a4181a378dd54187,0.2505501398978616
e9bca6e6ae6d4b9e,0.1688034565524722
23713d969b2f4016,0.08629096557474078
9fcf5564882a45cb,0.33489238665042864
f5081993be8d41e6,0.26852790264623944
ce71dfa70259425e,0.21818451178831635
eefc5c70a310439f,0.2294636049282466
2f1cc635c58b4f13,0.12533966709226269
16b8e27bfa9c40fd,0.14588761339549067
158dad67b9b843bc,0.07106324764855285
dac7b569392c4703,0.18681304739739005
c22bd24cb533483f,0.0972143310379663
820af2984dcb4610,0.13493635080757727
9ee7f41060f74198,0.1513373232505824
6537dd3df6b641d5,0.18256919085441764
494fac883d014f21,0.1581229005026139
0c4a2addc55148df,0.2691106315727007
61d9d39d8b1a4c68,0.08600046254384239
e5bbfd2be3534e29,0.2171241470451611
22e9bdd95d664652,0.23138657483053612
977ddce0d51744da,0.1296091497060306
9598581daf6d4a3f,0.21551365125986652
43805ffeffd54b44,0.1662861912097623
3c63f91710f2411d,0.08859394370216617
38569780bd4a42cf,0.19734268058825993
1534b8bb70204dc4,0.12040029903692219
061897fcd8564ac7,0.09589545759475462
3a710a751da74271,0.21577193053020755
43e3609ff5e84669,0.1895078697059364
af45a1a69d084853,0.902159179994168
74ec5c4041c64359,0.10700248042881146
ba7d122c14614724,0.11472505777367353
2937b356040d4eab,0.15782671437208956
f04bba4fc79947ae,0.13552878033993904
efaf7e6ac2ef43b3,0.21614724411362904
1275c73d40ba4d1d,0.192654531395337
395c6862881d4bac,0.09280110411487195
b80512f4e5b3441b,0.16660604437336918
5e984ca1803c4ddb,0.596005652285464
38da6647610a4f39,0.7842641473057718
e8dd568e0c3f4ed0,0.8847320027408571
b7207b8329384a5c,0.7310907995908945
5b01fc2b7f624094,0.11632892201400748
39307fda03f54082,0.23599255646198733
a671f0b71b924c5f,0.8944727678272142
9caccb9de8ce4c6c,0.20563449350204283
368e5d0543c64330,0.48171007129860854
c11c8bf6add54257,0.15096787479071966
6845a1164b974e04,0.17323073025131489
34e21ac70c1a42f2,0.18626159090715538
196655b6a0fa4b4e,0.1576775010220024
9f4f398a807e4adb,0.09084466009778398
546a96c36b054308,0.11536912687890738
c2888dd692be4fb7,0.1461965582714451
81c89dccfd0d44b2,0.15008706059584517
71805579122e4682,0.1893309970672133
8a2afd4307ed4f86,0.10807004910553226
9d6dd3de97704e03,0.09079614103022857
0b2f189850034cef,0.6914334020600592
3e3c3cba49f24d45,0.10388095983718608
e9e38a1ad6fd477a,0.0890086862743054
8958276bab374660,0.12995105793775452
825924a8c9fd4066,0.370365479400372
76148736a2a44ce4,0.40376486503309783
0710ce6d44bd4186,0.23694102726808283
eb862a9c23e24b17,0.08357815200465854
ef862fcdcc534828,0.6981457198859584
f7809090754d4a6f,0.2550086416056695
a93766e0171e42f5,0.11983771950482217
7ae9c64c15c8466b,0.09953588969001705
71ef806d08c2426e,0.23282923609712253
47c7e7546b23482f,0.4668231670174439
59a63fca8f7645ca,0.2793945453072876
68a026030c0a4833,0.148359817541764
04473d3dad6345af,0.11096973982715795
550e16fed2194018,0.11312187978395014
8f55860521e34abe,0.3217281448838855
245c5ca388a24fb6,0.1620672742980693
22b534e7a850447f,0.25388738991383464
9fe6aa9db6d14277,0.1579016146526742
a5e047104eeb40f7,0.3072046974987954
a33ee37a131e4d05,0.18102229768700126
6a192dcd593f49d5,0.191228475966974
6bbe9bd62702459b,0.10922578523295293
092da479fa074443,0.19528116171584042
b7d76867d92b49fb,0.3148964121681822
60bcffd5625942fa,0.36934464397133493
5c85ee38dfa84964,0.08495823283680774
bfcf9dc59ecc48af,0.10280502730432266
4e60cec7eff24d46,0.1498093801705011
392446af85ae4810,0.3034267001854639
cae5ea33acab4c4a,0.06956097621424295
552c9caa4f85475c,0.6400257990909525
d44b057c82bd4d22,0.10927573012246265
f8ff7c30cf2247d2,0.0567285052010533
a1885741a95147ca,0.11422997031003614
629b556e065343de,0.23009858933223634
5230019a775847b8,0.10136861577230231
97451977bb224814,0.08401406921184969
c2114f83b3744943,0.9312923620748437
2e98a7a5de5641e9,0.09155398473876464
97744f8071014621,0.5945186220696438
2562877a120e4c36,0.3986102292815153
7ad2df2cf8ce4c48,0.08422887695085983
52f31e0304394d8c,0.12809300192496448
3d13df49ffdc4872,0.22476213949191623
e4680d4956314566,0.1565360273001324
3827abfb2816405c,0.10863699089011147
a079f6eb0f7f4d78,0.1263875244043766
9d7bceb803dd4303,0.10665736725889809
115f17cad2e04622,0.13345810594590715
d3749124104b4eb0,0.6000192121482976
1435ec224aff4e79,0.1211105779904516
7b345cc1517d40cf,0.22928024248036247
b663af4799df4ac1,0.35446063151547097
c14212bbbd5a490e,0.08962420327375839
43cbc0acb4344083,0.11194363016366886
8c959108ed0942ef,0.0677267093490316
84689383496f4f6b,0.12702441005600304
53828f6f9b734b74,0.08372665328646343
5921c01914294e4c,0.2056210530788008
8cdde39a06134862,0.2835911152501072
dd1501999e7548df,0.4349346899191113
bee6db8ab6e647e2,0.07944548624309998
f25e84fdb75240f9,0.16379840878722737
854b68e97d8d4d84,0.13036819078781278
bfa178ae67d4429e,0.1731718964211636
d588ff482e32497c,0.3024409915095353
1c447e18830b4d92,0.27439758647971757
aa21ddbff34b48ae,0.07694251024468615
8e8f92b9873140a9,0.10512448579691411
b4454a92c12f42c7,0.4383159810948526
d719acce49594031,0.12068383867593414
b2fc9212f0594aae,0.7711352017587986
66f8c471f3484344,0.390325487409331
096e8df753a84894,0.11395333951345724
02b9d6c145864c2d,0.09094038970394085
07db3843a2c944d5,0.11068880748463007
738b155ce5ab4de0,0.1224592632507087
f8f4590df59445ee,0.10731017119706511
da48b2fac8b542ab,0.11733495229511336
7ad6b6356b2e4c6b,0.22986765514153135
0e8f98ca0ce64a2e,0.20608427295982754
dffd177f62394bb9,0.10899492573665007
bb100a6dfca2485e,0.13588062754234012
c30e31548c7b490b,0.14224930999097302
b38209c7371f4e11,0.3324658599390138
78f9c436f8fd4a35,0.46852263334520317
0b057bba07194bcc,0.0926260738706125
4bf62e3745144c40,0.18809098044479333
ad4b742c40df4f6b,0.18788994059398564
fe0f1e07e67d44b7,0.12448391071187352
95837188c9204947,0.6099620498378038
a6a825ff38eb4b13,0.14470534250497466
ac4f72d7a51348a0,0.24567776206566322
10172383e50a4cf3,0.16368553927322016
94352614329b47e3,0.11552295053864652
9f84a0bea24e4f3f,0.1396077655380787
54b7ab0435514a9e,0.13308870372507897
deb87c333ecb414f,0.24849666232614254
ea899ebe78a44f30,0.09108793468473919
c3ed7725ae5247d3,0.23516310928135603
2132b4bd7a51465d,0.11231999355471035
bfa9086929234c93,0.0995330326790038
13e9903e1bd64d4e,0.10287925109683496
5c1f71c097fc467c,0.11104670399658134
34804a86209e4a93,0.2535051661719818
6bedf1e9b67f4562,0.15159793585802375
8ffdd74ef1d5493a,0.12425308718909125
1dafa44f630447f8,0.2005000812934347
f0043a0e5e9c4ae9,0.8317702331203265
0a4245982066440d,0.10193558295669855
efb1e3463ff446da,0.08324644876542767
8bb578b427544ff2,0.311257296262438
7a0695ebef0a4ea1,0.13281280977907203
6c729c2c6ffb4180,0.19023586015982288
66acea876d0a4517,0.12126971527513078
7512dec94b6343de,0.5290646150882452
065eab1dbe854c1c,0.06961051267670676
8c832ead2c124ba5,0.2165347473780006
ec2f51f9960044f5,0.09393149438577066
5ecd6b074373427b,0.768788078857263
2e46a4d5f8064f56,0.20852998451300112
22b3eb7b88ae47bf,0.608412874955202
24bc891e4d83434f,0.8698151126997203
422ea6b2006d4150,0.11245659539914853
5.20E+15,0.2478575178112605
5be6e434085841ab,0.103049612190003
dba6f3d88d9b44ec,0.09899486367521589
7b15994223e247f4,0.10169850761647305
6fe2e369eeb7431b,0.2590349862826894
024270980b2b4baa,0.12964205957916833
41d1ea6bc5444558,0.11759808175996961
1c0be589b0db46e2,0.4760304674884328
44d7b67561884fc2,0.09484753379016952
8a9e0ca71b4e4a72,0.09939447620535134
e05c1891519e4e51,0.17756181112699973
bc82f92476004df4,0.07038717609103409
c2d3f2cf948b4463,0.1000329964571579
5a32e8bb68b1450e,0.6622342026900061
433263c36c0e4e69,0.09082832354466713
08e7ad51d6a8443d,0.34146007077870116
a2d50c45e3f94beb,0.08661320666612454
1874c08320554f71,0.3028197819979761
1a227809162a4c9d,0.19297700162236273
db6ecc924b9b4316,0.18308371370290077
04b17bceb9e84f98,0.12746523998717463
16c7fc74ab1648f8,0.5145301926317719
7a618b335d584412,0.08608704854267737
7bf8f5a352544833,0.09133792550177547
aa10bfed3ab54683,0.12206555946222052
bebc09e9fe79449b,0.3484858869513926
01d705a060f6463b,0.1490546796330309
c76ff94ad5ad4e0a,0.18072432473712702
74bb13792e4d44ee,0.750533313468427
c3522dc88a424489,0.10263063744904038
2041892b6734468e,0.388020823382658
8d9e0c6fdd3b49f0,0.625923072520871
b914c30237e44dec,0.4861964298799516
2a2d597f7ca44f4f,0.09603966723568301
40794035c5be4a98,0.2473038465623247
95688025861a4c05,0.12972301177100912
a6da9eb52063478f,0.566225276795634
c6b5cb976d304397,0.49492056440790055
c9837aca542c44e3,0.06619415978262054
9770eade62f54447,0.4745123957386747
9a7219e5962541dc,0.08821369215415245
138381897f3d4c97,0.23280543952734922
0717babc1dc9430e,0.1572263969144624
357179322a6140d7,0.08860697027304201
1e70dca040cc45f8,0.8909336050084761
02d6e877c476423e,0.0903111953795406
55ad3dbf8ada404a,0.10687401491981059
589976d727d940cc,0.10861699774668726
0f99acfc3b3d4444,0.14957438369196444
634666ff952b4c25,0.26708855967914014
3c04b5f431d947da,0.46614193463267695
650db9cefb81480c,0.3024578881036605
3a69a618cdfe4e39,0.24288315878448227
fd671529076b48ad,0.3408499440582433
d228ed31b19c4598,0.07838548618407742
de3109b8a5bf40e4,0.07239352206099413
070ccd00842a432e,0.2534724863818207
0d8387fca7e64e8d,0.08686963765008986
2b0bef856e7a4daf,0.41134917509629815
350cd523a9a543f3,0.11675280415643809
1dc9f3b71bd74585,0.09469109844133715
90c9a85fe2564b67,0.0767913771477485
1df75c7588944d34,0.6900247985336736
09c8f51c070b4198,0.11808236740299057
486b2cc55d0a4d86,0.4003117569780099
e9dd60c3bbd344b8,0.11654589100990859
1daa555d197b4009,0.15146602259225184
d9016629f25249a2,0.13030994459390274
6007f2c360a14cd1,0.2852488886564557
6ceee53c0bd04235,0.15877311511850498
d83dc4f8ad6a465e,0.1313703483548043
bcbfeb79f6474040,0.07392436833566084
46c48687b2c448fc,0.23775696123526247
0f984f66c80a411b,0.10001415984722728
0945a8c06c5f4a31,0.9524551425192803
1dd8d9e45f6c4923,0.1727381587630579
3e92e2955f0242a3,0.8626882615192278
720ecc65016b45af,0.5297661823634847
5cf18264a22e40d3,0.09965620105277358
aed13e7949e84e30,0.11280551003613196
0914f769bb594961,0.14909043375827513
22ac9d0978c84e03,0.3316064844366058
4c370a9c3750439e,0.8524542357529109
db3a97d416744793,0.07604036432311426
7fac3ea157b94f8f,0.1143971815245165
bf82a009813b46cf,0.19428749324038458
8a65caeca92742bc,0.3428783962166042
4464b92329224d3a,0.25772577362573873
0d95bca85ea44a40,0.14910338427860811
a45ab5f63cc24fbc,0.33176724329986945
ef0250f8240a4775,0.07658871722229182
28d116824ef04b20,0.3695339649790056
6edd25fa4f8a4e1c,0.7019610376896512
59dc2ba65574499f,0.5637449433806702
330153cb6aee4468,0.321652274711818
7c932b9a79bd40d3,0.10261812146689815
38296fc8de144302,0.17030780720397543
66d6fe766c824076,0.2290872291596027
f94c6a5783214eb4,0.36166667023155974
55f96b1c3304428b,0.28208538852606124
e5de068a09864ef7,0.11679363833344807
c607c316a8d94f10,0.5089023776332186
a1dec586b5264395,0.13060175893553577
8de43c8e1fa84d69,0.1206133815304262
2e42a63783434de7,0.130829049632752
d665b197093344cf,0.39996197715859166
fb127ca8c2304c77,0.7523321939018014
dc1fb2e791f74fe6,0.12632066853485274
b642e6e04cd44a40,0.49739732597752045
4427528217324c1c,0.08889647334349846
aa833b57e62c4a23,0.08681717376639023
ca7ea4a211414e78,0.09918851776620899
a7956bdfbffa4329,0.1479498721210488
32207282b09b48a1,0.10705517611355721
47fea694e21143e2,0.1550758449546956
4bab77013a034845,0.34890077873489367
43747c2038bb4129,0.1448000378768063
6f6bb1c4e1e14f4e,0.5845626571322871
82d10b6e783e4c4c,0.202558504536149
6a2541d66ce74698,0.08379979792486413
2dc413a39aa7417f,0.09362888423580358
03ea2c0c79394934,0.48796272633755466
d1b5d8e20349493f,0.23582440564667878
854340bad4684cc7,0.09831035346002266
142fefa3217449e8,0.17766706670953764
01c2f981e8e7401e,0.16685140438853113
b818e16f687544a7,0.10754110968701511
d4719a51a8374496,0.10635871486680715
f9c5870887874dd7,0.12232016801902884
7f411442af4349ee,0.11154811916413618
b01a0357a4f14656,0.08363829856841257
28ec1866a3804e84,0.2346573538629229
ce3ce037164e40de,0.16778306087776482
86248c73c1294f3d,0.14593784907218185
47b401ec693047a0,0.2399243556075587
bc6bec9ec46642c3,0.0724604381874128
260ca56f855c43da,0.0948812552839404
8dd46103beed4386,0.16521142730607966
67cdfc1ddf234896,0.22490794974455192
26e79f26b56845a4,0.16854082178115895
9d1fe16af6d246ba,0.08737500868367996
9837bed907fd4d70,0.10768189893481506
287a12f1c08d49dd,0.12079323889532324
49f61440a699461e,0.15633331926639837
dd6fb04a300141af,0.16701704969276576
c6293f70816a4885,0.1831523954062148
c92e2f2284024431,0.19005946203359586
89c704aafabc411d,0.16692039428114339
250b24df7b6048e3,0.12077634605993888
d42411a1117547c1,0.3529686367772991
d53aadb1734b438c,0.08465755248778689
b07fce7d51684408,0.09412344146043158
f46efb39f7914bdb,0.20119444266806968
0ebb89cd78b74c46,0.32862256842251747
3418c33d958b4fb8,0.2054382263523698
20a1411fc7fd425d,0.10503609071048119
a8a6fdcd6979436b,0.11984785446504746
fd7f1d0762464a8a,0.16277444949347578
74f21939a4794ffb,0.17783148789147876
6e139305e90b4ac0,0.11349283735832721
4fa3e7bcf4be490b,0.13547508653163007
1408338109f646ea,0.1225031942110925
a6fb4fe157064c3b,0.18766588172388646
6b27308d6e0a4e57,0.11722692578270189
48f815b79d1f426a,0.1513294780927744
a4c6d5a86a704e9e,0.23677021307296583
6ea445402dd74846,0.1053614086088041
81568755e8764c86,0.437222369856333
96b9b3a57e40404b,0.09620296498423939
f24090bb944243eb,0.1727671916735961
560bcf7956c3400e,0.13310995506251805
10c7539166d344e9,0.09642214538053426
42f3c067617e45ab,0.14637999964587428
567b225ee76a469a,0.0870517683562086
2f005397fb944166,0.3515912163975982
5b498418762f4310,0.11557562751026691
ad35446dcee643be,0.17111042986169814
d20a8af3a45f4fa9,0.15658452468152304
271f22114747416e,0.10522429247421797
ef7056111a544d6c,0.1403361278499209
f08e89b4382a4295,0.15067720588601805
bcf50fe61f9a4f91,0.09328878141919619
aa5d85971828466e,0.6580859687577555
25ebce18e1f24285,0.16646230414269736
8f95839e5d87477f,0.11067898503039805
64eac5f2d9ff443f,0.10595837486436968
4317215af34245a1,0.11625812676462362
54662b9ef7c54c0f,0.1712909508954815
bee1dc776b274c2f,0.10317782671810997
0c247751093744b3,0.7244108421107117
365ca6f5b1dd4f59,0.0890268045292976
e5b635432d5c4720,0.1768528487649727
e2a54febb8fb4704,0.21724352674350086
008e4bc44cc74a50,0.08795637292747266
af650cc474c54293,0.12980398352020234
f53594f48e5c4b65,0.09682205730216369
ba989985037842c7,0.6715402184883587
625f7d54fde140c6,0.20008554307261092
c762580de55349bd,0.1485498480967029
7de399910c734eff,0.6543327712646303
29a8e431188a467c,0.10140234502991366
b81f693490a54110,0.13121960761701257
c1fb420c93ee447b,0.22401055714388285
8eff390fcfc2437c,0.1729388850801493
8f02b9e6eea848e6,0.10276288029650786
a3452e67b6dd4c3e,0.8646466393700432
be5d660073a84d08,0.23751218393983706
d4bd50baffce47b4,0.4818564416150068
b3aff2184baf45c8,0.11455226761419318
9a1a61842c714bcb,0.1774452634476607
0a268d2720f4494a,0.11317353971597229
654ad07f9cf6428c,0.06787753662678417
d0686532f99d452c,0.12168872333086309
0329b5a2e6cc4caf,0.23250921004478198
4c95d59a95a34da9,0.09792773313297781
ec1a2631c60c4693,0.07978442247110841
54c219406ac24c48,0.17882656613937384
bae97e68d4654c2d,0.21410832106418248
9270b9a2ac254340,0.08213564391591414
fd732d77a2034e62,0.29390267501413203
3dc473926eac4ce3,0.10821688795065067
2f5dc1d83b934d73,0.8481036961029711
7a34997536a64946,0.20570142837239783
5dcdbb345b954200,0.07823583159438334
0f178f733367430d,0.10150959330870074
8544fe8017a347fb,0.19866362390616096
c1205dea001b409f,0.15117528465913618
4c23b81cea594417,0.368129495475764
d4aacdb6c35346ff,0.6795736689813892
fb48bee6e2984252,0.6998712485403211
158918d019804597,0.1349162387137436
724ae523e6d0440d,0.26927301126615716
fea85b4bb8c2476a,0.2965726588451549
da85a9e35a444dab,0.27616434132403916
bde9b9e63e8d43d3,0.10958302609254417
e1c89c6d3d2e4c6d,0.0969253198065655
acf5997e5aaa439d,0.0961335198189548
83c573abec954f55,0.07210219643389647
302fe89222ec499e,0.0974468525821529
c9c1cae6a60e4880,0.10915389370049064
8168a402c8964b86,0.09770749713472113
69e2a42c23b5491b,0.9183957655942875
d76cb21ff2da4e7b,0.1119801696863454
c18bd431929d493e,0.16126493469057127
a76c27dc3e374623,0.0992446863168765
34ac22ce9c1440bd,0.4209939686797683
72572c24857c421f,0.21308296367079907
1c19b7190c074164,0.25890564287436
5c83c37ffd214581,0.09777544977112043
d5c235c2465b40b8,0.08244915087147862
758e463d7a3843bd,0.17791711891835613
16eeaa9388ad4c1c,0.12978571137165418
97df988d682c4a0a,0.3277319097154355
43a402420fc4403d,0.7150143761209509
12933df76d9445e2,0.109725728940729
b4f407218eb2431b,0.31129547849826367
ced81a817baf4e55,0.07646072803742514
02aa6ead4c34483f,0.10490600482094907
e2417b5896b5480e,0.12628938344749507
c4ea9878499d4fba,0.10654452734637106
2b32fa4a93024877,0.5415908126793113
6c07c396c6094d7f,0.15292615828270348
7e218982204c4e21,0.11404728490171939
58f81c8243fd4d7e,0.1325892282812667
76af907f0cba4632,0.06772102300736785
58a7b0dbe0e247aa,0.1956293408605817
c816e5a4dfbe44fc,0.10388819081221211
11f1eaaccf7543c3,0.25278390893149566
5abc73eeb4664654,0.1469099901012738
9624aa5a55b54f34,0.13976711240086584
b5c82048ead4400e,0.07345468229168489
b447a9a5545f4986,0.11591498172962682
abf9758483a64845,0.18117532690119773
d0642beffeb141d5,0.7233804576255141
2bb4e0e09ecf4389,0.0811133118287183
a57c4250e9ff4061,0.2304761039098537
291d07cb90a9493a,0.2448932826649251
1801713079c2455b,0.6565221484416075
a5798395d1ef451d,0.1512601072692537
b1dc6f76c1634696,0.17521590614515964
07ca0d0c30f546e4,0.17973600713794075
4799bd8d3e764e07,0.11816252558829753
a07b8b09aae7413b,0.5656236657765327
2a7c51d1aca24a05,0.11449172617131273
bbec7404571f41bb,0.12521668965758553
2f96f71b08544a64,0.25448596340486873
035dfc9803314197,0.36023520695308275
ba5b7201ea484c1e,0.14829067441328952
d70a2d9c26d949be,0.07979611538555091
4f3bedd14f574808,0.1262381921981196
1f707933a9554d83,0.37632621393690513
e47bd710201847e6,0.4299053463827064
60e9788ec8d44ff9,0.08214997582942592
05f26e13d5a84911,0.12446771268754765
60d3d00c413d45b7,0.16752387531144391
cbe1e0f41842452e,0.10441596879075032
9825f7278d624467,0.14089212267279586
ff14ae02a46541de,0.13343894985288063
1cac970be8f94dec,0.17935571025456457
07bbde12b93a4725,0.49539575383269
50d6cb1450024d9a,0.30598492323789916
89b1ffd52df74b43,0.11489583904130789
022b28dbd2504a4b,0.06495979766222124
869b9bee5a99495d,0.09391459224638596
6a2fea0995f544cf,0.13587412013573796
2743f600ec824a6d,0.10491693904451307
19907001c2ae4631,0.18340061525638116
fbda8e0933ca474b,0.08452587630165181
c521bd0d0ea5497e,0.547658976250663
ecbf85db4d884cc5,0.08052276691813372
7c7384cb9faf407e,0.23628859680092024
74b0cc468aba4026,0.10463367392392244
6c5d77c8fa4f4202,0.08594029155751928
70ef8a0df0ad44ba,0.4981156836805131
9dc33d26f9764ad5,0.1291707460061796
d0bbef3e558f42ef,0.43964357505151863
3a0b7fa81b544cb5,0.08123993315165069
4639ded4a9b24c11,0.25183142075976955
1bcbc3153f3b4ead,0.10448376541457066
3559f273abd54ddf,0.10292407035338132
345470c14b754b2a,0.12943400929614224
1568c13c1db1464d,0.14046738955037968
e0f9bc7b122e4c0f,0.5529824635104434
96ccab73feb24133,0.22893654787697237
7c6b73bdc9d14db7,0.10267711304460604
f08ec4361dd847aa,0.0917406531372039
102f492c05fe4fec,0.12102516456161347
0ef05efe62444969,0.14574924696614208
7466ff9be31640e0,0.04857361224595126
20c9a4c1274b4801,0.20639689219484322
0e5fbc549dd44a09,0.09774043151009627
e42f872001264ba1,0.3103351616967163
fbdb72b7da52498e,0.17717491718143394
b2c3cb9b7ecc411d,0.14135583888528785
f3fffcc04dad478f,0.1463363077968128
52e4663a387c410b,0.10710171660082018
705173374b114e26,0.3533579519065796
67da9cf2a8c442bd,0.26284216371089075
f989ea948f67437b,0.28141393483717975
6c6f27e0c56a422a,0.09310750137077532
e1d2eccd62c04090,0.12924555125730253
c24aca146fe34147,0.2618271697070798
da52cb3860ec4f6d,0.17821742108581598
a077308cb05a4f71,0.09075683992923671
84dfb442c4854ad0,0.12282961434174568
ec9a8f9b28da4483,0.3095485821844645
6d50945c88a74729,0.06676467001381953
7d485fb6a2a742aa,0.09559218599917826
60085c14b2f04081,0.08432173023433542
d1968d06a7334637,0.1678571988396596
47b2aaf0b34d42f2,0.5078161590401877
124edb2e93d84070,0.21437682997849097
3601461212fa4f36,0.22159678683812914
731ee59d1e194255,0.5264214767109249
2a19501a86dd4722,0.47083432309726536
8e7e365f6cf547e4,0.10214014047105054
82def05053914761,0.22058607206806602
c7a56cfd9b8344b6,0.1651148101047445
f49b5fd97b4c4f0f,0.09199776229802777
022ac9e45ee34376,0.5356432482851077
d3d39978afa943af,0.10855000429961195
aa5c8b82995247be,0.19618151293252553
e719867b856e4f24,0.09270213595419473
f8c30456e88d4cc3,0.28803833939002665
3cecd9514ed1441d,0.20476123100121782
86f0ac0491524c8f,0.5100164902104467
7ecbf71bd39a428f,0.13604455265243234
7c0255f838fa4132,0.28711636239446636
9453b3cceac54d63,0.10585420551011385
a576bd5c44814e53,0.054789574520227056
8be9f7e2bba8428a,0.1379235432053127
e7bacf10ceed4a30,0.3744404936174853
7fc0620e982d4742,0.215119000431307
154844ad11ac4f55,0.237860757817057
78b72751aa204a55,0.1960773214342682
a4728265c5574e48,0.11309550347012885
609b3731c0d64d9a,0.18895968944477742
39bbc14501284c5d,0.1350676363855888
febb08bd502d43ac,0.5773857688451295
cdb15b31128b4a45,0.21483878717400126
3eeb7afe42fe4b55,0.1272841061633492
e96909b33dc146ef,0.1344153522380537
8574903cfdda41fe,0.7513979897083617
c4ba97ee72af4c82,0.0785843978978921
29861b986b624ec3,0.09331899202629353
1e5be21ff1ac4749,0.08555015056406841
de7f3d38065a4521,0.15853433911450182
a8ecc19489784c79,0.12912091829832584
ac54cad8c74f461a,0.19740025351321575
7b284ba38c2e41ba,0.1491226985430363
7aca0fe42ec14806,0.2969063181824182
991d63736f4a4a2d,0.09026055053353507
dc13243046db4bf8,0.31023404598652093
5ace7babcd8b4de2,0.2855557300524449
5a55f85582ed44d6,0.07789784730086213
0c575c319ced4f43,0.11573687008063191
975d1e20b4fa45e4,0.13620357343930978
159aeb111259449f,0.0805867160129171
6c63dba628484c32,0.3255544979242165
8ae3e42380b8488d,0.13842121073827673
f176719634ff4817,0.13161657466788257
2f891e58a8804b4c,0.5275941153448325
a5d6b21a2330446c,0.3609188823705713
4e9fb1add46a4c56,0.11700772846269607
baa09854f72f4bfe,0.11557219805259185
bc83d7cc323942cb,0.1207756848737098
a318f0f8cedb4441,0.15968715201890635
171b44a8c4394dfb,0.10565208564554057
f2eda9ec0c444902,0.13928835481080196
dfd80d3227aa4805,0.4948832649052729
6b93a9623dce4993,0.4291316248102951
7524575c7b724f65,0.13707687166976726
b06e0b55d65646a6,0.13831413372970572
aca64bd971e84f89,0.1773763885320688
5b252c9e376f4ad7,0.08600866365945162
be5ae57ec0b64ff0,0.37568867495201524
08569abc9259482f,0.37431368562027234
3f304141f76645e7,0.08805619810029648
a9c01bbf682644c6,0.49138514240607023
9664df24e0344f90,0.251513793759029
6cc0fe9f09c54d3e,0.08910210405902803
b36df5ffaf3d4abe,0.20206212361805048
33987e0c177548ee,0.4511150398818942
d9b233004ded4fe9,0.09982808765015143
af40e3ed69364707,0.6879002453608337
e1a36f136a954203,0.13902017080651943
5118ab3c21ef4b34,0.1131094779695544
cd4ac78351fb454e,0.09046043801062315
dbfaf83878b947a0,0.10699778754896379
34c7f87ea98d435e,0.15881633216755237
92ddd2f97f4e4b26,0.08214987302244559
3b3906f7231c4eeb,0.6113046088387928
dfcb6d1608724bee,0.1932588395257905
2e38bef006714260,0.2339331047569674
0f6a5799d2b54058,0.2141705221505685
9f95f430e50a4897,0.09869062748263778
4ea9925a51cb42a7,0.1873748674943827
873b3ab4491444ea,0.07734157243029639
96cf8e5902294d58,0.1294308792962302
eb69fcd62d554233,0.07619983692767944
4789c441e64a4bcb,0.09769490808648953
25a9ca5a454a422e,0.14838073962418985
0e79f52fb94c41c8,0.15839862772437768
7f82c5bcaa114ac1,0.15264863514252125
11688bc393c54dc6,0.1041925380380251
c9aee686df064e3f,0.1336204896528667
c9e65b60ea2a47a7,0.21903728689030733
5598b70cd96a4ba8,0.5793067657669255
952727eead314fea,0.24884487958498105
0dbb8460d1df426a,0.10876188774956339
80e1401988b84626,0.12127166020011279
9ef3e6161f294535,0.1053991554230025
33c0ec5656b447eb,0.4434456045705903
d1022634bea940c1,0.11945176055741057
306ccdcc80ea4b3b,0.09577313143214272
bfa0d6b979b448d7,0.0826890778467008
f22e0fa703564276,0.6349201744912477
a578c4c3de254ec6,0.11096091919035692
2f1c57f36fa0475c,0.4643267152487145
2afb1e7c45704206,0.10586328481465652
211fc4d1bc1d406a,0.08781646847783064
0e0ce2f3a0e3408a,0.12328344187102888
a80a5b2c36514694,0.14966828864970155
bfa8b44477064431,0.600703931936209
c5fffc8094ca4855,0.3244770725911683
9175b4f60db64c40,0.11006976818573039
33d46dc7aa0e4166,0.2228670352740393
34914035c8494467,0.20975983769363632
91ba821c390f4bc5,0.5366858431519452
515a9f2568774e04,0.6134355440896864
7ce2fc35990644e9,0.40258368838143704
b4bd13a807fc4c56,0.473529323235557
0df80c1e54b047ce,0.0852117084659951
d378c22932254e50,0.09472627275684874
847e1b0a43a64483,0.12268121891951177
ad6df845bdd84fe7,0.28261033066140856
2a4989977a6f4b4d,0.5303699616133608
f00a91b535934b8c,0.1998948522782722
f218f0baf2574636,0.23896553142577712
2.02E+15,0.37484044543662565
d6c43043805a4c1e,0.09475796368057787
d79f56c0814b4323,0.13981756706629786
cde159a83b154e12,0.10901804059549265
47ee85e8bc4642cc,0.15652590053236332
b7df8b7485444c6d,0.07857258102788903
b209ed2701f24968,0.19143788073194948
98603f4eaeca4d2f,0.40700165540834127
cb4cba55c9594479,0.8716919696586438
77f17b2366d04a68,0.3839139794177652
e0b58a9db1164f8d,0.17218081803664823
09505dcbf17a4b32,0.21815220043468436
c12f1e9588bf48cf,0.11470873310035357
e5a0419a17f240b9,0.708171979999579
ccb0d457dd2a4ce6,0.11335999254104168
210e480635bb4ac8,0.10949914035385838
311293f85118408c,0.06843839880494318
6e9a2ad0138f4400,0.46894202097051546
0c284d7f6af848d4,0.09880866656707728
9189c70b8e6a4723,0.21324761514547477
11329c8337ce417d,0.5287926942543565
b9b417e35a9b4785,0.14776551219549355
804978fd63194c55,0.23681020367667394
2bf7e00287dc4dab,0.11027819741226692
0ca764b9a8e64763,0.4044855501416008
b0d1d7d9afd14f57,0.11052062766086608
37ff41b777d5490c,0.10039034880598267
4512afc7bcb04bdb,0.11148399824100362
8c2012859cbc489e,0.25301668208598826
d410350f832e4e27,0.11608632993300057
cc3168aaedae4aa8,0.14617216131361901
fcb57a1ac6f74c2b,0.25312442020160786
8ed2829733874223,0.14853759438885494
8debc4af6d094d3c,0.10742555232776115
2fd732cac3264d4e,0.09179834549845368
0da6e9b2760e45db,0.09291794624986809
7d9e011d887645f6,0.21166779474402098
86d8c21a74134d96,0.17214333600303583
ec18c0dd9dba4ecd,0.09532538557233931
11b709b9c3f3430f,0.09564591255747891
e5282535e1ee4934,0.33832724551122517
d8649631a52a494a,0.13296751269911136
4d73541796624641,0.36019937422857157
f6cd6e43e8db443f,0.16635267073615165
d8fe834a4fb74c97,0.39839127644994854
1e24d4ec476d46b9,0.1677666345724668
493fbb76f37b4457,0.11689150179434227
26164e4c86f849c9,0.16890360923537498
32cd30b9464942f8,0.06743536859932646
07f8579e19214fc6,0.11449825505230546
ea4e8c4d08974bab,0.07778071750333361
2dbd86c916564065,0.6298526094625108
cf6c6174ebaf41ac,0.1597028235131959
29ad17662117478f,0.1412347554702057
18579614b70c4559,0.20836994756360872
bb267c0b60644e32,0.1917739382198604
d5674ad6d5914aa4,0.24168092264714466
93487f70eb4f4cf1,0.14459519991268172
32211b932b1741b8,0.0848675558867423
b3ddd79d6e7a4a8b,0.1614992068390826
7d398f96b4384acb,0.1599340435641929
e7dc41a328b34713,0.5452712696112485
fc4181268bd042f3,0.1157850070145517
ba77818adf044e15,0.393900891359664
af78f5e4ad354f29,0.11523603293746246
865c1e405ec44c20,0.11327580513624796
e90e3dd1dd9d4394,0.13564204472294683
a480a12feaff469c,0.1358657797115517
1523f237d5db4769,0.155940327883852
9a2034239f894e1d,0.16960569702121403
08e8a8c9e6194fe3,0.11310883691179582
2e4afc804ccd46b6,0.41447562361757784
6bcd6fd0e2094c86,0.24811976264209065
40e20630fbc64bf3,0.14052861539783557
59e9aa0167e149aa,0.558366234129028
3471ba2412074e83,0.09325704831935437
df9e60fa02964def,0.10053620754235372
1a4e1d69fcc94986,0.5870731965573708
9c15f13bc82644a5,0.1434800703044034
1264c6a7f2854b0c,0.11497813244774287
642cba7b48b34f32,0.10348094988121517
8dca523ec4164160,0.10537333165039794
53d57d71c2914632,0.12084460849768987
099af931bfb84566,0.1305657277744093
ead9bf2092324ae6,0.12326072930637129
a9be26c003124f55,0.09822697618757899
0d597ffa51e04982,0.19389580883374982
573c47e009434138,0.19153803529740804
1f9a655ae06e40ba,0.11340467720117625
f8f10297cda647e6,0.17345787787271522
26fa0a946c004eb6,0.4818323233275792
729158cc4465414f,0.11976204957171169
8b8cfaf6403549b3,0.12418010060166552
403681e5ed274fc5,0.11422997031003614
01f70f686a234023,0.09878369659063387
2af67d718ca74655,0.08539929887519376
69d6d3b0777042c3,0.0772198560102845
a194a3523fa04ba6,0.09298067267322721
b2114ea52ed74a7c,0.10460888521133295
9d4fc342d72c45b4,0.07968107039802147
2152fb2b7f724cce,0.8378563536820055
76d5abfbb67f4f21,0.1633738383582069
a406f9ecaa4e464b,0.16994745110412607
4115aa81e3d04d33,0.7250317300384936
df7908254c3d4946,0.09163193390278125
527924f460634463,0.1042516037249103
39b7c2ea7e444f14,0.25565449390098854
7de0864b095c4aa8,0.08447914547346151
2625fbd3a45941be,0.10797642683015292
c13f7d06e9a444b7,0.27662376584133225
10bf0543651c4e36,0.17722119717266563
9fa19eee26b74cff,0.2133229864516362
51e722fbd74d44d6,0.08192404628248248
9dd17fe4ba954c48,0.3170318124062742
44f9a41ec3464d9a,0.31957165603414667
d17bc057a08c4dbf,0.1944572418584593
94c547bff19c49fc,0.2999119980254681
ef56685509ec42b6,0.39365450660705187
5f8cb7a202cc469f,0.10025913697383734
7fa836054a93448a,0.37298889421427395
e7915a58606d4bb1,0.5198495752222249
9109d17b79114d1c,0.12902684853269025
cf8b0add8735414e,0.8331837995480091
e8c4ec30347f4c57,0.08869088394771085
6df5c6f764e74926,0.1838790772466978
2c3200a834854684,0.6498134783098617
1a110762c0da4386,0.18785754969564644
33e161afc447410b,0.0996144753749239
e41e9259cf004006,0.10185346675573972
7ebf0f60c9274543,0.1306981815265016
92a3329f4f134ce0,0.058228241542432134
a8b1f7e5bc5b478f,0.1776035782855326
c0c9643f56ca4f28,0.15607752269199768
c568c773ccc549eb,0.08884526341118903
04da014949344d21,0.07708989814137975
e5a2f7b321ac428e,0.09562025322453291
b4a1a5841637462a,0.10082209234287584
881c1d3edecc41f0,0.08369535086056117
7acc9a8c58d24644,0.04915118922113575
db35059141f148fd,0.49433305284594786
9824f982c35a461b,0.09965867125940621
18990b921642414b,0.08290476749249137
6e780370647f4b87,0.12459921818706149
3afe5dd9a689439c,0.22676993948759244
4b0cb5755e3645b4,0.11923150418475637
adfbb62083b840ef,0.2593865824976343
a491646bab6c40ae,0.13328908683180485
415fdba50c8f4e1f,0.1377674524618158
014bf79be13146ad,0.09643413758032268
89875e20d9924be8,0.06698035286613795
e39ac3658be74a1d,0.24533604435737122
1b560725ba0d4445,0.10778847896609459
ad6bea43af644809,0.10386355884288813
98bbbee375ae48f3,0.18507364208418003
dd164d7bf0f440be,0.17136218283694374
44f95eac343c474b,0.19127191961213763
e7088ff9bfd0435b,0.13101709158493427
3f478504c89c4bc1,0.08535460868541649
732c78cf4a704a7a,0.30675657121626254
1ec089e23c6f408b,0.16319769183660543
71017103ef864f0e,0.09691576757183304
b7b5a1700d7845d9,0.20116080351660778
707a058e12be4ff1,0.19088021668171992
73a5fe9b44214741,0.15974041752279625
ddfed890183045cb,0.09328578971755384
a8e0199e24144ff0,0.09394872036081522
cd5b9bf734b344e9,0.09579250969411902
09a023b9ca78456c,0.0970120105398306
c2037e43e95c49a6,0.21755079515990677
3ea1930f2e5a4f2e,0.2169919705560528
f5f87a11449e40ae,0.3488638734208234
e77c8b1cf19f4b61,0.11731468584709415
4798a5882c894ffe,0.3708656723831532
9f77bff55791451e,0.19309756618319743
dc2b78060e5144ff,0.11069525497444231
d33fd872a2334313,0.0881932539197075
892e9a2413bf409c,0.43121336173266156
43742d24289d4d11,0.12926114665336313
78b06abaac104bb9,0.7143585393394056
ae786b383e6447cf,0.08938133385317111
cbecea9e980148c0,0.5223605024937228
1a7646faaa0c4f83,0.10260440016241051
dbdfebb075a340ce,0.09115445321948205
7db13428157f440a,0.12874093703985484
ac945dfd59944a66,0.6117216821691527
3dfaffe9b16a4679,0.1423154315997691
ab4c91085ca442db,0.1499425184415879
35e4fd0d76e040c2,0.10261617632885672
26f1669e9aa64f14,0.1010662240154911
0e0070ee1b8e4f31,0.5133115382779656
955af5df10eb46f5,0.1424385359238203
39fc432f6c2e41aa,0.08709695253785965
c70bb383486a4b78,0.2786517982768509
c5a831dd2b05487f,0.12109617687019544
405733c21a724b5e,0.8974827514475471
25edb00e8b7441ed,0.10313790491383665
47d58dcc53f94608,0.11064356346375724
0e44cfc4fc8a473c,0.09606135444193958
bd623e5d3401485c,0.13173651251835275
b56766efa9b748cf,0.11588513539378918
cebde6c3c2184deb,0.7744468339321362
0e95cd4a09354c91,0.12751869825646447
b0402c44da314825,0.31910968817703966
79b9c0ed95324bc0,0.30249069246472
693eb948b7a64b87,0.2255559811313209
745c4cbd12624b8d,0.06467203216008625
2ee964a2409b4e43,0.49320069888209195
deb27328a77543ee,0.09918543194138797
c6b0a178dd95452c,0.12489435454353923
b6b2a101dcfb4fc1,0.19366096642662345
eaccb368473c43a9,0.6999596670778404
5b29946308f24e10,0.19495246440326555
1a21b87fbfb64efd,0.07803448936123768
b8e9e636950e4bdc,0.23085326233818784
ac8e1cfa769e42e5,0.07999207078941892
bc02421e8f6244f6,0.30943617329465867
c6c90dc0195140b1,0.09603443225001074
77bc497d89774ec1,0.11930943265289325
f00fba2996d84654,0.20248767794857717
80a24967c7f943d4,0.11789657935135488
43ca23838878448f,0.12176440167898364
b6056275d6cd451c,0.31310378266287414
0d880f67e6f445d2,0.6926926072662207
07c5c9b12fa84dbb,0.7345937856098576
dcc672af510d4e72,0.14128472571606474
f094aa94f16b4545,0.4635535489062928
3c37fccbd6d34837,0.23627515409538744
587175bc702d460e,0.5771993818392098
0ef22b75a361420f,0.10789438794094286
210b2861844f4a9c,0.10586727224037644
72d0e938459d479f,0.24402723354478958
29675e76087b4b35,0.3978337411328552
42dbb6bfc3cd4aaf,0.20870625960634062
708a0af110bf40bf,0.4316980718848477
02dc162683474e81,0.12920236773904165
1485a034e6a24c47,0.32977024557271273
4bb124e60b4a4391,0.3491591810320259
27b1d7f5487548a7,0.4465457149085082
6d6c14b3c0854d20,0.44048021898343936
5a3313660e394163,0.23393350212991193
c87654a13f5b4691,0.3999997625764219
fd1b4bd6cbf24712,0.13814384524993198
047319cd057b49e5,0.09242472846767638
5cc6c0ac41484735,0.12804412184772324
b07bfb14a64d4b96,0.06974181477470595
6f64ad5e396a4bec,0.09867296677833572
e8365859b5c04b3c,0.11678813046362274
491351267a434611,0.08576240732876415
719ccd147c024835,0.17995981318728207
e5013ca24d524a02,0.15125527546800213
a26575d3ddd54ccc,0.09516883299974872
a1aa87c28268419c,0.1173266359928799
33a1781b667d4270,0.08360596323525572
3dd7de4a4cc74c39,0.12110705395239732
427c5a42db90463f,0.11213148738421694
2fee8d105b064ab3,0.13339713438359385
e2e5b54eb6be4c86,0.10100346500613773
5a6a6aeeb4e44c98,0.5937314242309221
c77660f558c94fb1,0.08804704236339965
8e373a096c3245cc,0.21461460538630317
ba5aeee011c8408d,0.10316820922713713
637878090edd4b9e,0.19792687151077454
0381fbf8d8034ea1,0.0655304072617063
b06a1339ea26487b,0.08668108016633812
5daf996b4a8141d3,0.1738178295418967
bf8e1ec1aed74695,0.2789398216069476
c0033f6115e24e63,0.15960029888965832
fa981f6ead1a430a,0.10813771700491634
70c657f84f684447,0.09682946351866159
5957ce02f83648ef,0.5855847541421936
a12eadf3484a4c92,0.67141125856565
4aa8fa8ddb824168,0.15441819144544103
9a0dcd45d6af4063,0.10044903355962924
473716f3765b450e,0.20585672052507895
3572b5fae9c844a5,0.09716129170234644
6bb99c9db0df47c5,0.11231783825743114
efbc14df00f34af2,0.10554446349476031
d8ca363c52b34b47,0.2207231714183914
2e94b479bc544627,0.09748227493283587
e2d694e7a89944df,0.22833408692831084
7fa65939f57e4640,0.19242163785982555
f898adf991e04e99,0.1620685036551188
caebc4abdc2445b6,0.0898270506001353
e5cbc809bfe244a9,0.1252797553752828
940df9d43d6744f4,0.07494824897336917
02b5646fd87a4069,0.5048403133002668
21027d0181874e64,0.19351486769287715
181b6d4b82eb40b2,0.1787951045416224
6f8bbbb900bc4d97,0.10580029624401924
b6464af4c2444f24,0.15104601589066405
089cbb6e24f64508,0.16194930733960128
edf31276d3ad4f5e,0.08360668713198699
39dad3292f834952,0.42957373295234985
8bf40ff1de464b08,0.6997853886045334
9047ac5c8d24497b,0.2503381347657432
ce8b4ca460014828,0.22994097109801057
8ded0cd8c1e54aa2,0.5021410972128324
942913bb1cf84e8b,0.22439065461346067
768f008de55b4eb4,0.0962081946672521
c7f8276aa5884394,0.09148107243609271
0f5ada86521348dc,0.08403396135084161
23caa5c623ff47fb,0.08971388572541446
b5fee79bc4ba487c,0.09950905774639832
8dcd77f1aa8245eb,0.11693034817137737
cdbdefda347e48a1,0.09691618264311876
ef7dc2a8f9d14875,0.425519456379784
dbf9af134718476c,0.07882585763098529
2a1f501eaebf4cfb,0.09681743724616061
547f63adf09b423f,0.1874543258558814
e40d73b062d94916,0.17758526186187226
2e6f5971a8ad4816,0.08014727869166954
ba573caf7b124536,0.13821653236299103
16bba7f19c4d4f32,0.12873872944655548
68e1f669ec354297,0.2547039798200356
a327ebe6e8ba4be2,0.09365355413197254
17beeb79976d4289,0.1901437585778679
d6cb5f8fb67d439b,0.24427456820613544
d3c099fdb9344adc,0.07835968119525012
1effe03097144083,0.16144808305156477
ee79123da10b4199,0.12496250617427293
da22aeff39df47ad,0.2109793856153736
7a0c96fbfeb840e5,0.08269511737697259
dc995ca56d7144be,0.14395783542732385
7020fff2edd04539,0.05471576278660901
b1f43e7e0a1e4f5c,0.11293491461173928
6e9ceae98635477d,0.4711607801673458
2a853a177e524141,0.09404717210644925
2de781fdb0d5480a,0.07308294599845198
5f107fcae3494870,0.11317002825466302
0406402d2d9345a6,0.09212246407771643
df28cbd7cb5f4709,0.23788570220312305
ec5da9f780314815,0.28208660988784995
f46e3651a03b4e22,0.11161680541299035
fc995688e6fa47d3,0.15083124321560268
4bbfb85aee4f4fac,0.12847221637094478
999f7275771b4b20,0.1499543240309212
5ee900e030a045d6,0.3496244748141265
bb3fb0542b6c4e56,0.12127656307495219
a00ac6b631484f2c,0.3566917893526822
cbf3506410104ba2,0.0954020070852597
8a19e551fe82417a,0.09474850989433803
42958942a19b4ee4,0.11446970555046304
2cdf1f243db54df6,0.10433217987357447
91a61ab9e4004c99,0.12932580904793095
fac36adee3fc4d0d,0.10463268120311132
a2c2ddc86b32449c,0.14597710225767463
3c4ed06d81834ef3,0.12137890139099056
732f35aaf6ad42c7,0.08592454409676807
7111a79bf90d4e44,0.13877478974404925
09c08063866d49b3,0.10953500351431145
f878c98d9adf4fd5,0.09013272491687647
5d6a9f4987714dd1,0.11605667223229896
eeda423ab97b4474,0.3980513703575726
fcf1df6793024daa,0.07533660987058523
0902c0fd4ad7411b,0.08934402043638813
b99d541c30944066,0.09966434567976107
11675d8411e14d65,0.12972747780536156
52a9bd8590f44743,0.12521957609045356
f6731abd14b04f7a,0.10413148480860174
bd81cc7178454be4,0.1631206011129064
17c4df06844d4ba3,0.31196581879083457
4ba848c53ed14ade,0.29941617949986254
c4a7e271062a4dd0,0.09917859466836643
b1cac385a7af452d,0.2513290388529618
032ad59d29cd4e44,0.1801157709052937
7be08eac44d84e74,0.2786951696701628
751fe7949d4d469a,0.15218121737622023
fb1e16890d7d42cb,0.14619620060480548
d0046e9bee4e44b0,0.12501041238244232
f582a052b2ad46d7,0.10935794433523693
268209ce08da49c6,0.4071477912807577
397a27b7aa994469,0.1462918016716323
8647ff95d9524d2f,0.08535087413749938
99138e73880e4535,0.13009878450292678
92ed64efd44846d4,0.05923423628065344
d5a91ff36c684605,0.09474876394466605
2a8517e4e24d405f,0.3402978748863671
b512c04c2f2e4df1,0.3980530863400877
cf14f43dda8743db,0.16674183035403664
518c9e34d635488c,0.22772472354839135
94a93410358e433c,0.10262574407594158
2706dfd8e0f34d44,0.08777757722128644
1daf4751196e46e1,0.5613986096086414
27190c440fd44168,0.13441461027145854
7e3a72b89e274c1c,0.09685632974415938
38a5c170d4d24aad,0.18106361149206168
a4979560e9954914,0.12125076203577644
755b276ee2924c95,0.0806494849387622
e7baa6a2f8f84e87,0.2302878893919294
759e1fa0b45241a7,0.10303128453203435
b130e3bca500483b,0.08658607328411075
49fc01b884c04951,0.6967234997088696
e300425ca3c042ee,0.14260701082542016
e3c98ed85f414dfa,0.10648201562722731
2eb3bf5a050c4708,0.1499111439278294
7656c9515ded4db1,0.718201326300241
711124d094cd450d,0.06725900970199859
33365252153d4a2f,0.0885688227851506
081491aed26f44ed,0.10724431102593036
0c132d2cb452464e,0.492248312666183
7de07b42750a4a99,0.3320375472344147
35aa7504124a4c0e,0.1226826060620761
763f639f66f14aab,0.19872037261855413
20c9de9cefdc4f1b,0.27788969975186617
4ad0c41d52a1433a,0.2706532228560308
b05fa9e56c3d410f,0.126752051441813
309ce4f9aebc4554,0.3100450090825304
50a5be31b9d44e15,0.11412567909513979
0ac9fd48f8594f9e,0.09448287720692468
fb7bd5b0f57343e9,0.18890131862892845
8d72ac3b2df94370,0.5373241752125015
6ba11867c93648c3,0.24121624486962107
ce51f35e0a394892,0.1082704295529854
538894f35afc4c59,0.2759804361734394
8c0eec13403f4149,0.1402371464842696
375c5897aac64959,0.5072060301810764
495f4742c6e24329,0.2430043936297954
dc5cf5f412434906,0.5894238043456521
2f548e95ebe94135,0.7245498820913088
e3ed73d3fd034873,0.11732936122383124
fae16bc8d5de4f4a,0.30316202979533036
33c4d0c25a4a4c84,0.09787265319917231
3f40863de1574dd8,0.30266910465185465
86f469582dc6451a,0.6241387445103268
434584fe3d684e2c,0.1772133724859324
42d4bb5f9a1e4880,0.6152270686954231
ad561d9beb05414c,0.07781861999965256
f2619a4058f44aaf,0.13490250457114927
c2b974233b31464e,0.0966114932995927
dc7e90543b1349d9,0.09897465143313397
aeeb2552ceef434b,0.19514622742586551
e90f1896e3734338,0.09266056812857906
7afab8255ba04e12,0.10687594901203154
ef4e445fceed46b3,0.45283017780986845
497a2af5ef47425a,0.08507550882776514
0b2229a1b33c40c8,0.14697060793857986
fdea1f604deb44de,0.29761424603852366
fe8ed00c85224835,0.108977133252159
c7e30a05e5ea4730,0.701504109855569
9d6bf93252834725,0.11062329465652217
c9d4fbb038504a47,0.3095300957765995
cf3ed76db48b40f3,0.7091259342743924
afee6ad7ec404a7b,0.15844109933245173
009450c456c54e7c,0.12969868443221294
6e33b1682444464b,0.07721694743280744
9043c8800a974b26,0.10252278002027124
4b900b8b0be1428f,0.13030322208113995
cfbd2ad27fa74027,0.1880000484863182
bc4943f3a45c4d60,0.12275394152709014
6e62503b32c8443d,0.40103531342534726
1cc98685e26d4e8a,0.1067392046344163
86b83ce6419444aa,0.07125812923324883
29b01ce677074f26,0.6394014165150136
f1891696af9e450f,0.07337420897797436
17273d61e1fc4594,0.09327525491798822
daadb3a1a8c04ecb,0.09191494983563733
3411d76702ca4b1a,0.1434911749085792
f66dafe5a7844d93,0.42712564409906906
943ccaa70d0047c3,0.39903442279427914
d998e158ed0049d2,0.16525484413574093
0583d0bd0bd94cc9,0.22636958480467514
dffa0aa90dba4439,0.13671671295972243
59fb598fd1ac4a12,0.3311647199018374
c855516cdf994323,0.18013608945629725
c55b56ea4898404a,0.12135222434441278
7c8cf44927914b16,0.5695649160320659
c93000ad10944e14,0.10670991374683673
e988642b83ba4162,0.10145257624819035
f00e7796da094de5,0.11516397371724457
27cfbc30a9864df6,0.19806184978517552
ae5c8e5fc4764c9d,0.34635682939951074
a8c0bf979a7649f1,0.19562305814007533
454b198ed8164baf,0.08641409871060629
6d8c7a06a22b4d8c,0.08806398333440263
ed36e1581a2d4296,0.4495786775930778
9869c94b58ba4146,0.1493597533414525
dc08779562884239,0.5544887307308063
f912ee16c0e6444e,0.3459188167094914
5a32ce16c34c4ec6,0.13218364666084825
9acc3e772770452f,0.21449271523983757
278f56df1274452a,0.1553868586409712
c89118922acd4416,0.3101202908981884
1a8e45d234ce408d,0.16396834797812063
3e8e7c5341e3412b,0.2474976537157649
ded61560938b4c70,0.13347354995060773
6de57742e2cd4975,0.13345358114232192
d623846d30bf425e,0.43323518802758654
a5bba3c2cc2946e4,0.12648384920506775
5c38452c636a482e,0.09872188803429116
c11bece1ed444a40,0.12616074798289414
db974f688b134a65,0.08022724132345399
047500b2af794e62,0.08982769584590374
730a481a8b244191,0.4369410376109406
5b05907440ea4ca4,0.4487534932045763
0948ffd2eaf44c8f,0.10287692319739175
453c502712144c8d,0.08493481000294853
bbd9ee15956544ec,0.1534588931070826
a148b3299b6844e6,0.30929603461053967
561246187b2b4d1e,0.3288967484404638
d3d756ab814f4889,0.13411517751961202
92b5bb16bcdd4b94,0.1439282329909773
be33d84907f84110,0.3822911528450392
ad730433856d424b,0.08184622334314752
1f56446b231f42fe,0.12606681261466546
28c41ea47bde4321,0.06553960147779916
7cdc5d77a0fe4d4e,0.12674836544610402
1007a0df421b4109,0.07866591483895485
ad1c6eba814e4a66,0.29273905183925414
af5d9ebad7374396,0.1701090540821541
1280cc46570b4b8b,0.2897827004723384
a5ffdd22221b42ad,0.0903945593031789
b2f15a1bfcaa4c8b,0.19661395797058856
665a01333da24f7c,0.1052939385316359
168e863124b04a62,0.1308145029010244
92a21ec1560a4128,0.08948555824455907
3da465ee21de4755,0.13410354305659627
1ead274f0ecf453b,0.12284100740490327
914d4a55ea9c4e7b,0.19961217002970838
d47b0da7873149f8,0.09395734413152002
638c6b7db8784e2c,0.10019410930651698
eb1e9ed0d2564f9e,0.4108670609602059
53a19a0717784b1b,0.15228619968239632
0774f45121e1427a,0.1501517483287528
a9122af0954f40fb,0.1548787646782589
1506928ddc7d476d,0.6998440029946713
f69cadb215484b42,0.651524349500355
d0e6f4cd41a24d56,0.7162835822108313
9fac528a028c45fd,0.12646904620396254
9c2839cac9bc4f21,0.12275136743088579
9a387ddd7b164a73,0.12192072333074642
2fa3d6facba64310,0.76258916288012
4000106fa9924e9d,0.22562280775769453
298c54267bda4c43,0.16159490836621998
b0f7603a7e0647b3,0.10977426178689248
13b01e28627d447d,0.13338847493901312
a1dfc17dc1934a9e,0.13518438007863218
632f1fe427ce4761,0.9133582506120185
594e04be768c4912,0.31001376337701914
49ec6b6bc5664473,0.18963091673366986
ae7f332bdeac4cac,0.16411195068995882
3503dd097c1144ba,0.07536572135255862
6d0d0b2ce4e04812,0.26435818295946284
a088cb1bec7547fa,0.24376201695188499
105e617c37a24efb,0.11373311551759852
73ef79901de44e80,0.5957138464766147
c45a824a209b4400,0.10625014210227189
d800110246674524,0.08644970956070658
6332400a0fb74836,0.21314995521561383
896951cc46154395,0.28198940028165
2505a18db6b94499,0.19070546576993389
446a53778b0141d0,0.09242000438800162
c2e82bd9e7184440,0.2884948350431039
9d27a2cdf0574105,0.3739011826594932
6f5d97a9344e4116,0.09310918859211224
0a940da67afd4700,0.25564954074795687
da0db9f853a94db3,0.09194536809126666
3579fe99c725415b,0.17321059709367698
f1e8a0adc5b34702,0.0726029132740667
51c2a8b920534ba4,0.12435664444531558
73f7cbea58e0494b,0.11738875339382979
0f98bbd27f1d4f19,0.4331448385792053
14685c82ba124572,0.13587766659562103
d10c22f430ac45ae,0.08395009834218274
9c34877dc85149cc,0.27474909081554333
a67f92004e1348c6,0.3921924765191264
9c3ebf969bb9412e,0.16321032625069887
b158e5c57c95416a,0.08335318869274436
dc31dda6623d4fb7,0.6399428092655939
f821877e591e430a,0.16323157513369727
4cbc01e47bfb48a2,0.09620573336409324
663349001300427b,0.24890151299425567
e7e9e84f24ad4f3e,0.18123107515515985
64438187e75e4881,0.15953459582512755
23e88b3092b14fd9,0.6208717352760695
af92272968634610,0.12571550604887033
43df3ba80b5c4cb3,0.20232564388471996
85ac7b183a744be8,0.10180485097527503
1fa0933596544590,0.07881608033716384
1a24f12d5d7c46b0,0.08660844484663077
c27a1d0efefe4c6d,0.6943259715311147
8d3df1ba39aa4334,0.1446211629396633
edac3cd2e1e143dc,0.13353211956666583
3b1582cb6f6541fe,0.12463156507483329
7bba4744ef4c4c8a,0.08403110151439173
e4277221c5264f06,0.07345468229168489
d4b21e3664fd4a00,0.11838928426501998
2730a5f2223b4e2b,0.1649431116367935
ec750b5aae9043a5,0.23974840749391227
cb47ed393b794d6b,0.3088473655192388
27927efbebcd4138,0.0863698428792407
bc4d36c3f79b47fb,0.5987646810704194
975ff070e5664cbd,0.18771716658068383
cd7fb3e8a8a24086,0.25051658971019153
764d2080e0df4647,0.1140242409656929
3ffc200ab35240a9,0.17316081029522482
1c76d76fe79545d9,0.09476203200666876
55d5f2da45114a11,0.20352184719541677
df89b4a320ec487c,0.09727820549167406
92ae4bea89264d48,0.10526528077688355
f8448b139fbb4e78,0.1305111669043611
701f62615f62441b,0.09942491795132596
473245329a7444fc,0.35008493021718323
e40bb3c74a6c4b60,0.07770702865092874
ebc867a3a5e24052,0.5181931771844178
0e6111652f4b4905,0.6501738903520137
bee5b2b4e9214352,0.5645196431198966
d02b7bf67ac74ef7,0.20350147964072912
665f5ab749704fbc,0.08704244647135721
0a3703f1d57843dd,0.10780360910091985
ed6dca4241134c5d,0.2298452893034982
573be458f7414823,0.08658712542416414
0fb04cf7eddc4186,0.1389283179978587
9e9904eaa9704861,0.2182907706631326
7dc2f68756bd49d2,0.1288261055542578
ae8ba6bd89ca45ea,0.10533248969198584
1c560418f64e4b70,0.14047040665980948
545abd496d5d4fef,0.1547173259975276
bc44a9e08cbc47d3,0.23021279804352993
61ff6c5b19744862,0.09993377068030311
8384c12f287e422e,0.1167359666999108
2a22a064a0b94100,0.08354717673628789
de43990eb34641ea,0.16898880499397403
bdbaed638f03457d,0.11518877485355133
c03b595f7e9d4fd6,0.11895304177253874
a3627ef83f63462d,0.08878517023592113
10ebd7a54f28477f,0.16840310630374486
d374b8be4b1244a0,0.7331435039999408
cfe7f96b5a564a3d,0.15610763364080418
1690a38015a640da,0.20486512302410234
61a2495ab8a04c3f,0.11421706967607054
87e7c7d8df414d8d,0.08500029225110126
bcddbbf5b7ad4dae,0.5181541129643332
17fbd4502ee445fe,0.8413180226700789
6fc1a90972ed4069,0.7353822439184713
9d2b3ac375db4f9e,0.1604440739013437
af84f367f30442af,0.17033142778825036
8dcd7b8094dc4d7b,0.08166520822181804
fa170787581540fa,0.09320797992873303
a8f50e774f0c4c38,0.8182106825493148
eec23c4e196d4440,0.20563030991979747
4a8d13f173ae446d,0.22891368129232856
c1242b2b42104104,0.144022465889083
5a4fe30d4e8d4916,0.08997286221060956
296b414705e54210,0.09851818795002475
4e1099381f4141f2,0.11601521528676854
38d21b9516e84b59,0.2024225059738611
4f709dc5ed7b45b2,0.0815477364923399
b1422184a73942fb,0.1872111888814391
439a5b336e664fa3,0.3528258018154149
aaf80fceb4424c07,0.3592918636100529
ef526ec8cc724292,0.10619800525514181
a1dbd487ad724910,0.4688064456612865
cec0b9f2a2f14ff7,0.8367077945503361
4d5d4b376aee4c96,0.11168123512866425
29ba1598e1c24d27,0.09884761916227751
0ecd20c6e9e44e7e,0.11189472332881484
390436b5addf48a1,0.1335492712538398
cabf5dfd83644ee0,0.1560187834510774
ac834ee3e1ba4595,0.12325604452770393
4543131cf5dc4619,0.1715383956854858
34086c8c93ce47ac,0.2641180042782396
b6d8d4a11b954a1b,0.09483529353606052
796963a7cb634c7a,0.13700683690913942
a80b82483d854f6f,0.38042758246590397
be8b73fbfc9d4b1f,0.08551891029218765
d55e95f7a7164895,0.19688554985413684
8fbe230bc16a4fe5,0.14010610611692562
05e6691f3ef14527,0.10190982649879118
e1f7d8a5a772467e,0.2133917976722593
9a3608ec667a4234,0.13629822526078741
fc52d228e7e84488,0.12749943737075556
e83fa63435604032,0.06971807227558423
094cf2b965854e22,0.08951005490680972
bb16fa1a9fe14cb7,0.39321731787399844
64cc0017d60b43d2,0.20396197394718035
5573d6e2dfd846f1,0.08977091441861265
3fff2444b28a4efc,0.15464304200698284
1de3d708d0314955,0.09120313591258551
5610311744c54f08,0.0787587128695708
8603b7abf7484748,0.08356973264644756
6a8bc1e72fb945e8,0.07602080994222335
af19bc9d7725461d,0.1760266941789163
bb716692c5e148ef,0.09070723506292573
9590df15a52544ea,0.22290489623057436
b6698890e36c4fe5,0.10022017569356197
d571d692e4b94833,0.215060744876422
15a464758126404e,0.11024698633314059
aba01ed28f65465b,0.09050068002289284
9480b2c1280c4d11,0.11607806170730431
b8d9174b06b34fdd,0.2593871141118603
8859d59dbaa3460d,0.0857521726134253
dc520d44b25945a2,0.08885390698603483
4db9c8b833b4433a,0.08066304971619201
35fb2b7e6a5e42cb,0.2998423647846307
cbe1c9b74484480a,0.20861427540627478
0e3397ec91fe44f5,0.30595609569330623
0ab9b19a64974463,0.15889228871335048
98c893a661b248a2,0.46738451799482006
1c8946a8a6fd423d,0.9218536089339076
9e8bdcd942d64f8c,0.17210247235915746
02316350b4594701,0.0772768127264095
a47886b54c3a46fb,0.18155587438833537
aeba7216d4c5425e,0.11844001111000625
2fb4130bc1aa42c7,0.07460910893973596
96d4e4f1a94642c4,0.18931580584926055
b042ef79c133426d,0.12186613301307259
a14ecc9a68654c76,0.2079428418199197
eeb347f28c624872,0.19651238579545086
6c0d5a51d68d4d21,0.5540666567382109
d006f548293743da,0.9558546436255673
902902aa2daf4610,0.08245370086021214
e8936b6f55ee4277,0.09674026761724941
1afd0796c037465a,0.1388462796966746
924ce447ef6b47f4,0.10713295243932118
51f1dad5554f4a51,0.14286051875768158
c6780c1911fe40a3,0.09884719331268256
223a2bf49126443b,0.5736353349814176
38d9501f30e54338,0.38674449020976515
04423112f5a54ed3,0.11139242116366795
14131ee79f55442d,0.35557001608752486
35d0aada04b84ca2,0.14369272823924062
c4fb2c76c3dd4ea1,0.10034909814843396
ec1a8109bca44c99,0.1838261915156432
a8972f4098934400,0.21909915396611712
17985fcfedeb4599,0.11629017594553347
c7082b7cdfdb404d,0.6532329079744897
9ae0032f47734625,0.17425305480849393
4deb8d223e464fcf,0.9448132041457933
9eba0cdcd4a54ccd,0.11426055309710977
397677ccc69e4dea,0.6901596393363377
5b1a0b60a27d407a,0.7201432467849034
76cb3d94e55443f8,0.2691602445853236
79c90b7396274e95,0.6637338180290236
41a3b73a94b047c2,0.16980486526825284
30733c67d5204506,0.07816083780256684
d6eaea17f72d4ac6,0.16126501682635333
8fe6cebe4222440e,0.3034579971406347
d108806e02014fe9,0.10718416900643002
423488e83a5c47b3,0.11262206724092426
a75ab36e305141b3,0.12998507903984502
88a0210c571448fc,0.1541037438580178
13be227ad5964440,0.09379940147641519
81b2245e63c14b0c,0.16415775245134848
5b22454bc8f14b34,0.16078887058877334
e26ed252c0394023,0.09822463226025265
d226bf2b5650436a,0.1537062707574046
8624d139e4804e3c,0.18628958121653347
af0eddabdbf844ce,0.15686867507858027
29b45b6af67a4ce8,0.0891509645588421
e2d78e40a0164c8b,0.2005852954971031
cf535ab001c14db4,0.1300190558345021
c63a69df27a44bc2,0.08616242487782211
d084ea26c8bc4aad,0.08331378187888432
2d71cd2d36384b61,0.23651767758175649
1d763b0e736b4297,0.1449387217464446
08529628855b4209,0.713392979081612
1464dad7c2184595,0.22568505306721748
c7434be488cb46ea,0.11844773013117466
992e0360274848bb,0.1713881654709431
65c76071d8c241db,0.3556965673984959
698484a8184c477f,0.10972400475238381
a8fed69151bb4f21,0.13801869227669078
949c0ec60dfe4117,0.22820489959566959
46bfcfcc388948da,0.3412496583492802
c76c07c5c6f74e24,0.10448744937531496
4f8939a6ce644df1,0.5087718763528366
85bb31af8ff04f89,0.12262129445238376
80e4eb89a7eb471b,0.12113698228562084
de9cac67bf3b4ac5,0.11052680521378662
7dcdbafdaac74de0,0.09862308607576917
12291e0faf274cd7,0.1356819573422771
681d08de52904c42,0.11674403096492042
c72613d0a36d45e7,0.1573935276539035
7ee531b076504115,0.7846682402570381
9f7c23e8c0df45e1,0.21210057792717335
579b9e2650fe43c6,0.5044675132743258
68f5e3745cbf41c1,0.14208088611953804
d23f871f8e5c4915,0.40950083390166536
aeedcbec2c624a9d,0.37515194455305195
5cb255efa7d54045,0.2254933235414546
d40d5f052eec4a9c,0.06656810949489134
0c4924b3b90e441e,0.1355895431504399
5778a3dcc0f24ee3,0.17493536865696205
54aa8414638d409f,0.07509943616270627
9575c3d992cd4a81,0.28457433872993726
0b60423591bf4134,0.12991739499540864
2025be30df46449e,0.08755836833207024
f16b1a4a5a254358,0.1419753096876123
f2946737041f4fd4,0.18392607036470876
c4419d372e6940d8,0.08533298016412871
91a936304f054f58,0.6060093422020432
425242262af54f96,0.18196150787601093
0db273becf754d80,0.1343314881376397
766fd3494f234ab4,0.13486247869150095
d2225043c86845e7,0.10212369636055796
c0a8267cd0be463d,0.1284898953207659
70425cf165324156,0.08635470869161037
9b8b03170cc54c0e,0.1254901791910635
e192ce9641034ba5,0.11693223115159708
142afa1f1cf64f5e,0.2685218329784545
5240c74461054178,0.12456568609818389
ac1c7a0bb7f34c77,0.10401598640117529
b80065a19fee4aa9,0.13929130991540567
a7e67059b7004e5f,0.11495813875209518
cdb6e41df80e4aa8,0.24083109398227906
aaa9125a75694ff3,0.45003257533905144
4f55486a2f3e4be6,0.520942741177646
14c6b5ca77be469d,0.3904543118735068
d8e96abda2a443ed,0.13145724629737832
bd6c4dc10c904afd,0.1311860107648062
8e8ae839fa2a4739,0.0686877268331573
e58fbddde58f4624,0.11063786527501517
f2c732ea4e984f45,0.27144645050129923
3029286503014d2c,0.20766161140796918
76ce698307824f7a,0.08468008890561622
7241ac143a204744,0.1118691975485072
e1b9fb44b41541e7,0.3813696841452955
ea7c36f2b7014333,0.08431080307094475
256fb851083443b8,0.12168252599105234
cb5d6d7622d549c9,0.8460648390336835
0e9ee226dedb43b9,0.11421446255242386
81824d0edb0f4c02,0.14412266650393601
65a07b464e7648d2,0.13892172618901552
faefef8069a84a52,0.3196156386013682
03da0757c4704014,0.2576733031557053
c142add7924a4b1d,0.09905908080130175
56fc899733614af9,0.10546931156067067
414c350dd7c64851,0.07985021012789165
71c6f4bce2364461,0.11239531018947145
4b26ec63dd6d4d0b,0.12549439060834525
07168c93af154d1b,0.10500129866424929
2468bbcd4f614235,0.2777993942717632
2be963c64fec47a8,0.32313068557894137
c4553dd66fec4f39,0.13219450800554666
80b7160b9952474c,0.14938921693718749
754cdd30a40e42fa,0.3605700090898375
1142d933971e4399,0.09582911781053649
1bba6ee7a6db4ede,0.1672503843600338
0818db807ea24444,0.5366878344010474
8b4a0843f62f4328,0.13302564859762345
4cfe181790f842b8,0.18082807172055598
d86b96ba4479479e,0.3646714611441957
3aa9003d54734ea6,0.4703773595974512
aec1eecb671d4542,0.08299944209408051
d2b56a7f825641e5,0.0861247448533551
f56b38e4c2314070,0.6041215595351344
b92ad94512434539,0.06908853130676712
01d689615ed14d24,0.13663479750758276
4d5aeb0a2a094af4,0.10830261024522837
4829ff25ce6c4e0b,0.31166642710240744
fbc87b5419d64197,0.44650207748259596
af35124d11364cbf,0.18388300937561622
201dd624c4cb44f4,0.679763541357305
87f5025be31c4ac5,0.5361066218066979
08459a8c0d984293,0.38259821763467233
7ef28d7e64b74cfd,0.09998848914768842
b9a255865d474ad6,0.10282055155778062
9c9e11e211564d68,0.29157839918009515
bc11a8c494974805,0.18841781257741788
c1e299b1f587452f,0.09139327473532846
761c304601ed4c72,0.0773588570336381
b77451b8e18d4850,0.14474404521551326
9e45d3a0f09541fb,0.10156262908507385
c8d8f54f6b364657,0.16159288388588225
c575bfcfdbb34367,0.09410959514865737
33710f07e2ae4463,0.09176936196481282
9b8944ae80204e58,0.09616082618037905
183cfdc251a84b17,0.09666526916594527
7fc6c43c3a334017,0.09877136832505065
10221c39265d4eda,0.09757384507297265
8663ed8a2df548df,0.11228887092885063
66d40d31806b4ad0,0.10718184037967884
a58b9a4319a948c3,0.26886940342098853
6dbd74b5f37b43ac,0.08757207162007723
6b06d659bd6d4211,0.1380245708664832
c498831f159f4471,0.1942031718743301
7505aaeb761a4a12,0.3105601287064056
4a282f071cf049b8,0.5489609499334314
843db056874c4943,0.08384655409560722
0128997764f44fd8,0.1639470393674847
3240893def4e4c91,0.09413541510089023
cb6f95a8fd7b4dd1,0.4386999002262018
58aab81689d14874,0.5932319433788859
3977bdd13aa74d86,0.20027108944564231
5a8e5bd879304640,0.25411429265558055
f6190b7a097143a2,0.6439317885701239
35e06a1cf88a41a3,0.1685149039616357
f57a410ef5e74686,0.07316691469230331
36d0eff7d2724beb,0.4492549234618439
5d7393a1572b440f,0.17718388464657558
79852108771445f6,0.9381593679404688
c185ebf4428e4961,0.16043274137283536
c04470a60a36434d,0.20732212280913012
01c0496f7b164ad4,0.09328094049993109
7b253316c5104e6b,0.1267578766510187
35efa3e844494029,0.16383258346226204
e77ed5c8352f4417,0.13310490330343433
66c4e37afae449ec,0.19572392876800415
395c9744f2ed460a,0.09552925130610591
e6d3e2dea16a46ac,0.13051945897400993
c2d2075abe4a47aa,0.09457213103619182
b39bb39a479540a2,0.20577951467064262
61b3408403314245,0.0926795367048777
91d47225c8c54a03,0.11272978572677769
35093c2f80424532,0.589123940493199
c23a6b26cc0444e1,0.6911508441617872
e211a8ce9a8240f2,0.0994592067631662
2a46ebdfdb2f41a7,0.08419554858931479
fa15fe61ff2b4386,0.22995065831732772
18c225ca14604cf2,0.5249777431251503
df2c6122d7284d21,0.11138624903223118
b2084d13db4d49ed,0.321975405959182
8d5b5eedc2264a6a,0.10664531562196299
6cf1a2e649e84d09,0.09802041189302525
58ef5aa1cdf64e6a,0.07301831163149236
fca35b0788344511,0.4369046577262082
ed206dc9584049d5,0.3534869951943472
605336be685749a4,0.16563053203033412
7bb25d7b21084f3f,0.9572725033113443
c05c2563655e4ff9,0.08911337737509449
f23ab03008d74bd9,0.11347633439914831
bb185fe8a4e344af,0.501309824217843
f63bb66631374e20,0.7390509500350655
e0c6afa7bfd04043,0.12836105570303677
14dfe94317e94116,0.14604857283748807
b14cd92c21d14008,0.05943960139773638
4457a929375448c7,0.11256266684329116
65aafb2b90ca4212,0.09576235810094967
2f0de3407ea4450d,0.17083162222343995
5bf203a4ec264e8e,0.1239227653869707
f95ae3c6f2994753,0.10213557956203752
9c3eb07b5be94d41,0.10213950783405085
6838e8bbe9fc4ae4,0.14645327996728544
d45082c4350d400a,0.24226987002212666
7b445b47c02b4e9e,0.211167083839419
45d9f1031bee407e,0.14450348601032995
9c2014b90b774d8e,0.15172907812407094
8edadd8218424267,0.09593570432426816
ca90ac634e394ec6,0.36424739136902745
ebf3a6966e794647,0.5054646627471855
111f3ebaa8604ac1,0.12719013789491457
7e1516564e3d4d23,0.24024173778621674
5cc9741bddb343ea,0.12503055269274324
22309beebd224679,0.10184216231169484
8dbc47e3790b4c75,0.24824503329290587
2dbf611111e54a73,0.3251905631936346
43d2c91faca8420a,0.1760287209729809
f15075492ac848df,0.09323768672837075
09b9668339734b37,0.5912585440816838
3e99b713240e4a01,0.10906538615606044
0a81082ce0e64f95,0.5485492749543505
733fd22fff514488,0.09901141324611659
8bb0e420aa5a48d9,0.14589692315555447
9c7650bb97b14921,0.10582797812828176
7813497dd1d84eff,0.15591162450084184
f8fe4eef32034b61,0.1618153411744927
27669d3dfce14efc,0.06340865231111609
8b927350f2444168,0.11350462907272195
2bcedb57b87e4715,0.1265321194168412
f73630ca7adf4236,0.12799211848403122
ac3566049c10417e,0.09207557077737115
09ce9f2db2a5481a,0.8084634126950023
8e19033accd5433b,0.8154403496064149
7ebdfb1ee94049ca,0.07687126699569392
c46820e3c96d49e7,0.10534561127856217
97e76c580f354907,0.11401722774329309
069d20365f334b1e,0.1698960149568306
c1c18cc92af443c7,0.3194966006536974
94a1f7dc99064267,0.3505317148725578
92e525c27c0f4e04,0.07751732859180142
ff03639d509f42bd,0.23729570631357624
d611855367dc4944,0.16555310386245534
71a7177deacf4e88,0.747085988611792
886f657809df40c9,0.142049741335392
4e05b5392d074c90,0.12979858895003332
b2b5f7ffa553493d,0.4128353926794419
a95aef074c2d43b9,0.459495651436526
7682303a76484121,0.11007107990518449
53540a96ec224fa4,0.14363220027813814
48754339142b4ffd,0.5156377102270502
783937aa2c724c63,0.1259754879132808
b31d159cc91f4095,0.1065220895889598
2e573adb69664982,0.49825990188139563
977300b097934cf5,0.10797631419126028
15513bb03ce84a00,0.18771409778732334
494fa461575f45f3,0.6716836817589205
313580b0ddae4c32,0.10224288564944585
d40b468cedd94e84,0.2990201957455576
76ec957d769f4e3f,0.21747345887163003
d38673b4c5ee48dd,0.1503799053028718
588b2021f7e74203,0.09965231458375837
4e18227466bb4b0a,0.18183742309976006
6e216d505ecf4ae1,0.1194326541941476
ae760055a2ed4f6e,0.33971308939533235
641119fb3ee14201,0.12444317850426856
424b77f4fd4b4270,0.3501024120761364
f758eed1b5114e72,0.19067070974562908
f537f57b6b77404a,0.36941161873040074
d29b097ff8b340ec,0.11004259500433085
0bfe1dd8f2c844fe,0.4886649258318856
550ec98d7deb44c4,0.37631399603572774
9e89df04fc2c483f,0.14054352500915393
7af1b4ad22234c33,0.0851020077039029
9aa32a376dbe4966,0.14945483126279888
6e0ded35f19f4da2,0.144765034355885
bd711edb2cf34d7b,0.1024871983236608
cebbd028dd2d4f84,0.24056403494619016
94a0877307c14f90,0.23004451738622944
f2f37116aa7e4a85,0.0795546833229319
57790d6513a1429c,0.06975669018018484
066f9ffc0656479c,0.21487079352406382
16ac0a34b2a448d8,0.2330724190308774
08ecf5c242aa4e2c,0.42349170295302446
2dec02d1d1cc4851,0.12873637261530238
e5adb9f88b9846cc,0.0849840389490076
9941331bd34545fd,0.1546383494087882
149dd825a5794db7,0.1727649226318522
58e4168f4f124f7a,0.1786081547029019
090dabdd30954aca,0.09691167700102049
d9faf1c77c0e4b31,0.1047519255665575
2cc89a96a0c248d1,0.15623982270749606
80bbcb0e3a4b41ea,0.13318231295262686
d5ebcc4010fa483d,0.09785117633571816
00b51d3cd75a4516,0.08357251855788454
da39bb27186d40d8,0.16571124209414004
a452b17f58ab4aa8,0.3203563083746742
070489114f9d41f4,0.14497714229606343
37c5b9f5366e4074,0.21697042857266252
2d189b57b4764f24,0.2530515811779078
2368a57e8c3d43a6,0.1997314999215796
b1d8704e5abb48e4,0.10211289499509749
0ad1993f09d44471,0.14323166394468786
134c2bbb2db34766,0.10263305716187182
6893d540840548a1,0.08496148084361094
feece496bec841ab,0.09058682441911714
076bd250f2e84392,0.20041527935024683
f66b673321c54fbd,0.2819690613022623
896c6eefe6f548ed,0.5864595287160385
c74137e24941447a,0.3107708775495246
8ed113525854438b,0.11347429764698833
9391b69ad48640b9,0.09167505923839142
57aed580cab34985,0.06589488254251943
90c8993a6dc049fa,0.09870728205915008
aca7d4c2e48e4fc4,0.08278948787916082
166f023cb2bf49b0,0.21600553891338695
646ce879ea6f4ffe,0.08096671004561234
416eff44a9a04b0a,0.12855530186413158
6dfd7c41f1c74a98,0.5064241869498921
a176be5bcf1a4b70,0.17765901713943477
b9a8ea98b8db440b,0.11064873053322846
1a0c3f33fb684113,0.11087477667115091
e932a431d3bb466f,0.14055866110728796
95005e96761a4a29,0.15345513037357827
5a1d2ce9f476480f,0.18926266125693372
1cfa4c9ebe494a60,0.08180460168427242
6b3fecfe99424ffb,0.3580374531460345
636f2674c0c1443d,0.25326851823366336
993f068b360947af,0.10133417842825151
e60c253418e041fa,0.19647811731546827
d3e5237b1b954fbd,0.17695675679804132
f5a8dba89f344204,0.3184380723909171
65ff588eedcd4f39,0.46230434077214755
44888c7955224eb7,0.15724528866069154
62c04df6c4ed423a,0.37088495842813324
3bebb8b032614691,0.12776669754139697
339fb4a8409d4465,0.11213359627025862
e6ce167cbd134e4c,0.1131485452765603
fe7befc9f5e24627,0.08147876778455095
1cb295ec40434261,0.09148286752219141
92b4fb919cf64a64,0.07187541278646889
56905622399a46d1,0.11726520358998506
6b8cb443d9c046e0,0.12968498455794178
55abb25e5be0413f,0.29897197905586415
476e788493c64c47,0.10742922239744598
0118b09ea01b40d8,0.5045474174269045
57fab9ec46f94cf6,0.3959156344769808
f284c632adfd47e5,0.07044781256238077
a0f3f0b1a6d2461c,0.12380401023664545
cad17f17e7cb45f5,0.30955941164036604
c7479cc7f32c40a4,0.9134716342717007
0b8c1ff3fa0849c2,0.24835436991915577
3c15004039144eea,0.13103157626805026
119543805d134f28,0.20754873399408896
8f0e754aebc043a2,0.17995981318728207
143adfb3bb2447b1,0.09700073205890196
a585deeccd524883,0.2358404692432986
24fe3b4504374a40,0.09752389780265623
68e5452a67204860,0.09154863295172597
5bc70b07ba054c59,0.7545235791978567
cae8adfba52b46e1,0.0641250002281582
3eb1feee1baf4499,0.3445009185045819
5de350252b3b439d,0.513656214377345
4802e548ed514e9b,0.40949826728189925
3dcc09e2dbb64447,0.2802492313160773
342eb3e8c62c45d9,0.33680913305810256
6516bf5f11a74cda,0.15041528709250387
e20df1eb1af14196,0.09914681237514608
ad355d84974748bd,0.09245662623578751
9d5dc86b0fcd4517,0.8121884541998512
b0ae2c53cc2843ac,0.5442514866186134
047776e177024082,0.7383594606017915
01358e83cf534a9e,0.18309636655887068
c0ad8df100ae4248,0.1338324478853893
7e1a1f8729c7497c,0.09905435149089599
55655c8997784e5f,0.05529837791468972
a768d1dceff1480f,0.07676473601011789
c86f181c828d47ef,0.059525407695907154
93156fc365d2492a,0.0765427007630575
cf793ff772a44b5c,0.263188202652474
ab4f3607e5494de0,0.24432018793346155
0b678a89ce424d9a,0.33544435407320533
45e93e716db84131,0.19199839826014115
2ac10bc836eb4b62,0.24192858961580038
dbcd9fc0833e47c9,0.11381946872430403
62d8773337f14a4c,0.2767055626409991
190fa691dfb3481a,0.5267695459658529
234d66d0ee804174,0.2468852485316309
56e9ee0f1cf048cb,0.24675398111184038
f42af1a5a69449d7,0.5084906806582691
cf652961eae74ffe,0.5421438159037363
6fabf6138ab64f3d,0.06038140426533459
a4f6d15b7dcf4318,0.8845532041846941
e126f068925d4662,0.11806282561717837
3413b90a90854b09,0.1011683458717251
72c568e0374c4264,0.10199738554703942
750edf1441cd4e30,0.09311483090347512
89360df449874161,0.22418273494118043
9bd2647079b943d0,0.4354482837052668
7ef0ad1105a34dc0,0.10897334300430156
695794de079f4a7c,0.30494409662822264
9.31E+15,0.1755593458732624
68a7a309a8f84952,0.32019468448369737
abd7932214fd40c1,0.09391224500476512
b9b6d39178f4499b,0.09344406905265093
e9d5596672b54a0c,0.2267223078599316
938bd6b5248d41d7,0.3027726533992055
78fe87e65ee449ed,0.10513062483930062
c130c72ce2984afb,0.36621183538116653
106404cf8ae443cb,0.14794995152047827
57ae713bc6774407,0.09853378907619192
d3d90c5fda3a4c76,0.11761010919456119
29615d2a1fd64486,0.44968361873537566
54e79ad5ea8e4882,0.10541352623231666
8ef2befb77874f35,0.6797379035651433
1d41de0c380e41bc,0.13566241053187228
885705e45f3f4368,0.1368170754776304
888ae4e775b74330,0.15343636773101782
539bd69cd8324693,0.11814761569864882
0fb557f41f2f4762,0.18834140889280854
cdd38523bd4b44c1,0.25617074096406484
136a1660e2584f9a,0.2727585148410523
2294ddb27ffb47d6,0.08716107038749871
54eb38691f234c71,0.1335206254834098
5f554422ec014ed8,0.1998460324547431
df81e4449ca4492a,0.24581028347633704
c7a90d0478794990,0.12263482724445597
e3072af656db4590,0.22291991340563808
856e5338e7324dab,0.6336289246961924
73e4a28d57d44a6b,0.6891100978053786
dd3e090804d1498e,0.11274988317600661
568660560c724558,0.12333081308172428
7f4dc4008be146c2,0.2481547892396968
a58fb30fa643400c,0.09558715932535372
d9fac2e336c246e2,0.3778222326884048
48ca1019649a45d7,0.1294969507529891
9d39a3b5928f4b21,0.14740575171225567
4319c2bc99d04d88,0.21518285595631254
61b28354cab14781,0.11763700743916668
365ecadc2fb94905,0.10484362664909952
7994176d42da4990,0.21232250308434608
eff6345cce664a04,0.08473498437096805
ea75d82ad9d34894,0.3976353153092999
e6a962ed8d554ecd,0.2929903887397641
5a0ea5336d424062,0.09130240261615126
ba9060285e71410c,0.7550515664768029
c8c84f5a941d4d8d,0.09918743511394627
9cbfae73aa8d49e1,0.908690703930535
bc035e3d6fac46d5,0.09427670890904745
c8c7cfa46c55408d,0.30713877558961244
4c6e669e9e404018,0.10074302445915269
399a7f5b18e04683,0.15583495171183812
60973a08c6064a42,0.11844606611694718
8882fd64faa64fb2,0.11600459810180322
d54a1220f076453f,0.7331965907064558
84dac9b469cf4fe3,0.1289934092116681
31005501f3c745a3,0.08214251280827192
018e908603b04834,0.1746654784970547
6234fb57234a4ba1,0.2796297293385223
ab7ab47fcc8a467d,0.10303748569858051
4056d27dd9e14bbe,0.26375662740530553
8e728079dce84a5f,0.24088394881929379
20ae2d4e357741ff,0.10869309493776827
1ecdd901b78841ba,0.10063846823219495
9021e38f8a1a4107,0.7456115942213093
5d4148f1ca3d4a5d,0.21422249640678112
835f2e4c8b434726,0.23407069180328563
94e371d7e77f4889,0.09296878761033212
4a4cc78702ed489c,0.11414716807550418
dc0cdd01f6f84dcc,0.08669918498604626
ba751c98772e48e8,0.17301086161517482
7844b2428f434a3f,0.1247925788113722
8bba8fd6d2e44013,0.08388678827427774
dceef1d350324ddf,0.23754778117100675
376ce05ac0664bd1,0.17712474545016071
d0c8f3721be7468f,0.19510455609734065
bd6bc725fe144615,0.3156638610859088
65c8c7fb961d42a3,0.09020782011197913
351728febf0a4750,0.14592284824139776
61111891b42b4953,0.14675927111350526
ab943013b0bf42e6,0.1026684302069532
9d8e515c67344a89,0.18528686174684555
2db5d384c0ca42c4,0.16502352165715137
d717a582a4774861,0.08843545822714
7bd555edb82e438d,0.12134337103924105
7f41aaa41d8c4972,0.09693598667685999
0a083cd4d3694d94,0.11904337142483215
328ca3c11abf412c,0.1084112839532167
8fc57931990643c7,0.27935417933578227
2d323d4be31340eb,0.8079282266826663
4ded504c889a43fd,0.21031486907988228
5f067b732cb64df2,0.09426248085303977
bfcaedc2acdd471f,0.18687654825872102
c64293f840cb4030,0.10520766620724292
71554da8f8da4efe,0.28401302047763743
ee6a6d38aa7748f8,0.10860969255548757
8976ec624e674587,0.13471186208533356
b9ef1da0e62e4d42,0.16592090856351466
02c5ec5476e94cad,0.3541005187543622
67368096bbc645e8,0.06568793443746913
2fbba484246b49ba,0.8816098532323052
0a25fdbb1ad54c5d,0.1452190819458792
5788851376f8428e,0.08263778192363479
033af049870643b1,0.08887525999635783
85168d61a1e9416e,0.2972780295573043
638f850d97254955,0.09787332253982477
ce8b1fc92c124509,0.5428682592522543
88ab65e282874fbe,0.12495617036891246
5c93b081e0034456,0.18300088471462772
cf38194e2fe14941,0.5114226944074981
2bf2d0f4e72d41e5,0.07960533257557785
2d1df37e17ad4d4d,0.3501301185913986
fdd82c325db840ec,0.6217506186496566
a7d3252631d441b2,0.2212284108672904
136cc3e1d6ca4c53,0.7609783479922692
c575b5ce5f8d4f4d,0.17520522001144698
20233905445441ba,0.11169932864825839
5a00fb0d62544092,0.16077626273506776
d72437cf2ca44ff0,0.12071321005227811
d08613d0a5354867,0.2244404839660271
7132986489b4447f,0.2259354740169761
a570a6b7adff4d5f,0.10726701009927771
5a447ae628b64b64,0.09025879080552678
f13a56faa548404e,0.16740008294107653
1316fcd5165b4231,0.22691097290104498
f515e976a856498a,0.4164439559586856
b723b10a7d5b48e7,0.16243904879253607
0ad9a6de77ea45ca,0.10130499419984804
599227b60a9a441b,0.09986636381925132
517c1963b8bc4ee3,0.1356357709142394
ce90b336dc7b41a0,0.0916235577138412
8dca63b67b3049b3,0.3530705425891801
0e0f3e00e6444100,0.1288778348794643
eda7d6ae869c4203,0.09940409572585371
9aab7eb7c92b42c2,0.12315032317765057
54d79bbdad654867,0.28776285243987393
dd4536fdb2ce4c40,0.1202538338593817
93fbdeb2740942de,0.10154132533811266
5ef6812c145146c8,0.8058953089598022
3062cbf86b644a20,0.12988531076235374
2b295ef9d9574c23,0.15663758759824717
92a7dcdc27b74f57,0.07960620288867201
eda0dc82109c422f,0.1731169327126865
3aad06777f694a5f,0.14628925003029883
b4b40a01a94e4690,0.1034241710559825
8eb68b696ebf4173,0.2059188371540017
927d1d7cfba04bd7,0.4570360711127378
df06579f5c914121,0.09281917557294521
d5e7f0eedfd74364,0.3113717339058546
51f9d35c06384384,0.3521554579693702
739f8476e75a4027,0.1307771059917099
58c4a49ad9b54a7d,0.1924759098719487
cb97fa032d244eeb,0.14506130930205616
e3e01f3112c64352,0.45843140853675696
f42f473d7fcd409d,0.14110602776498277
67e09a98f8274bf4,0.07150323873859335
d768bab0c9454928,0.16141865563068797
39472477e3f14ae2,0.505968853842922
633c18bc85a44f7b,0.48470510449382176
57cb7e99948a40fc,0.18046615253632264
3a909c832b3a4c03,0.08927680785062642
f09f5b7ed3714ff4,0.2162412685743045
9fe9a49e95cb4bda,0.5543362411614866
33fbc6c6fc924d45,0.14023971147172984
dcccb567eeb44dac,0.09402564181700847
290fed7273754764,0.07039280690831701
2627e397d2b94ec1,0.6125690028665691
69e0299f06a145b6,0.12912101327605377
acb7b6e774754a16,0.16953610041110603
2876228bdbb44214,0.17636995759562463
e37b94614ba345c9,0.1727571015579882
ffa4e48c8381401a,0.08477921840335068
daf9ef67af054fab,0.22183338608599215
ae5e8622bdca4f5e,0.1317572159877035
fa3d5add18a34f7e,0.16087241451888687
bd0d7c5f45044b75,0.15077102708096632
abc1e2f6784c4cad,0.09988373451753273
78c1e7c3c01641e9,0.15184793578481898
99caa63b5a654236,0.10144161767651146
b32a79bbf4374e21,0.08277491397962793
48b3b3ac3c05449e,0.10665857851001247
1595d648c880495b,0.0911434899284553
5f8f14d7ab5b4a10,0.1694002848496705
0828c93c0578483b,0.0751867182415713
1a58a712cd2f4066,0.0926655440355414
cd7ac4692f2e4341,0.23506943530366695
b8a8fe5dc9094f44,0.3353297806346011
3eba5dc46a2e4e9f,0.14153342010677314
ace73d1b744f418a,0.09284713593458287
1867f35b19e64fa1,0.10058450168493709
d7a40f463cae4429,0.1313449163551033
38a5f79105f14009,0.7604462383849439
7110cfb54f3e43d4,0.10536506805018912
69b67de9c5e64311,0.08676831023125746
ab89d075fc374d4c,0.1158842268517981
65e98f916f3b4b8c,0.5867274644534428
63194ad331d74857,0.14778505475623596
e716ff11fafc433b,0.18015831937590118
96a87fbdc86f4ab4,0.3247191202661082
e3717650dbb349bb,0.19537086455703917
6f32afc2782548b3,0.24571061474879444
fcfe1546afc44011,0.13024923775843147
8a31ca100105462a,0.14375287599515177
6c55c602bfde428c,0.14879124537756008
27a7d8180fb34662,0.12227223747293027
c45ac08116164f85,0.6979102593584259
163c00eedd7e484d,0.15546665246814367
8af833c1af644115,0.20499978261088955
10bb7c9523644057,0.2549042359613164
31cc30fafa814635,0.16622607207092324
0225098974794d32,0.0641691006569633
7ff80357dfab40a5,0.6046792942354546
d8fb6c9e4d494da6,0.22979243499981905
e97d7d5e0fef409e,0.07257708716625716
1d88164c60b34079,0.16690442583558326
7.22E+14,0.09509680008777427
fc52ebd53a5b4f52,0.21592129076577385
3b6ae29c51674cb5,0.09114244764091307
2b7f5fb7b2464ee2,0.1609119893938852
8b91e7daf2394ec3,0.14026285582462927
9d4e5f086d2a4758,0.19003184431899087
bb311e177edd4d11,0.21914582937384638
ce9009ab362241e4,0.10585716211377423
dbc1ed0a06b9479e,0.09913493797438759
c1589e7b6a424c55,0.9389452989594338
ad6457777f824676,0.8540277730421292
9099bf7f55cc4047,0.09663467385516904
de937393758145c2,0.11670506483002552
9f1814196a3741eb,0.0940582236537881
aeffa75c3112455d,0.12982194141813067
ec834b7a074c41a4,0.21534029156578086
b249c6fa37644d33,0.07563546548349674
49ba7feb75d44693,0.13716177963937776
0f619043fc444543,0.2019874118519174
d4c3e9b8644c4832,0.10104902136004307
d2627b28743f4806,0.12797356684733335
1280d21e1048455b,0.17888593396379113
077b6de52a19477e,0.3140746961376567
951bb37cdf6e43fc,0.19021076646398133
6ee4aced121a4534,0.11169656262598986
3bff51ec31df4648,0.3155919370805371
b4dea2ae3c3b40c6,0.09973102324999472
cacb35b8190d4aa9,0.08923953722166011
41bd0d91d89e4cf5,0.12546232607226868
06ebae14e6754789,0.20555064388443528
a5771f96f559438b,0.1273114057551502
cb9100b9a09b4bb7,0.30703256054243916
8005fc3322c44042,0.15164608912018895
d936d4663c614918,0.10789093802171479
a6d817883dcf4d81,0.15150360147125333
6bf337fecf254b35,0.5819672632346026
5f8ae9065d774f2b,0.08125600381657602
4fb5741bcd8246c1,0.12613994754720673
72c3dcded7274592,0.2070372844168734
b57f2c8eea7843c5,0.0980015366296757
b7285e627cd64dec,0.15951742820815937
6eddb057aaa24c4d,0.12390263043588766
5d9840e6e1d1428d,0.3086716209201528
52aad02ea2fd4eaa,0.2835762532530402
cfb3246dfbe645d1,0.10882277544765659
43c4f5e50927482a,0.24513660833081544
62cb1a7e0bcb4f95,0.4729614724735583
ca56e87e3df24e48,0.604062366958914
bd2f7503b6e648d0,0.2391330798630047
74bcb60b8e244a14,0.19436973285390563
ee4b388901f94d05,0.19271813849461805
a644216d04d245bb,0.09870534629718043
9e8b70f27b0b4dad,0.09990846948493708
fe7764042de04568,0.16498155890111532
fa44eb82dec04234,0.2022203448525787
11daba99e1414e44,0.11579828542665403
cdf79050ba4141ae,0.09413156151729102
09c58c59e2274ffa,0.5480933175942015
d9547b51f18440fc,0.4546557760419383
2bbbf5fde3844b5e,0.11605874060152277
71a18a6a1aa34761,0.08704564843519384
6b46c46485ee499c,0.10154961477071554
4caba7b545f04694,0.16503006392539632
ea71a23c8f764da6,0.18526633346877566
2b9ddc53f52b4824,0.12491678950306397
2d972a3524be4f1a,0.17525260773943838
19eb4f850f9a466a,0.16065388970601255
6b5fd6d7e4cd4c53,0.07148718441857263
857cd6be73904031,0.2082057599961848
695d33b6c3424b57,0.4834997193732742
a82a51028f464d1c,0.10396370401499448
9d7fa523f2544eed,0.32177780129963646
a42cb785867741c1,0.24277996000965468
12cae9e3f19e4b99,0.130942238077335
7cba3ffe3f5b4470,0.11644897533963725
810d98fa615f449f,0.1315253333240328
31e789ac29ab4057,0.07469211319801353
e6ca06f039f94711,0.09225018746427831
a06b4ebebd74440f,0.1976517839059955
a5273df6d3ac4f83,0.23721588663342064
93a5caf0e8f54265,0.16484422985611344
66cc9a55d1a8458a,0.07766797894621234
474abf9069134a12,0.0905732890238713
e5072604e1314883,0.12434244336587516
99998cf22ec54492,0.8337159287940518
4993b58eb0604350,0.10602714879366619
83b9564fdd01408e,0.0979802235865591
8954d37ec1434af8,0.09712286639899076
bfaf65884ae84b4c,0.37765385369834176
3c734e866d444ad1,0.23574190412066917
1f57657b4c39459e,0.14237628552361795
eaa4ee546da64e2b,0.2922017162382916
9d38b6ec00054cee,0.08069061710259227
8e5bb04c47404252,0.34627728368124744
44e02323034845ba,0.10211618525784402
0b5deb72ccb042af,0.37588440427789876
4fa2548d4d1947d4,0.11817699068566559
1bf154cdc29241a8,0.17677080120688635
d11f77d361874143,0.13767349580401544
eb9d26d8010645e9,0.10118670129321587
4ef8fc68481a45a1,0.17090821863857644
a4a0081218764489,0.3853829871481331
cd9a7a13a867494d,0.6961368489384712
a841484bbf654612,0.11424924228970454
eea8d6073ecc4b38,0.14234705266100672
ea495546443446b3,0.1867619567910783
ad1c1bd351924d89,0.10360335144353237
f29066df46d54bc3,0.14835815409184647
f0586c491e8b45ed,0.1434487302807612
9b2d0fe872e944d1,0.08633504630972007
df2d2e0c98554f9a,0.10533552501246964
a36c2aacb5604b73,0.11569270024014412
89de1f5a878141e8,0.4368915304705078
db6c5495052e473f,0.14091791390012892
d8af48630b5b482d,0.10068665575601245
2a6b48ea5c754bba,0.0805806641947467
b60d5a0db4ca4e93,0.07609192132058945
19760bc4bcbf417a,0.12568174453090944
9ed1d3e557f64b72,0.11608593069565211
0c9857fb755143fa,0.18145494113713104
bb6f478c19e14c29,0.13275718153077987
38ea259dc6994bd7,0.48273300847290984
4bb08ea724304009,0.1900913637977581
9b05a15bd3bc49f4,0.09035468957594171
8382ce6593b74fa6,0.7345780165305941
ec655dda598c48c0,0.07300449469841505
8594642b5d7a4aa3,0.16827045896460047
8e4e5c9cf0ff4d27,0.07907997040162122
b0cf773c5cd5412c,0.89999991445947
458c83f0be6c4463,0.9021767462312218
2af23cd9077845e5,0.9492458478925412
bfe7a1312040473a,0.6884033192346046
c86642fb681e4f8d,0.7965724416832943
93155d58167747a0,0.9099352718479551
64f2bb1ba2ba4ea1,0.9579296845326262
2461dbd6314a4355,0.6960241463581321
c398c1c19f9447ee,0.9224915961142008
2e10d3b78283456d,0.2330281127264978
433ce916b9e04dee,0.967391592799304
81e69cfb37d34643,0.941879295335018
cd9d8de101594b6c,0.9367901556202185
7fec67290ac643f6,0.9624471139559918
febeeefbebcf472f,0.9791168643343247
3a0514527868441f,0.7048231197468628
2b1b8df53a744d8b,0.9360546453488492
ffed551770ec49b1,0.955948897108431
4cd57bcefbc5478d,0.8594274378540073
e685768880d44f79,0.5177595806371008
9afbb3cbe3f4483e,0.9542659979185018
39770e40418c457c,0.9875517850185047
da6da3ac588e4f1f,0.9800910664955477
d25772397e2e4e00,0.8725920868677759
a0dbb3bacacf4b05,0.9261426877611327
47e59564f9d0479d,0.9517932584473516
8b0b39e909084f99,0.9627137915383471
fff8c7dd52674a7b,0.9112446729767849
ad38685c1c844e3e,0.970074675604581
285ea24164c4477c,0.8543342437713807
4674722c56bf4228,0.6821431334460878
44da26156614419f,0.6861264984792886
cb8697e801b6455d,0.7952578492058563
7186b501183048fe,0.6077635490713003
8ad4491dad2e4bea,0.5828351841702157
2c25262efb274f9e,0.9718302841165426
eaa4047153594830,0.9016752089158412
ede7659d96d645bc,0.9167774820800361
d951df78dfdc4496,0.9548956631269007
26f496b42dba4235,0.8551844314257855
47c197ede1f94ca2,0.4074736786131752
fc7554d989e74e4e,0.9462253446020791
7d4348ce0fd443a0,0.9724445059152009
1a6b680778f647dc,0.9593583806152738
a30ed2d939b248df,0.9389212389919345
45d6717c03434db7,0.6846711207074941
ea45a172b622451a,0.2203900233127043
a2af17006fc94aae,0.8159853206078024
cead5dc795a149a6,0.8319501378990829
9fab0b53d4ef46d9,0.1949746557604691
9de9ea38be8841b0,0.9524041512849738
3e80ef2e33094a8b,0.962702708161948
c4e77861f5244468,0.5621510739817662
34444c24785546d2,0.6161428521161734
cc0f45c9e26f46e8,0.35168852084990704
4b88d8d05b014766,0.37499101628756715
3778c5efd6854d9f,0.25569511831006225
a791122e9d574936,0.7698817001847168
b3d2b0c783a4492c,0.8742399312773397
c96992e3e7dd4474,0.9338537403440542
407974410c7b483a,0.9342905560754492
4d97455c003446fe,0.8652047145314603
cc84705e277843a6,0.32928729215627955
efb8e71174ef4290,0.8443490303489952
eb8bce2d71d643d8,0.9495974566421517
585b7fda0f174aa4,0.9677875465139327
3570162838c24f38,0.8766144616235749
bd47ab2dee7d4a95,0.8643391877512294
ea55422cfb824194,0.925573215613735
ddcc993ec93148e7,0.6064489250824522
969c525f2fe14328,0.1353096199245625
a9594a669d684925,0.39932114343280184
8078ce54cf964000,0.3090657352387728
8daf685937de4d58,0.905773495997596
9e78605aeace4f01,0.6462318097330239
48a67132fa1341db,0.968102172392879
74cb6d9546574774,0.7951261958150573
0c2098707db644d1,0.9398678067320387
57838afa8d0e488b,0.6083572615457346
563b164011044eb2,0.6859050062374152
a43e2173643f4f92,0.3398780967290177
c8a967863af443cf,0.4225259368148439
4383387ed74e4891,0.9261283109851861
ad9b7099655a4f63,0.9679184561407321
a2beed94556140e7,0.9610189444199443
de5fb1bb0e6e4df5,0.10455955735121972
da7921c8d0b44bff,0.9388777748702232
09659fb5571d4f79,0.2852770589393268
5f0a6677cae34900,0.9089221397232969
7e9801ab48d3482a,0.12218254634945676
3e535d1b0a8b4ff0,0.497501594462963
1c75c7a8e5a14011,0.9179804960644816
3359386dfb9f4f3b,0.943224623910325
d2ba218a888b4019,0.5882991835441265
9a763a636e8a4c5f,0.27696809577148607
5680d7c35c8b4bbf,0.3806741285623611
259ca4796fce49ec,0.5845372932080365
fb8d4eb17bac4a23,0.9449883308935912
e62a1814d5464ef8,0.8988602938225704
fb6f06649c9644d2,0.70699584614457
dec3c4705d554899,0.9685177576116948
5e8862a5c6d74665,0.5602559771318176
c97dde19da68487e,0.9609409881319101
088deb26444f4196,0.9354059426637681
cfc5766dfae64aeb,0.195385775909282
d56b41687a1046bd,0.974882457322983
329ab5ea742a48fa,0.15169984061116784
ad1a4e2a61074694,0.7524636910814502
b1e369c985a3475f,0.7321347466213816
c3c7ed74da3f44ae,0.24430573630128877
f24b0a9c7fb84e0a,0.10548570189875257
ccb514fa11f249a6,0.9408486831298184
eb832a6b1a3945bb,0.8241568720201752
4a5d19180f024f61,0.2442954674727473
94b2c8939d3c4fb0,0.515442477751907
4b161402539648ea,0.9067209498319829
eef53b6b4b3545a2,0.9226713342913497
fa6c004d558c4a58,0.953267570582041
838d4cc876874cc0,0.24101690098936057
57b638fec731485d,0.9470620618003958
e6e413699fcf4497,0.874294675401512
696afed412c94fc3,0.9680331724941424
ab4d547b5dc94dc0,0.8170344128648576
658077f35a4140a1,0.7414839465361409
480f43b1af834720,0.5765547807310438
1758323b32914d3f,0.7156844483676907
4085ad3d0cbf4020,0.89210811655823
0176e597db6e4c21,0.9604659973813122
4da4e69cb25b4d43,0.731118109913821
4191d5fc62634ae7,0.7988422941042207
f1c99ee8ed754af5,0.8537189283470694
5476d13a3bc04b36,0.8183908854488029
a47479b056564170,0.5252724935204678
d57c863a391848a8,0.7144552646365727
3026b14d6aaa4852,0.912660731758344
173869f5f0e94424,0.6183274214361785
6d125da4d3b84894,0.9643510121805197
3ad8ef655a6c49f1,0.31002587735730835
2ba852c1b0884336,0.5847686127165201
54cd84c67c0e4177,0.9686582330505127
ce07b4334b694b84,0.9651341372123661
2bb1a9c5a44e4fc6,0.9463879861990708
5cc78e9219954355,0.5034033307745547
337a1e2ed8e64752,0.8881706205768748
1bb963ba68b342bb,0.7890564778055729
80c49ea883994a3b,0.2057417108860843
59f688ba7f95408a,0.9122176853909523
a721a9cefc324e46,0.7553686332602947
f4760d95465a40df,0.17101302134906649
fb3ed12890664009,0.5736467719533449
37e60a8ae3454847,0.33458185091895226
c6cce7aa093e41a7,0.6066818458917627
4391c1ab56f74d29,0.6216408031179503
c7cac12f53d04f67,0.8026762683189466
6a0eef8b75134afc,0.9228230752176655
8a126e22b1284e5e,0.6596017671944817
7a6c7c536625400d,0.9644656972656489
73c1dbfb41004d5f,0.9801122264567707
4e1a8676559e4c26,0.9685322488853332
9dbece63bf74434b,0.7212003830449011
44b6c461eb37454d,0.9493525497241592
6e392261dab84530,0.9731735557318024
8828e47647dc4faf,0.9829828420534615
0b9b25f4e6dc489d,0.9539675794637182
e84307ffb2454323,0.9254422654630279
d856cff17a5a4334,0.9557086076324812
b13f2a7b242c4ccb,0.8738127528749302
9b9210e908144f25,0.9758192421698799
9ed3f3c30c214c2b,0.933373404084192
8deb54eba6d94661,0.9415705404426704
97cd2a7376364203,0.7255576263625622
96b050a307ea43c0,0.9409693278661515
ada1a633858141fb,0.9445263308356022
36129c9415a74a4f,0.691443365368712
f463bde70364403d,0.9530131468181734
076aa8a2fa5e4aac,0.8599709677218401
0c4696fe235a4894,0.8351675746640335
1635a71b1f2448ab,0.597303872215804
10e6f0b4915c41d8,0.944458484649735
931c17e59708480f,0.8325831999349187
b600defab3a6473c,0.9752889480994309
b20ed907b0984912,0.9717395352725865
7deed2e9d3a2473a,0.9632083558940079
cef35e43457042cd,0.8423607711331133
da3beb4a5cd34ce1,0.8768991551690631
d048fdeafff54b1f,0.9307274249466927
fd6e4e05b98e4a13,0.5199066661452668
851c3ba5224e4a2e,0.9752524890371576
57a07684277a4be5,0.9819036476656154
87890b85fb7545ae,0.8784244500893665
35efac051e144b2b,0.9495518690832226
4c2da5f1f8054d7d,0.8531562562539527
e0e14c10334848fd,0.9442743961445914
e69909ed336b4132,0.5836570811207766
d20ec12e0d90481b,0.9135831237162739
0e8a0154346d41db,0.9488214730495163
2e3bcba31aaa4d4e,0.8822431358895445
01c5dfebdfc44e4d,0.9709345393841985
5793df22f6434a0c,0.9002756127207452
b05a3fb33a7c461b,0.9739830670227164
c0ec4a8250a0437c,0.9685986598626082
c99e83fca9ba4bb3,0.9138479556223905
8e6cbada928e496a,0.945279807842773
98caeba32a23418f,0.9722799042896956
deb7211de276430e,0.9505917232244183
b7af77ca58ac4beb,0.8397697516061658
40807f1492c446a6,0.9435253814442154
0827a2bf2dc94d57,0.872025187921663
62810db55da04581,0.8240362680139874
b4315ba552a64638,0.8340412734899219
d82a94fa881c4b30,0.8419471569819486
ba325d1962b84f07,0.9619409916069037
6b027b616c564556,0.9736273083142148
806a7f643fe94620,0.691295259412937
09cdfcf1877c4294,0.6894432959983283
5ee5eb13e1a14a0b,0.9600781967466485
365e88c481294a47,0.9488386881588374
5737a7a504784f9a,0.9157961747924608
e3c303bc2be6456c,0.8719587966669824
a3145b29ae6e442e,0.9454846443463263
4480054745dd4d57,0.9636376356660077
e4220691d283451c,0.8915935641360881
a12eea894479427c,0.3321547106547606
c97aa4432b764e24,0.9011697443883727
65d8951ae3364f95,0.9303992682764548
57c6f91764124c58,0.9445178117873873
d30812b9df4742a3,0.9430626661389134
2f56ff303b464924,0.9662484050433451
198c671611b24ed8,0.6820886269349578
73bb9d7485094f09,0.945937892054403
43d65e15b81a460e,0.9245814493183392
fc5a20ffaf2a4953,0.966812403815939
6502ed2b7ea646fa,0.6362062071062473
977d80214111402d,0.5735855576662301
1302af39f6eb42e8,0.9462321895211079
a0b31a5441dd4a6b,0.9092807503448125
9d85b8959c094f21,0.14488776368330367
f70b4453011e4dfa,0.9398234770341406
e805bc6e31db4eb0,0.936350643483917
895a900426c44650,0.9342255841466951
85173e32b7d9457d,0.8938256638279081
e316c275093e4dda,0.8724740059860041
ff8366e03d014e9d,0.9046580530813918
69f16988d46f4ff0,0.9353973019812185
c704255a5dcd420f,0.8849902557379256
3370f45330f7440f,0.4578586472868777
36cbb2d7b8a444b0,0.6721848070537587
cc34ba8ee0054ee7,0.8297060429248617
8ff49128a6f841c0,0.8941403493239967
b9544c9006f34061,0.7545341921638272
36243e6f71dd4e22,0.9586925396051419
206fe9ee04094fc8,0.9574193584896936
93b6cbd646164983,0.4121257471926012
e16e6257de204cc0,0.906849201292646
699b1e44f7af41ad,0.882557528468696
dd45225fa03f4695,0.9781894295241745
326a4c84886f4afe,0.9174568557570464
386c1dba0e91417a,0.9750967135680855
5c53ae612f0e4b8b,0.7102475947765315
f1c75e78d0d74a3e,0.5746379035202527
893a94785f19470d,0.951504346796588
487275d4b4ea4bc2,0.9771521406876941
ed58115d85644955,0.9162682879438035
1446e3ac0bd74af4,0.8915678638506452
883ec598f7154eb9,0.9308993080767606
fbdad187faa24713,0.9260044354143104
bb5c16f77bde46cd,0.8614845282981386
c858778338d24667,0.8856225780982422
34f02085b2b14d92,0.5887443220241793
24ecd2e17b0a4895,0.8905638809572727
9458c7f1cba643f5,0.8993730864418094
0455334d55dc43d3,0.800258811442319
8213e89691c147a7,0.9459890185377502
b0c1a4b0ca9b47df,0.8292930694490502
4ed293fa4959495c,0.9306826546046885
f678f4db80584656,0.9235331770275156
eb3f9af069084800,0.9450660155419817
9a2eef84de104c11,0.8171918821673804
736ae308fad64e84,0.9523747216785252
f7ea5824314d40b5,0.9588726328374492
cb856ca4be374fda,0.9213504209853393
c76788370401457f,0.8374661486950739
96d9a299771b48cf,0.846643483944174
3fa82b0b999f41d8,0.9598945077218204
a6ad5309c47a41e2,0.868542911988118
b8dee8cf37204a79,0.6430469678699502
42bf39669c4d4e27,0.8339205931646713
208d97a0e5964dc4,0.7043797175000479
6490efa51894415a,0.3720187367520502
3afe77d086214f0a,0.7703093199997945
7f95028a90ed4459,0.9422843373597257
9c11533de6164778,0.9380403242751459
1ed7faf1dc9743e3,0.796052539816162
ef1278a5786445b3,0.7381264220800741
26e5296216694b55,0.8715712504672009
f64a102720294ab0,0.9320879535726383
28e6b58870634271,0.9767542170083482
6ee4aa0ceee7496b,0.35643940115121026
3b51556756c14b7c,0.9114060954665938
8aefb53ab73a43b0,0.7593803024676145
40ae23eb079c469e,0.6779329142877323
9967d7de1be1464a,0.7084373804508656
0a8b560d5acc460e,0.9481549924322294
1ace26f2aaa24d20,0.9410472703358645
dc82f663bdc04fe8,0.42147435984429205
1d0f108b716c4b62,0.6925400487584796
36fcfad25c474b1b,0.8957733624156312
7a1e30d59a4542d9,0.913492027521326
bdaeaabdcca042b0,0.8322004084253304
641d9a5756064774,0.8629017530535631
504a94e91449497e,0.7229015565473146
42ce6cd120ca47fa,0.788695311483978
a475eb01b0bd4e10,0.9618016128916679
0129a68dab1447f5,0.7471924715420079
a67b0c453741433e,0.9174497244327171
ca448875902e47c3,0.8823168884368489
4d109aea7deb4443,0.9348820595585945
2aef3b26e9b7441d,0.9177763804285733
7ee540df2dae47d8,0.7788533604720348
f3e2ff82093847c9,0.8070796460383501
ad20faba653548c8,0.9065253536474053
96e8f886fbb4455f,0.7945834659369683
19bbbb0b6ffc4672,0.7504238678481141
a4234d662ae742e8,0.6265176705126537
f9a7ef7847a54637,0.7182893887786093
5cb9468071374014,0.8744752357156406
55492281a29048cb,0.8795420299093959
8f7f898bf87c4bd5,0.5856902347589171
c514adc756904115,0.9542845314450192
df0f148e37a84b64,0.9774751643366836
011a7f9b1cad416a,0.8048679198772482
2ab927317d6f4469,0.7473345092698694
281cb3be71ad4d0f,0.9458738840254398
a333b3531d334b4c,0.8180919058328462
448488b999a74c12,0.9290866218418254
161915249e3d4dbb,0.9118560839079011
e8a037b5a6eb47e5,0.4782373862546581
53b71e1423314c27,0.9555885868111248
df87eba7e6dd4161,0.8536086971200536
92f8cc3f54c54e8e,0.9253568433890711
26e412e92d35490e,0.9028208017496451
29d5adb62f074b02,0.9584507820113018
1e0b5ca90b314994,0.9215568897678501
e654bbac04744a9c,0.9296552690959948
2c59c4e153e84213,0.9548289724544612
34be4968b6f7480d,0.956372928592072
0cd7f41c21ce41a5,0.8355539558683489
4bb9884497d64deb,0.9785540098204287
82ff4c56d2f44163,0.8092601831531399
0014bd54ea894f83,0.9368623494017917
3a99b299306c4573,0.9577670284208771
e2e601c073114992,0.9354870807853964
6203ae0d9aa2417a,0.8310924480850819
8f673af7b9b04c36,0.9159431916507952
7950561e4bda4f81,0.9627356906331047
7d4d1ecaf6ba426e,0.9568370116620395
f349fbcef56746b7,0.8636413278505863
190bcc9f8a094d6f,0.9641014939289227
c24368edbcbe4a9c,0.936387783395094
71b4cc6b94654e2c,0.5553446821381554
ba6bc61a039d4e31,0.5943602762915736
5bb06821a0de40ee,0.9235165727960004
7728836cc5734e81,0.6511329851708199
30b102af05d64b2d,0.9554368339218238
0d9ced7209ec4072,0.9131354241725488
094424b51cd04db1,0.9193739672249035
3b6ff2561bed4ea3,0.6900964196596969
a04534b347994938,0.5978882095962126
0f74c9f3a2984148,0.9709901181944163
f8933209cf2544d3,0.9532674283182201
7bf4dddfeb0041e2,0.8645427977915996
91b74dca6bc747f4,0.9497264148312693
f86944dc50bd4aea,0.9654450190287858
3326405c1a8a4d5d,0.9512318346874037
af4f0df942b14c37,0.9709920864599092
24ffa18c362c4f51,0.8861744729522675
03845cd8d4784904,0.9732713900999229
fb9031875f2d4af3,0.8513963398123529
8e37b71ca3ea47c2,0.8465468565316921
824f517b41434df3,0.8741752536423618
3f685ce6b3694104,0.5757405817749555
58f7d058c5f84cbe,0.831766530646568
40c01fb07db74c21,0.7422385258812506
2fe3dc62a2464590,0.85870912932599
06475c6badbd448e,0.8744132542694292
4ea79524784e4060,0.9822638018490922
1f4601d2966c4862,0.9498469243649516
74a6c066e3ae4722,0.9540412368771196
3bb7a47644924cdd,0.9166517865957471
7d835050efd64226,0.4532729429164472
2a85280b017741ae,0.966242857840898
a7f8fef2f0614f2f,0.9499508124996887
c2b94c7448324d87,0.9597581111221
868709564f4540f7,0.7326192641553341
176d6688613e4521,0.9569211409450759
c87f1141e16246af,0.908153399224018
644849aa32cd4e94,0.939145968731854
f4ec3d2198d1404b,0.902202497034548
321075a98f6249d7,0.7967700929339698
03f3f614dc524d91,0.9807589137053767
7de0aa3e265540cc,0.9449233914883314
6afea9cafb4a4c42,0.8632239899861156
45b353e3e9a644f0,0.899439628685024
76350a037cd34ebb,0.9684816396853939
d0fbb43f791b4341,0.9042222910196692
b0d9159cb8c24f4d,0.9720501774642868
a0da97ca48824815,0.9196190474949842
6d193ea191d149b9,0.7488543773881309
1dccbfca4a26491a,0.9597014222936431
40ec896fabb24934,0.9642760235083813
fd5222e5ab82484d,0.9216561391021699
5817e0abc7784e82,0.3856132260274764
dce91e1302ae46fc,0.8347973691270769
671d2ef79c294f31,0.9042829820750962
7324552bb9344006,0.6244461549786865
38e9a985cc7b43d2,0.9510503572201281
047d68655d1f476e,0.8326015869369133
e01bac2069084d0b,0.8817262412538565
141f93c442d44495,0.9267656266290595
dbe5589c8ba2441e,0.8971083125346101
b3cb6e495caf4883,0.9687483820146343
2ec7d157d6c74ead,0.9184092236689297
b44901d23c6d4ee3,0.974125826107683
2acfc29768cc46c1,0.9658116272344736
5ab5bc051c074fa7,0.8715160765119384
f4354c5f26744336,0.9673052584487697
3f93c9f9b35e47d5,0.7806357839253704
312ddea5d9d34145,0.7365340473141279
b35ce07e6330496f,0.8227566013500069
ba544a6a7cc4442a,0.7982910927740999
b4953f66dcb54832,0.9400353606756771
fef483b229414d47,0.7986416895141512
fbb490d29d2e47fb,0.9346050640766117
3ab5e7f1d0f041e3,0.7905311718362538
dd49867de6064069,0.9364356962228261
2077ca177b97430b,0.8809661847180887
f9d49d8e2f124a7a,0.9601232851860547
308076dddf664562,0.8968842499930538
cad86840b6bb4d7d,0.9276759671740794
ac5886b95f104885,0.9391230530792103
5054a831515c48f4,0.9104374184273566
3ac3b43d2ae343b3,0.5732157751356558
9feba712f9f441dd,0.948497896886092
d6ef426d59384237,0.862042133115866
cc1c5db6f6024c4c,0.889430590345391
8fb27eb458f443a0,0.9129402622957212
035d8042a6b34117,0.9207481543641641
7f3a949a67434128,0.9569518585015522
b85b79f9611c4517,0.8997407596465212
95d72713b52e418b,0.8563743181071738
68899e739eb5494d,0.9081069676428878
fbb3d07dc40d4597,0.9574021148865385
3d3c388413ae4ede,0.970874381367654
7c523e30ceac4d6e,0.9138951591425845
a510c50e06364bd2,0.9272110799024671
95297166e6db42dc,0.9309123160055498
50e14b6525eb458f,0.7653400001577595
e9937cdfa148461c,0.09770755191595958
4f4b9fc44adb4c9e,0.9767646191754071
882d4d540ffd49cc,0.9716605364744514
07900e5de5c84de5,0.957003886289957
b72db3961dd14d7b,0.6850178906458754
b384a22c05974ece,0.9405273971811102
da927ed9e7e943d2,0.8806389328621383
e188647b66524ed8,0.5717195380312584
b1cf7f477f644b93,0.8465491271541236
d57d52ca4ecb4aed,0.9480903981080074
429d517f38ea4897,0.8401606976227147
5a3509c4db3e420a,0.8617122438388107
ce689add33ad48b0,0.9715969467111489
451d31fb598a46dd,0.6583383890001174
a787014736504e5e,0.9497512740937928
bf4572fce3214f3f,0.8995963282296374
a3cd15b811f34165,0.9682320248213772
7daee6f70f454dd8,0.9228608356899046
614877e699624e54,0.9359849847774281
c61b666db0e04e14,0.8931037320411709
93d7c4cf393b40bb,0.7140162454809506
b73567059f2449ac,0.9069162395944521
b7b55786bca5496e,0.48613617835774753
a3151a45dd6a44c2,0.9395566781188147
b33d9dad0d6c44a0,0.7864158442156732
330faa7b37ba48c5,0.9006905821273001
8a780303cff143aa,0.926510598742385
a0f7d8c1b5174779,0.7529318430501932
132368c8ad5f4694,0.9440254531910467
8654765ae7854e9e,0.9692188848886585
225002eb43b14644,0.9207549992154835
af3e1acbad1d4aff,0.9025785084965332
078957f719cd4347,0.9404807903171213
bbd9524e38e1478d,0.9275251208355937
b3c260dd9b8e434c,0.941855228085563
081d724bae9a4767,0.9281131635154335
eb9c95186f024e9e,0.8675435553265906
15d95db232ae4a40,0.8511311391958278
68f30cc5e72b4f89,0.49482322007198565
9d2a0c90d8ab424d,0.9568882916582275
b9d378390c044b53,0.941889429354856
51e5d3c495f4425e,0.7947750358910544
4f691e1402534ec5,0.9596870079302451
6907cbda9a714457,0.7872012272147993
db0d094ed1984502,0.9558286083392975
76f49f5c4b794d04,0.9641449084702198
911c48fa997c467b,0.9405324559992964
1245dba2056544df,0.895393147107978
8445c6eb7dc14aad,0.7719107774626435
e4e19115adde4b1d,0.6190007559885031
330a6f67fb504117,0.9643019813529177
e1a6bb9522fc4fe9,0.6191102741676646
3beee2c1563f4eb5,0.8235384781109718
1046739ec32b4679,0.8620631114311624
9ed0c74fcd774135,0.8661868804886708
31d57aa631874518,0.9532518180338634
02e6933f5aad40f4,0.8829784275370129
ab1e177d7948411a,0.4724744766684183
ce1178c5484e44d2,0.9541536779971349
59906bcb00db4421,0.9002839199636022
bfd06dc304544ee9,0.8255678605784612
a6b43cd7c7d34f15,0.9076210309080686
8942149ea8ec424d,0.8546644043142808
b2632e15957c4396,0.9718736677734221
58935adce0ae4df0,0.9739128935513408
bfde0a16337d448a,0.26112857093383074
f5852876853d468f,0.9654021552287051
e41975d675e14c9f,0.9029024545480226
ce43053ebcdb4081,0.8557184093811335
5dc3b68593034dae,0.9432825573167292
aae3b26541884363,0.8597532574085528
a90fb699640747e7,0.9178750787086354
255d865edb294fa3,0.6203257707656655
3958ac6d55064fbf,0.899199023110343
f7d55e57d5214186,0.8936128140930728
e63e1c0151754183,0.8017449218778675
e4f49dcb67e44b23,0.8858484310491317
4a329112c37c45e7,0.9733001414187454
b27ab0dabb3b48d7,0.9207383313180367
0e38d67c915a45da,0.953513456049984
634ee434cfc3468e,0.8339256121839643
673c7079493e429c,0.8705140795394026
5c61147a16284c6e,0.8410019980787857
d6a4a45f1af44570,0.9613690477825099
3791feb19bf142d5,0.9365775671237316
1d5e211859de4534,0.79030316505764
17de6f3536b9427f,0.899363525743374
7c31fb01e6e048e0,0.8846802632157473
f8e4a52042ab4142,0.736322644638721
ebaf1dd843e848ed,0.954350769626387
7dad5762574f4c0e,0.978607509291144
2ff39d5ed40d407b,0.9529178698480149
bff03addd99f4975,0.9074989491296042
b324fb50456341a5,0.9117062595833676
b6d54282c0444ff6,0.5571697990930916
b502fe1fe2464a94,0.9612254215557746
2c2ec6f2c5064cd4,0.5363709755641284
0aad4786efc14ead,0.951650983991749
d008cce570a84e34,0.5293241081505089
b248c4f014b44447,0.7775870273914757
5970f8e244834349,0.8739259254775503
105b2ee9f9b34883,0.9673056996635633
0349444d18d94f14,0.888878092087752
20f68fafc79c4468,0.8832246866001051
3677229982bc4f3e,0.9555555338046269
5335890229c3499d,0.49593831058654714
9c22b30bf0724d6f,0.7178864980672484
acaf45a55b084e52,0.9386316624138956
0a5413caa9ea411c,0.4475185132478884
22f6f7a1e6d346d5,0.9580652675224067
0e86a92793f1413b,0.9367951623240028
60da39f925954fe3,0.75361609406052
d82416c540fd4293,0.5618687386042749
17fb641dd29b495a,0.8605370560748298
19e57bb8ca104b72,0.8880594454866351
6d67592a94964972,0.7438124402211765
f2538ca8f5ed42b6,0.9071850049148776
689abb16b9ec4261,0.8994871340731608
51f7a97c27dc49b5,0.8163017643310253
6330c07a1b4d4943,0.9108114544369449
4395cf5ee6814a43,0.8926837708156168
4cc74dd00e2742bd,0.6514617546671745
52e98532e09a489b,0.8928634146781635
f32495d582664c64,0.9268590693049163
a3670132c3234a2b,0.9534349493087081
963ef4f312554ff2,0.817498235736755
2387a5a9b2794c4f,0.7166831739701173
eca5c2173e0d44d5,0.9752677548019482
92e33cb40b86432d,0.9712379329962608
6c3ca95aa60b4440,0.9467506915163292
3659408b26b34adc,0.8444456091340417
72e1e6ec3911401a,0.9018614325822331
8ca5702586fb4f54,0.9189672661752446
be09ad0472164bd7,0.9617239318438365
65c675b1af8540a6,0.9480898330602266
1be8ebe7b2d74376,0.9690975996282145
d1044dae8b4746a9,0.8599869937787099
92b928a665fc4102,0.9317648276857196
b43108a4ca4f469f,0.7910285970882643
933f2d6cd4504a68,0.9160365078895929
a62a5dd54ca9413f,0.8995862738171863
a9538e49dcfb44a9,0.7852667911083256
a9b4075b021b479e,0.5066553688088126
c4d14d74bb9241c5,0.9385168650703124
bd4da9eb9daa4f34,0.9659307226841484
1facec5a33264b95,0.9398503114818494
20563ddf582d4522,0.9257619599761456
51a13b8074bf4809,0.9830658805820327
94f32b52bb8640aa,0.6741749481273792
80140ddfeed04824,0.8320485065502243
69c590ad414e4485,0.865100192539161
aa621ae28a5744fc,0.8615185077006875
0af7ed9dd1b04fe5,0.9347274031670496
28f01835c74f4897,0.7772156082258673
a0c0b0b745824e08,0.9701667788688385
bbbe147363c34483,0.9452706949675864
7f75a24bd2bc4e7a,0.8528984281049043
31a1386f42c14779,0.7694347612090147
8c52ae0fecb64486,0.38680182038681715
14422089c1cc462d,0.9161867716444205
a7ef25f1ac844f49,0.8901882512350289
0ed2b903ee2646ea,0.8523925492287531
10428bd5997142d4,0.9309018303544042
7ff233f64ae94313,0.9559054235718546
c6f65bd180704705,0.8633196798376369
65cacf25f699406b,0.9529222494161584
d74bf036ccdb4931,0.9647602835708758
06c97c81f1dc4074,0.6837870805466602
45a8ce005de7495d,0.9355375175606117
fd1336dabeda4e48,0.9540990190162076
b9a2602d3726409d,0.9630986406441578
ef30fffcd7394d5e,0.8857995267015536
a0942d70d5e74b90,0.7407877318093029
4373d3bef4a4494d,0.8642873255101564
54f1329456e44d7e,0.9629681154674574
c1e7f9c6a61d4c51,0.859468430852712
8630914f47b84ac6,0.8986641229116779
f061a207f36a4ae4,0.949570261053849
b40b54519fcb49ae,0.803321265538492
68297a11321c4768,0.9646873416356688
3bb67c46da594ec3,0.9757849536341835
0db8fb14a91e40a9,0.818881247780604
58b8ce085fb44a31,0.9692729414049392
6aefc5b492194782,0.8845182697000582
4c8d9aa09a8f456f,0.9138952299597155
a734abb703f04bf4,0.5663409795631477
7e11a4a7ce3145b3,0.9398317220731673
56f83e37864c4306,0.9809078160983389
06e13ca2b4604867,0.8882690885330646
982bf33606784d90,0.6817583409115489
58f9d9478ce845c3,0.8901946511787111
d3f530f91856485b,0.9720742142059705
efc8e4434cd8434d,0.8766862991870182
b4b90ccfc3b642bf,0.7850985099929965
48c93dfb8eba4d33,0.9241640565524516
01f4746a817d4e90,0.9831070820335467
17819fdf04c5437f,0.6535852708276739
bf84073129cd4c88,0.49550246080313587
f5f9b1b441a44dd4,0.8545826300842965
fc38cbaf5e734e24,0.80988769316244
93295e97fdfd4ff4,0.8246863577146073
8e98af2a55384ef6,0.8650836839367647
05818ba7aefa42ac,0.9465752687749631
37f97b6f5acd4765,0.8288972196642811
da6a6b3631544ba2,0.8520687662327531
0e09833685494374,0.8859356256526896
f7980ef8b4ca4c39,0.7353057694046302
c409fc10c41e4ed3,0.8108267438679447
b80e6bbe002f4401,0.9213331808635787
bea1acb7a85c44a2,0.9163218879836433
dca8a68aa04a4bf6,0.9294191309965875
94dd78447ccf4167,0.9704081537230591
01ef5813f07f40bb,0.4198720283604533
d657d7e6b32d4673,0.9494813961881536
9c0c39a757d744e7,0.8698998570038813
da765aa63dad4610,0.32344201153545565
d43fc13971d641d5,0.8490768427336568
ac84ea30dfca4f93,0.9589636160409568
a1ec7618304747ac,0.9508833325925021
5aa173c56d6f418a,0.7148080469723648
bff17dbdd4704e97,0.8983564293618447
b027e67537484633,0.8268769052210145
6abec175a80e46c1,0.7248600674387783
f688124b89404e30,0.9361975936620439
fcf2d88e0d5f4736,0.9292776310915463
0910fbaac7ba4ea2,0.763514341182152
e34e7a53be054ffd,0.8633534278633834
6e3b18ac8c8c4be3,0.9823843081008752
001dc8d9da4f4433,0.8179761219723942
a093585651294578,0.9237505512780662
000ba5967ee740f5,0.842376635204867
1f62a8bddf044259,0.9005808418824497
cc533393b6774f38,0.9702727771662059
92efbb2fd7e14a32,0.9812370594905926
59e8f7a202ab4fe0,0.9505330706292113
40a49c1ebd9e4177,0.907562187673719
6a090709858b49bc,0.9560365067072348
81cd9cdc88cf4c72,0.916772978871346
4073c70496e34cfb,0.9132863097114193
f64634b4d2a749da,0.8395406274415466
60050784eeab4e49,0.9705149120363765
c8c3e577d8f344a6,0.3688631815678873
facbed128bb54d36,0.8660755499713763
c373747e6a93484f,0.9670548864637877
8725748031b74dce,0.6791172622376705
ff67fb8f6f434378,0.8796988065170169
2ab85e49ebf845cb,0.8828556772750953
ce17aad2a53f4176,0.9658324894521004
17f879a9a56b4a28,0.8962552277645938
9c659cbd0ab146fd,0.8828138436749318
566ce7bb84b542af,0.973493080726931
a448847fdbb44c9b,0.9018603580924919
c51f6ceb3c22430d,0.9145876506194679
0785240efce84289,0.9745892446819514
865cedaed3f5400a,0.8242048386149367
b1afb13717824295,0.864088420070945
2563acf775e5488d,0.8527037823425663
5609d230c9874333,0.9058208341282581
ead2ec9394bc4411,0.9428733944934689
fa2e4b6ff56a46ed,0.9392236051124503
6c1ca66509464f1b,0.8561777823624069
4b966e0b85074319,0.9727981688110934
3fc0ee64cb694392,0.23838538310508484
4d8f2b0424a64d64,0.9733395897517727
38669577be3b4cfd,0.5302395675071715
d998425efe4047a7,0.6204381023740998
4fd6c3a941f041aa,0.8501023223475523
a7576f666503470a,0.9856042738168486
81ae527adfe54b1f,0.9418239848485422
321eb8a331674a71,0.9520897220848913
cea39e1b47cb46f0,0.9100045435919932
56288ec780a34231,0.9032480180486663
7f2057d8e78c4953,0.9792531685537869
113b8f7b121b47f0,0.9819947838055079
ea84796ae2c74ddb,0.9083945335983243
b3f76ed9ebbb41df,0.766523890629053
c4664c1cef7d415f,0.8855809835875675
c59191fd09b14175,0.9220121387160647
67ec9af8e71e4522,0.9654283287530433
80b4257e36344614,0.9378948608974594
0f125bf315fa4c37,0.9638156277231135
61d43022dae44ae6,0.2562726424577479
a0676ed4e15f4a97,0.7660179234896844
d014d266502e4349,0.8224703804804173
16dfe1e765a240b0,0.8749746693474874
44ef8f445e174340,0.5537968591567075
60640da148d94a9f,0.9704081537230591
0d1cffa9dcba402c,0.8529769429703234
76b16bf96c8a442a,0.9015726429623946
55ba06d202284121,0.8414109165078193
0e53dd927a3b4577,0.9246236220320632
97927ec3a0254943,0.9392418789561007
d13e73eb50754fa4,0.8742705548591431
94689be5bc4247ac,0.9077644869713205
56df6a2430854a3f,0.960518187389723
edbfc360bc8c4876,0.9435481053506477
f6ab092871524326,0.9030912111194673
b67e28c9fb8e4b6d,0.949343466234975
ff9273932b424d2e,0.8428543664544701
d0ec4a40698d4cb4,0.8762309284199836
4507432e683e47aa,0.9264415282457392
81e69240b5c941a8,0.9686184651765105
cab9b2a0a7374997,0.9407415662672864
0a4c290091524ed1,0.9471751209562737
1e394b7d5bca4556,0.8792497669895564
7e1290f1517b4c67,0.46059333049975754
73d28ea859b144a1,0.7664943668635159
33c79a18738e4ad8,0.9252033689462291
8d7047a7ff8843ff,0.959531209215918
c7e9108ea528463a,0.9149758578914596
8f277d41a902421a,0.8158411655270995
f0a12b1c39f74e4c,0.951116113490128
8a26195b347942a7,0.9268590693049163
8499291ae42e44ac,0.4837928314500006
c5709872749748a7,0.9501456611949629
b186ab2e184d42b3,0.25115579450595615
df4629048a0a47c3,0.9112133567623372
9439539b860548be,0.7848981421071265
a00302d8cac440e1,0.9642406580497014
612a0b34eb2a4af2,0.9719503006492916
9b8c45101f3f4b51,0.9513101902883359
0bd52741fee44384,0.6631255654065912
6f318d3105cf4bf4,0.8568287574895802
f434a69d85c444f5,0.9673482593440915
5bfddf4e71ca4748,0.9625493781889665
88d0ec8619a74419,0.9538988143716861
6986e6e4cae949a5,0.924141544253214
10c1a2fd38fc42c3,0.982004373179023
9786f866e79d472f,0.8336561272902279
1337196161814a5c,0.9660615901457211
0410eccf0a4f4d63,0.9468803386786344
a90cb54127864e3e,0.8013456550227148
9cd3ba8a0eb8468e,0.9231171522446069
d7b8b296554647a7,0.8412350362871207
503776aa78b64595,0.9428768963177984
e28d633d07ef4e9a,0.7574958187062585
812311dbf62e47c9,0.9477173476577733
78f97b6c07b24d79,0.8872038429105086
ccbd5be92a8b47b9,0.7350695510707628
09951028b4174a52,0.6818005072104709
34197482fb334861,0.896240547309948
65986361e6524e6c,0.9005519484927476
5d248dad8d254245,0.9203404286439743
96ea3c4df2434c9f,0.7954142287475153
3c6981fc11874b9f,0.9287063333178227
f2e98a664adb4237,0.9566849318795589
7fec74f4754c4adc,0.9215799629329445
7590ebc337064ad7,0.835062208580849
9ad24261794a4b73,0.6532799887301423
382d5e8c585d47af,0.9395763801363967
2c8cd0d4335c4ed7,0.9649493250896898
0c0216b9450d4309,0.9484101314932805
c7d7eba88af543ff,0.8578001567595351
048f6b3c29434bc3,0.9721484468015708
174f4153efe14953,0.879608565356862
babb227916a74d0b,0.7776867307363163
1db4be365b314563,0.9512895633389069
fcf12d915f2b498e,0.9598967948340056
e4a23215fa9b4335,0.9030897684612861
8a64db46c6854f90,0.9556081582143977
afd8d18beba74579,0.404300133478506
ba04cc365fad43f3,0.918599103530119
26cc2f45d7e94861,0.6478203348903523
aa373c33fef140bc,0.9349755515376598
2fe16d71b09c4089,0.9791384744900922
c8bb15727c274062,0.9157474967077273
9c5df8d7d6a24b68,0.9172103044549518
50f02dc0888f49f3,0.36260066721494744
96e2d303af084b17,0.873423414689377
e83bc84931c9408e,0.8726736209050207
259616bce00344b8,0.8985883003196747
07074ad7e4024cf1,0.9768259065679642
f777c8dbaa13485d,0.9433949663453745
708b8caff37144c4,0.9658239301639188
f8fc0be7ed4240dc,0.9370807649956727
f82638adc7bc4a4f,0.8741394792450891
9ff60dfaebc246d8,0.8921743130837365
3f458437c3ba4e2d,0.9685025183102334
b4bf668a35634911,0.4356621451949559
3c8c7856e31b48c2,0.8968597919359697
9a108875ddcc4b05,0.8067949114158031
f9455fe2b98b4244,0.9009847896688605
c429d04ccbbe4baa,0.9762226563851947
f4cd80f3959441d0,0.9023637567270888
38d3593885ae43d9,0.7692075962113866
d00d85c94dcf4208,0.9453175483780757
d717b8f4bcde40bc,0.9663015965535713
3f4b6609ae9b464f,0.9598158219340679
c356f1d85aac4a79,0.9131217704328078
ac5fc1adb9ba4a96,0.6873119569314514
edea83025c3345b0,0.938594687570447
9f71ef6ac034433d,0.9104808613105011
469d8291b2754cd6,0.6611014886238714
84c7c39428d64997,0.9596870079302451
ec97b5a0cd9e4085,0.8888967995684488
79ebe28eb8c14540,0.9569485487081484
1427e19f727b4d33,0.9417880897938544
9dd64b951cfe4c63,0.9682644534863232
d30047bd84934421,0.8937535172652671
89b3488f4d2a4f94,0.924102633076633
9dd0ecfa9b694877,0.9508293045135225
e83f2995e98443bf,0.8247532958499134
9b8bd006151a4083,0.9266171456915887
f9cca0b838f5487c,0.8063608084314077
1b73961830ae4e75,0.9471010519094821
a489d00be5524fe7,0.8988702969089797
f480098c8b204b5c,0.9144521066346364
ca4c31098652461d,0.8881423404115127
488df74c94804588,0.9609409100258742
ac51904230bc4435,0.7047836367159559
42141931d53b46c4,0.9696437303525292
67e85d06b93d4620,0.9352400150694266
02f9b9e39be249b1,0.6857501988743329
bf342624d8fd4b8d,0.9095114743614695
f714d1f08ad54f90,0.7554217686274298
938b4e2ae2694b24,0.912235698011773
5978c8dc290c4cab,0.9368940360447233
9e4751c6f7ee4056,0.9379346625683681
d5b06cad6b4d4fd3,0.8298507229932748
6e4db596c33941a4,0.8708175756510228
66fa4b0a2b7f47fb,0.9507988077744737
3a049f4e015549f5,0.881444004867261
c9f00f382afb4a5f,0.7913668138616101
2056e71de72e4748,0.7318396966374366
fc1bf1335aa74429,0.7315398581229492
94ae1ffcc8ee4e31,0.842306152693074
3844128563d142d7,0.8041472575116398
518bc26860bf4828,0.9218298910825032
828cdf77d1a445ad,0.9414418321069945
5224d0d980954ab6,0.9198562546565503
329fac841e314e43,0.24187118467096858
008716d72cbc4fdf,0.8551136407794966
4b550a3cf5524490,0.2565623715111927
5d2d616823274f76,0.8261197611915839
345f49fefe31495b,0.7408565629583777
b391cb6bc83240ee,0.660048270074822
b381d9a543a04f86,0.9691596277009019
b0fa34483f62429e,0.9576994565076565
99414fdf9e264ed8,0.6880711428236802
f6f79be62b6b4a9a,0.8723898812524363
a751f0c23d374752,0.9790404045566662
587874f53d394a56,0.5983044748403348
692e69cfca474185,0.6820886269349578
91d0cca7c7c94c85,0.9243475250397928
b200f19f19c34e8f,0.6800783909134691
e56bd71a84054b04,0.8593319264738281
00c1750dcaa548eb,0.9406661186165098
1f619ce309384a73,0.766034730523899
d33ff56a5db84cc6,0.9275735402219046
a1a430fc76344367,0.8964843240873609
b616d53bf8cc4fd7,0.9579154220456763
06e7d44ddccc44d8,0.724183037837723
96578e0fee6142b4,0.970271069564957
c7ff8842a18c4e98,0.9282396344193511
868ab176d1a64d3f,0.38209861201327605
fc20f8e283ec479c,0.8328236671642044
c854874789c64e0c,0.9448721026486215
fd5c869f558741ff,0.3370019767240505
bebc0486c59e4aa5,0.7005959850562359
b2c09beec5d74da2,0.8856396783609886
b6d1512add8f452c,0.691292094867266
b3b4371634f84fbf,0.826549024319163
b3986c430179445c,0.9729772567530901
e190d400e7614ee3,0.8106686262672147
ecf9663957ab416f,0.9358776892780397
fe6e92474e994751,0.9475817300864819
fbd278587dfd45ac,0.9029861500102437
5c9758aeed8f4b04,0.9559235521579421
adfbb94bb2884d5a,0.9779818917898883
c94447c90978439b,0.8938975064697106
47574fce20a34d50,0.9839398144073908
4e337bf5bd2f42ff,0.8935563395801058
ee980a3ccba84b3b,0.8846368479254019
9e2ac1d4d2bd48c1,0.8066965525468677
066fdb15376b4cf6,0.9635287651544944
240f2006aaf54c60,0.9527255531619053
ba3037f70f984cf2,0.936483919644988
0fc26bd0bb8946d9,0.9498873013990428
4a18e761a549430e,0.9143698266519054
fa600176c1a8462a,0.9050007530443385
d78447ccb8444620,0.974125826107683
15ab778ae7b9451f,0.9382521133910503
6bedc676b7bb45c9,0.7349448535546399
6997ee368a474681,0.9519886730893153
dee71eb335314ee5,0.8781254890230974
20d43777409f45c1,0.9176017450896218
4f19e9216ab744ab,0.951063033184686
997e4d55a995456e,0.9564240994724404
e91dbc45d9274e95,0.8764073338113156
5a1a957b81e6467a,0.6941912611500818
5986b875f5724c7d,0.8670688630712209
4a678011e3394aed,0.9000397376297019
25df83f5db774e19,0.8352983943251133
cf67a1f26d964661,0.89820772344259
dd0b4bd14e6a49ab,0.9505579974833489
0d004ef9e9684e27,0.8831565344302085
859311c0da6e45f9,0.9189817694134053
674843dae9724299,0.9389959714534049
3c36ee45826f496b,0.9301203128552766
02481c0a68134f7e,0.9205594949723402
90b1908967cc4ef2,0.9120610540806187
2703121c264f43a7,0.8446416262186849
41bf33a024884ceb,0.9561002204670096
533c4ca476d94104,0.9181294575451531
ed166a2987454453,0.8480821851506495
8ce92b3f1eed4c5d,0.7956468570946181
4f513a7e5e0f46da,0.8807028935511306
47c28577990f42d0,0.8608715630816427
f9125dcfce9e4b87,0.9683184636529553
e3d1b3e035f74fea,0.9423090313016651
6e24481c70f34045,0.9466340316467058
1ce304ae720e4993,0.9727561755723811
286a7bef0f8d48bf,0.9827777506704436
2c55d00578834a4a,0.6965195614822641
ed34ba9b55eb4136,0.9499740683725661
459ea22ea28941ec,0.958524245875315
510d5cf460f54022,0.8556239194232499
3ff0316d031849a0,0.7222373173116297
b0f4ba08347b49b3,0.9495193702782979
abcd174885de42bd,0.9683128804554443
c5d611da18a84ee2,0.6120360417886063
64353e838c814cac,0.9454998185728495
c5a0c8c1c55242ab,0.7735895473052733
9f258d7160904ba3,0.9419991167507873
d30160a2888b465d,0.9807447663687382
42cb438de68648e3,0.8400109967403913
dfd62b77fc5c451f,0.9498295744195241
e21cbe9bb99742e4,0.8088458179571189
51a8c2e602ec4460,0.9609349482355938
07449b61ecd8484b,0.8825756802653544
aeab7220645a4253,0.9331697911708059
d44fab65189e456a,0.8339765964646623
38a95742e15b4c51,0.961365574450666
95873066c1574291,0.9571185382323829
2a2ecbb48ea741bf,0.9585988828683869
5.08E+15,0.8356291282110602
02708c4433f54b5f,0.8849780198221376
5c53777bbffd4b12,0.944817203217556
c6d0aff10a4f4b76,0.9488911047572427
2fa52aaed1fb467a,0.9327585770142436
32b70df53f4a4b8f,0.950064812938562
6db37e5e215d4651,0.434410198018758
a2be6ee505524a95,0.9547987983352889
00675eb54d89469d,0.7094780962887024
d3df4fe9997e4cf0,0.9464203719271564
85f9491f86bc4c3a,0.9797735114816284
f6b67c370f974381,0.9159330189993363
2e38d318155b4d7c,0.9346803660346629
3d8bbf46760947f4,0.9325496394519567
00d47f0c5bd64e18,0.8881237856643814
4af5b88d35d546a4,0.9319207979112226
cf5c0565fda74efc,0.7811681417951539
6bfcd8ea2e444c69,0.9740231508589999
e44377a0ff094830,0.97551358542815
71db0b26685e439d,0.7289285779312995
fad5af9fae8149e7,0.934937694190445
c74c18a9ab6c4acc,0.5800547420842942
9c82c74820914eff,0.840139316381518
0abde4e6a4bf4d9a,0.903669421232053
e0558851d9dd4c9e,0.902720621501782
4378b7bd35454983,0.9107700052845716
cdc59ff825674f70,0.33510153464468617
ee1908f9e1254fec,0.6668653415495162
26541fc3f6b64fc5,0.9561892715276129
72c8a73059cd4ace,0.9154777620925719
eb3480d51e0b47a3,0.9635343859109471
c796526960154c8a,0.8745701111591008
8cd9efb6ba0f479d,0.7429256448851624
43070e123d9a4ef0,0.9079954428218872
6c1b09322b4d4bf8,0.7576727044560329
c8e5f9d6bc9746bf,0.9693268445702832
32dbc66ab47d45a5,0.9133656885747409
5cbabf06ce3f4c9a,0.685551934571333
0883a78ef5a04c79,0.8819898308199963
fc03662bda6e4374,0.8897216428463751
0a2fc8eea9f64250,0.7930275718277968
5b6babb70e874a06,0.9813063312222282
ca93972f076e44d8,0.9531178748120465
d27238baf2ff4d7d,0.9664914233214621
720c0280854d41db,0.9449829263952574
9b9870d556d34c52,0.7621882918500972
a809034c4f8c4cc5,0.9386335898817356
a6e21006c83b4eea,0.7355354528920806
28dd40d2345e47b5,0.9306467658259692
afe626e60dea4dd0,0.9651945023660495
b75721081da547f1,0.8906005456504863
05566f64555b4f00,0.7047068733188842
e861797676b2486c,0.6994992756047378
f59be1d3b1ff4ffb,0.9185016634108363
829ed9e12d064ddc,0.9126488004071547
7ef8701deabc4b0b,0.7049563619775108
e363a1b9235849a1,0.9569077485422258
29a38f63d182444b,0.897852218464926
b53ca64fb7e6412f,0.9075012665958805
a6ee3fef8a4c4046,0.9032197889531292
59d7a67d6bcb4158,0.8975080623856644
98c5c94331d74be5,0.9278761166960883
e9921097807f4d18,0.5379374360284493
0d4cc850907d4a74,0.9442735470438456
9374a76dc7bb4c51,0.9312529798490672
bc8dd475a2e544f8,0.8868127693176446
4ac7946b40364598,0.5446799610888158
58ce69dd19254706,0.9431083782851691
b51fb0119e654dc4,0.8708175756510228
56063ee6fab54dab,0.9773670417813782
37fd5faef081487a,0.8775883917296196
047d3cfb99b04a7c,0.8749644254536826
1a60d1f403b046b9,0.9398131322260299
776a45650b9f4f4a,0.7828715109075838
205dbd7d67e344fc,0.7895693753441562
32f2c8a4069e42da,0.8813379191965697
3207e7884d9540c3,0.938629854302398
d03c1c4bbb724b0d,0.9422497545949073
69eafafad5cb47ba,0.9490292458488382
6cccb7142ac04542,0.7836454889409702
9b1441d5ff144836,0.16478838251946404
75b17b01e6764f20,0.8175246839585522
14aef57c68d44d6e,0.8656695818468468
681a417cd42642af,0.5574002913256773
d1b37b28a8954837,0.9600285903371546
00680aecbd1e4b7d,0.646377146320064
34c474bbea6a44c0,0.9727318994417684
f12d3c46a64349e1,0.9655799350695177
073f388858a14976,0.6867510470802499
2705f0a2ebb44428,0.9612648872648558
1f7ad93c7f744bef,0.7055675601558212
0e49cb0171c6413b,0.9327415255397801
9f2dba0947b34e8d,0.8936860526295274
e73e77bf3e2d4b77,0.9658865888912134
39acff360a40425d,0.9409338210338333
a2149a323c4140eb,0.8225878078206564
3e7978f0b051441a,0.9389392763585931
c8e4a981647b4459,0.981506975142104
af4e8c369dae4825,0.7936483180997844
90e63b5fd84844b5,0.8141789264393631
c7ff6ac9d19f4dbe,0.9471292127023387
f8fbc38eab234b4f,0.6022357579524731
2eb064ea67f84551,0.939288697395809
c9da8b29ec5c4b45,0.8137121937260956
5e969ab93b63459c,0.915848199992001
331a0b993eb64f11,0.9838883750942541
d78a6c09a5b844e9,0.7574958187062585
56f541e4444247f1,0.9761415627307415
692ed31b1aa94fa0,0.5241669247075086
d72f04ebaa30459e,0.687950960983993
8400edeaa2824972,0.9135519694088283
d5f33148f61f465a,0.9485193131290095
d70953dc29c144fe,0.9854202862408953
9cc425b73a284287,0.9585822803307039
1d673b95a33240c1,0.8218949953224689
2ac4aaabfdca4f2c,0.9569563187764203
39f0e864163941b4,0.9081259288646872
8c8aba8acc0443fc,0.9569451339749028
b779a83153794d94,0.7186042122714008
62d12628673b455d,0.6638396193655017
889ae51c71ae400b,0.8322818656587191
3a5f260cc8fb4e7a,0.9579950677222239
24dd0a96ace54dd4,0.9546994224907738
69a5cddbad4b4301,0.634986909443045
d34113c8f42c4dee,0.9515754932545052
9880c78e00b24ed9,0.8913533914306722
bd8510831eef40fb,0.9798258015134081
f2849201c4fa4610,0.8907303535346778
97ddae31765a45fd,0.9510591320749409
14e774f3a6f44a82,0.7539594476813747
d195476c5d0746dd,0.9345481753365112
f8c78d4b83f3445c,0.9556912085062151
c8d2686ca7f44d88,0.8746453280115528
ef731c3a52124683,0.9301465080347595
c3e8fba401b5414b,0.9420443251628277
eaada7e9ba4c4bdb,0.9608207695016426
7af814e6f2aa4c1d,0.7279698007372499
d2e1619a066b4f6a,0.5356869612936269
3d5e9a56656244bd,0.9337406171304675
d820d9f1e343420c,0.932846633642391
a60b619e789e4cd0,0.859776968344309
c40a89d3e4d04e39,0.7879880657946474
765a184f4a044642,0.9707099993527107
3dfe0f4bbc9f478a,0.9689828562862142
4ec30870dd6b4de8,0.9614752236306623
aeb6070ec3e64c0b,0.8241345715223493
0b1139fc7ce641c3,0.8959276791318936
6dec5bd8286e47a3,0.9207162016199033
a9715eb33ca448fc,0.937244503863216
bce403f3469b4bc6,0.9543801878462623
66569db799034778,0.9320467161241494
805a7b9510384e62,0.9209425693226015
83aa2b56d44648f6,0.7722742872887924
2f5db55f4d0c4a74,0.9758973443948452
f53838f893ef4d63,0.8668758607140276
be435002d14345aa,0.9740141460622598
356f04a41b5f47a2,0.8965982197387632
2ea282b5223144cf,0.8716742579783621
2e682079a68248b3,0.927619350077063
fd14969b45424584,0.8416288746936493
176b7a53d6ba4030,0.770675932647647
a796ea61627f40ef,0.8329250484275382
5174fb256ad94ff5,0.8315685122685204
4341292ecdf34370,0.9496623040210435
439ce5b28efc4db7,0.8961687050525986
d21d2f56f06f420c,0.8790145397823292
ff1ecf5f5d504754,0.9618511076020126
87c08cfbd06f4c28,0.9588798824365091
fe3b48bac3524a6c,0.8749563016344412
009990e6bb7f479c,0.9268889347555962
4c9391df3ce94fd3,0.78495658274987
29fb582686ca45fa,0.9217223673042171
1e182d6d6a354622,0.5501815640939446
59ad9ccd98c24b7a,0.9300829841039087
5bdeb1436fdf47ee,0.8305195189466567
7947ad57baa94d50,0.6231176766681441
59cc15dd3b3540cc,0.6543761864342579
342767b7fec94376,0.9816737468028011
0f6a1a8f801047bb,0.4966172386554107
5318da5fe4f64b07,0.6964447036110119
b32bfe4f1d4f4a66,0.8928221240330781
f1f9616b9e544682,0.9253187692814661
5ca5b69b788a4c15,0.9076597114032418
94b37dac4c2947ee,0.9660941098620658
7e1c563b219b453c,0.9184644957016568
fdf6686cb6c74fa0,0.8981430701926637
75be0c579fbd4d32,0.9753290962333763
b07e452233174327,0.9266246549661851
2cbfe9543c51406b,0.9818035434743414
da8b4fbd0e3c462a,0.9637774391342521
495ec9a5fb15474f,0.6129484267658849
6eb6530474df4533,0.967941843487665
fce63179e65d48dc,0.7019301493425749
ba366890ccc1440f,0.9493084102164121
d5a5f2545d624daa,0.9414130202232452
960e831cd5674587,0.6471373620954317
611573a6b42644e6,0.9484218792965208
d3f059f5b0e44c4d,0.9111858989778647
76030f592bce4a99,0.8879699858719872
96b31028cee44a86,0.8017988427423441
0f82ee805b70460c,0.9574193584896936
5d9b052e09384046,0.9712366848218986
2490e4d85fe44411,0.9464197055238724
f2ece816b7d24c6b,0.7981502194322303
bbe69a21e2dc4a3e,0.9309249154394061
d8ba376e5a774a1d,0.8786923514382141
caf880bddb7641f4,0.9151695152417245
6a798d381fa64058,0.9647374281448856
b2436cebd56c431d,0.831616300111992
35fe8ce62f8f41ec,0.9304770836262714
0a64b25961f2459b,0.7240476939244728
da13479128854b9c,0.8433585122163979
6dc3e6a25a6b4b79,0.8937371102890533
c6ad7884b00e47b7,0.8893620791582522
0ff47d0ebd2a4635,0.6648141019015937
01eecac5118f4400,0.7228504101539599
7dda601970794997,0.909720729416425
d2d8b991e57240c3,0.9336234348135578
62404bef58964bbf,0.9029402015827523
0c8b49cdde784385,0.9513443937058851
fa78f3793a824c12,0.9380763976021614
436eb2958c54407d,0.8419438875834184
d81c8a63376e499b,0.8832600643651098
fd4ca21010654995,0.9265788348828775
45310dc76b23444b,0.9149356169950804
6366075046ea46ef,0.6434117556976726
0c9aa3a1c53f48f2,0.9663430747251163
3632a368b032443f,0.8832088889440393
3ac27551b447441d,0.7797355589763937
0cbe0c5382814794,0.9688117350674387
c5ad5393bd3848ff,0.8831981589489634
9a96dee6873e49b2,0.9214609402919945
d5c6daaa40c946cd,0.669336192632855
41f3643aae4b4160,0.9013295192236911
1e3d968eb3ee443e,0.8274844395254303
92f5984d72be4e46,0.9388661233038406
7be207c2d7bc4bff,0.8809249877526184
ee0214f42d694f79,0.7641347021499969
ee6f6e6ba0f74cb1,0.9549472351769588
cd38278924d8468a,0.9364490307490944
d2e791745d994b06,0.9553020827745936
f33e4e58275743d8,0.9635129676565108
bf5404ae6fd84b93,0.6689597416616929
5507095e54564586,0.9373827428641606
c48ea2167a8d46d2,0.6659114986992056
258a615c111448e4,0.9236738296414587
023f368796b543a7,0.8026458225016682
b080dce694b84855,0.6146024705311711
29fe55e0f988428f,0.6550743109223759
b82de012696f4eed,0.9677519012780734
a46dadf36bf0403a,0.9662192567879884
983d2b7e95e24eb4,0.6802336161342024
a13cfd277b5247e1,0.8909120315907654
307e68a534474a19,0.6356152520384917
615afc14a43c47fe,0.27148408796493695
d052d22d00464918,0.8378467269860943
c79cab7fc2364933,0.3788124186648949
f8f8604599ca4118,0.9415532596310462
7fa9896c0c4e4df3,0.8753658630100111
60809847b0524be9,0.949763953263127
9916e4af090b402b,0.9111525645438887
6f1fc66a47e84cfd,0.899535478577018
152e8bbf87044e03,0.9426882218234254
54659c521c294384,0.9788832403187222
3842d76437b840a4,0.9812532631163946
49a5107e2e4b4d70,0.8965332135894373
79e64eb77a65487d,0.7509739838495868
7aca60e29d6542e8,0.802019551041822
cceedfff725a466e,0.5176027453698079
6ee18967b43f445c,0.9493207606723266
3721328c43004518,0.6828044253571368
66f0c1b9198a4f7f,0.880711281030519
4f3c90cf53ff4d56,0.8774651718657832
a1e1c750b11141dd,0.9815589886010776
280cdaeda35c4cdd,0.8984236027169296
7721c9b3b1394398,0.9251356308406469
db9916a5e150488d,0.9651390328490866
0fc1483806ea4271,0.8759071770303568
17d01920ae7b4b07,0.3887166176777314
1b36f4a8601b41b7,0.9612209763999597
b084e728f30842dd,0.897765523233988
eb95cd5759f2409a,0.8291829405371446
4e4b253c072d4c26,0.9789316116411062
0c7ad4b9052449b8,0.8466619105143965
b0268cb45ae7479f,0.9172100201019813
b6fec34a1e73428d,0.928766583148008
862fdd7a60e64a8f,0.9692722589383297
14cf8196a84d4e48,0.9829381866194133
131145c82e2a46d7,0.8240910251064442
aaac61632f0a4cdd,0.7756835155681758
2f64ce1d82ca4d50,0.9018146966741789
c620968157104666,0.6059267588275741
98e9a34d74f04393,0.9440461889189524
e87ddde7faca4c30,0.9678785147185724
a0c11c270d7a445c,0.9496952609008517
548c1856323342d3,0.6839682755681343
c9a5b06f9f924e59,0.9278181394889932
6e3b5d044d1140f3,0.9331913097071022
bcb167260eaa4826,0.9469244391603121
8411f9c2f7c049a1,0.9515808507722454
13e07114a5e948d0,0.5453843341256421
c2ead70cfa234e0a,0.9586141168540486
7cc3021708e04d7f,0.8395252815644519
748a5062893a487a,0.9526759552459861
442f57dee7ba4a51,0.817055762592928
e31e77f764ae41b5,0.6305141174357007
d566774ffbbc421e,0.9262686386882782
0c3184f6973d40b4,0.8352378322780026
eca7dd78fdc44e4c,0.9276394530256413
e6b1d4f46c554896,0.848258805508062
5525dec470ee44af,0.9172343806579373
bb9e8382e25d4f7b,0.9097720183462947
5640071b727e48f1,0.9713009401412971
fbd24f8b92d947a6,0.7756688508528852
82b0829c54944418,0.8323042255321013
7d6a260998d6418f,0.9708766177839674
571b0fb01a7945fa,0.949885239275258
2dad53950de14530,0.8071873937679844
efb946af5dee4aee,0.9130155235684002
89c1c14b3d8d430c,0.41552289391086744
3badc0cccc8f4b31,0.8738100588305422
29b9aa3931314b9f,0.838438204123106
ebf9d97478fc46c8,0.9146584524499508
2ffebe1b77f942d1,0.9723949783012852
0d2640a463084d00,0.9491102395211587
fc613477929c4b83,0.8828684508585269
ad371e25fa924d6e,0.8723815772252141
f6ca0795b8a34ddc,0.9259216216199962
7bb1959382dd4a8c,0.9419056671602175
86c07e48956e481a,0.9421653386198747
2f715c0523754468,0.9027656236559022
a5da4bf7f90443e3,0.7976064264479565
ca656eed01a44b54,0.9813064515166983
f1878857eb0148b3,0.9580999367249559
6cf0790fbc2c4035,0.84336438492142
4ad3c739e70c4693,0.7338475074732532
98c982d0993e4c09,0.9327213221557472
6c75c4ce5bfb4238,0.7305749439419632
9e489e6d34d144ad,0.9332274189714125
531fc2514e2a481e,0.953830654305607
6c84551ae4384808,0.6402774478561074
0816faa765ad441f,0.8645725572196435
b6d81503a86b4a10,0.9630462400987699
08c41ced49d442e4,0.8117543846890124
b00857ee8bc84d50,0.9145336889826223
a58d2bf89ed741b3,0.6668734519190784
ed374cb7cc514f67,0.9391914903554857
1a644873cf0e4514,0.8810912864782194
0c3ee4c5813e4a26,0.5516457048737198
b83104c402d94716,0.9193952510268343
e935ed8584b449f5,0.9299664341800514
3b8f632eafe7419b,0.8874644373269915
d2e21c93fe9a42e2,0.9015688261978736
c3474f96ad5f4ec1,0.8521338991066253
8c6ec805e24342eb,0.9338431442844009
e133081fa168471f,0.9631263277015588
3e7775623c244a86,0.9556553042013687
b0c9ac700bb64283,0.9266427658785127
d3ad022f70a64ca9,0.9256631352001973
9469eaf932be4d56,0.8814317924273707
94bfbe9c9f5f47f8,0.963267741617543
a70472051560470d,0.9571582486031435
b2d504343f254e26,0.8822468074635735
63d965279eeb494b,0.9576863948999631
de2ac552e9294b14,0.9559552446917209
4aacb541361c438e,0.9316972155341675
4c726b80690f4f46,0.5996999908261991
ae66de79394e45a7,0.8414247642559969
fdf5312da9ed4bbc,0.9667558084477933
cca6ae73b0d04965,0.9188601443762678
ebc10d19894541c9,0.9194986514085811
ce90763c141546a2,0.8949257235467916
c1397616be5d4bb9,0.8622359750804235
789dba0635d04101,0.8317028385758855
3d93f744c9c346af,0.47520331569188756
19a20b833cae4e40,0.9529592945172147
81fdc6b6e63742c0,0.7257252182830093
631ebc50a29d4dcd,0.859944210681191
99fef0e4ff794c8c,0.9586697265588027
d83b098ec73241df,0.7359488301091208
bbabc6428d2f4e0e,0.963699850069535
aef186649e394353,0.32420676395340214
6d209d9956c243fc,0.9490599473745599
85522fbc25324784,0.8418849715600646
66393f1c12f84c49,0.9378808683404839
0663badab6474e75,0.8454137613276363
140792167f67410b,0.9645311748435785
b2119276206b4624,0.8988863170419805
a2d571f0497c4fa9,0.30017144874515844
4b0c164930b6456d,0.8900762360822358
7ca446a193234d78,0.9426372524380655
b4fd28b93b994eb9,0.6004618323424562
6e83a956332f4b4a,0.908839113750847
35ab7cdab0d24b06,0.5107642390427927
776fb75d6ea04f63,0.9219498835669189
ebaf36d8332448a6,0.931843561652005
ef7fc1afca054b61,0.8518992888933605
ad0da0c9227a4718,0.8437359109008409
08164f3f32444c76,0.9011163329707943
8a84d21d11724e82,0.9666313046127687
9873a0bf0218476e,0.17636693706722517
ebe4d1d2a1ab4355,0.8091891636425954
43838a9e602a4809,0.5687443917978963
7d37fdd402a64d3a,0.9159008176867179
67b1d0476cb04daa,0.9005897883029594
68fa6915ab954cbb,0.9285624200826574
89f910bbd17f4db7,0.9309632685979324
0d899955282140e6,0.9707299248268834
f792e2a0196a4c96,0.931913388059049
8afbd2a0d00949e2,0.9687726534472847
09123e40fc5d4ffa,0.9777021412308067
a664536bd06040d5,0.9734270902638754
22daf76f8efd443c,0.9279916151087984
326e57c8063d493b,0.9559449181729651
c779f365b1124257,0.9551654241197413
f0fda418c7774d8a,0.8783479863437959
ed2fb0ba12d34708,0.9556886455524447
64a274c0e2ab4e39,0.8046678127371466
d5f0eba8d1fb4239,0.8881657882594572
9fe2614340b64978,0.4640385527842102
f677a89d77934c05,0.9082385745073457
751202cd6a7d4c92,0.9179867544897085
90fe6dbbb38d4a07,0.9181775574133604
9cf59dd47b92435b,0.9875557517471837
84f4bcf7b9cc4576,0.9609767952731303
88e8ad48fe644e69,0.9496538729203075
ec2672b806cf433f,0.6418963314737436
8b25eae62b3b4c9b,0.9225538537036562
c2a22721f40d42e2,0.9649434681161972
edb557b327024fff,0.9426738800888097
a4263527049f438a,0.9127487050291611
f5cb95721be94eba,0.9780650207926184
dc4d58f06eeb41de,0.3605955202056486
2757ea5b71344123,0.7797877278623603
b05594a51f194a55,0.8688683119653542
3cd7eb4f0b704fa9,0.8815689733576816
ac957c3f4c294532,0.9340303547866385
2c45460073ea4c7e,0.8861605497539726
b34beaf08dc2469b,0.9514582257365158
b207594217d84054,0.9723241646541789
01ea470fbfd248e5,0.5114705018574721
0e4e849bd7044314,0.9090662065919239
c8f2637d398040f4,0.8916174202387638
e1fb064119b540e3,0.9244451763481097
8ab80f38394641f1,0.9053965137865929
20fec7cf15784439,0.8936540936061358
28ec2122fbf44c50,0.960803724040987
75e5664de6174828,0.5794157435448002
797b9c1229164130,0.7709436067350335
7dc9c748ada34162,0.7317457116576442
9646e10a74174230,0.35411790197243737
35f6f40040dd400a,0.9793330843386564
869c89aa8eba4aba,0.9124643650759396
cda1b3f4b9574568,0.8562360409579138
b131a2f577144bb5,0.6877246435145806
456316a370574525,0.9654681884606667
c1a1f7fbdbbf4917,0.9706851245151595
295072e2959349e2,0.9690877611284567
950e540731f141b8,0.9858565729148986
866d6e16aafb4f72,0.8083540604999772
b1b4164d68cc424b,0.8218280692169946
6f88f6d3d7f9458b,0.9702296024264745
93516a55a0284b5c,0.9474814543936724
b893525e7a2d42a8,0.977944076970369
01b39141cdc44e84,0.9293717081615304
a68d16712ce9406a,0.9625415379067457
6a9d160581244cfe,0.2657884564179357
6e73d033143e4de1,0.8429511868818156
0282617c88e74d62,0.9077049312638795
1ac27fa308274c90,0.3875505474258425
4cc748ac667d4fc6,0.7642490519830779
fc96355b2ac1406b,0.9595525520575645
124e876b5b154a00,0.9519931868464414
b9eb4f22eca345a3,0.9081866200281402
ca83d4daa9784471,0.8436002688925741
49c2d0cb998d47c5,0.9124395828325131
74fd56b5e53c4f97,0.9477774550749473
185da50287c343fa,0.9187993365899625
40961b92ded54ae0,0.839932217928103
be2501021b294587,0.959433980413149
36522719ec7e4a50,0.9485451210019888
900b9ca5492848ac,0.8827852801564234
6824da993cfd4125,0.9633140152455116
ae45354de1724b83,0.8577768503367201
c39bec45d22745e8,0.9156941886334682
d719cec2780b49b1,0.922604565083892
ce1387097a724769,0.8624474126954872
af8930389e3847d5,0.8488376237835713
f502028dc95841ef,0.9524688028212491
b01f8be7e721400a,0.9544226023740793
38a2c41420124e84,0.871505774944949
7b4042d14e884fbb,0.9488988643214494
b4ceea349db84f54,0.8756794055070743
e73a47babd0f4706,0.6797293729088149
07b49e735d1c4a3f,0.7194738739098645
969f6b007e9045ea,0.49919714428450096
7c75fd22556c400b,0.8092668683375348
2501f4993700488f,0.8399948422505493
78f6bfa0fb65450a,0.9227440166920288
433316c84b2e4b07,0.8338378713669089
16215306131b414f,0.9792992099433891
4f91857d74774ddf,0.8513089580715609
3626b966ad5843dc,0.8301375910826078
8ef2eeb6f48643cd,0.8973114099396152
66f3963e52244cf7,0.9653806633255899
b020241b14e34dc7,0.6559115857475908
fd560814bb194f0b,0.6727499431811899
183bbbeabae645a0,0.7624312060504861
9db406f0dc174091,0.9451395109088333
e145f25c487544bb,0.8425237649974068
2982f3f5a3f24185,0.8679877458905509
a80a12c6c7c547f4,0.9650466645602519
300d4b54cb04407b,0.8996626126262864
7d90663bb4ed4271,0.5663914822198107
0eaed7337c7b4460,0.9674042385900496
fa12ebba0ff0427b,0.9729859813818578
bef4d947384740c4,0.9445441069979446
c5332b32604e47be,0.9510297508181546
716a7505a4664b19,0.9622215250703162
2d4ae81829ee4f5e,0.7108012838843975
555c12d14e8f44a9,0.954682959961691
fc287e0d5378427a,0.9332667575728615
3a0d337d299041fc,0.9704350861840128
ee63ad813a444666,0.7964509653765507
c433ad321a8841bd,0.9217818379959775
4df4853444d2444f,0.9750210833287839
0e1643c0938b40c9,0.7972036692847523
5d2ac23ab9dd4e6f,0.9249621583809243
7fff43289d434ae5,0.815914446029373
70c5814b9f1d4c6f,0.8696201424434509
6a71adeb8ad941d5,0.915211413651564
20829280ca314850,0.8475215356568842
3a9ad366828549f9,0.9836793591015985
31a844f4729a4dcb,0.9512333273761655
203da4b7594c4212,0.9362068825998239
a1cba51170f24a40,0.8807196161747011
0aada215f2974a72,0.9698812344951043
7eb880f0015d44f2,0.9768111999328742
145c049a59aa4aa3,0.8954752638816552
8b066d09d49c4bcf,0.4251340332266784
651eed1ba6e946d5,0.614473763148761
338dca450a344ad0,0.9428138995411576
759a0b1a18f04450,0.7308109120470987
cfbc105967c443d7,0.9300005436627988
ad353c049ccb4298,0.5870713517326113
610fae246dfd4d45,0.9674106971482088
6b26aa4ae2494e2d,0.8633289195286437
e14ea7a60eb74968,0.9134667507009734
49ef4bacae5a4b06,0.4823204847618935
0ed777b3913d47a7,0.7995901803108036
aeb28846b0ec46a2,0.9317501514634456
3557ce46043c4960,0.864175154865055
060b42fa8d674f04,0.9415436126877649
1ffc2928d33b4e83,0.4114635878481541
443ee2d9b6264a78,0.9363425107281773
4abae8eaa82b4209,0.8936220900194849
9a2744201318475c,0.9854966705257323
f65d4e5198fd4832,0.8554283972025767
7d7f7e35188047e3,0.8230195156397615
5168bdaabe3e4df6,0.8547074011200766
cf71693494614532,0.961838692690112
e05a8dccd7604c3a,0.9663377452253025
fe438eb14bac445b,0.5806911891462095
2e0d8acc4f94479a,0.9704064297553046
8fe3314c1cc14e48,0.7991943071648271
2db90fc08d55472e,0.8836505628541856
dc7597174d224d6c,0.9780111563311633
b71a8362eced4da1,0.9269123970538395
6785b41b7834416c,0.8911495783568975
46f0e5e88ffd43e2,0.9275852926777362
49b7a03896654018,0.923638338538246
ac85f754c1024aa6,0.8326064463877249
dcae2e7ab8a044f1,0.8831054732974902
ea61d221e5d14ec2,0.5568834351949171
a3b12a65ed944096,0.47165354771055806
6106116d7d394afb,0.7930567989141013
ee99a689cfcd4549,0.9002261707194839
854ef6c722e24c1c,0.8821907948107851
f832955d052a4312,0.8961453361317072
376b71e697fb4ae9,0.5573725518548078
016f88fe93b94c02,0.712414345898888
35b7f72ad7e44c4b,0.8215140383933824
1fcca71656a44620,0.9112365281671697
0e5999aae76e4cb0,0.7177633920351194
49644e9ec35c496d,0.8673619318632044
e1e2d162aa694f61,0.7618898590574767
bf999dbbabc74426,0.8547368766350113
35f9f8d1d9684ace,0.9297880284898167
ab321c05671343d4,0.8693423753281917
474477989dd0465a,0.8323257799683135
7b72282753fc49e0,0.9521467359192194
06196160542e4957,0.9243568515186158
238761f125914016,0.8357316746767595
008bc37b28d44c6b,0.9058948686595859
8501b9ed4c774d4c,0.9362715615023689
b20463d9a0134a25,0.9585352209818916
c353603757ea4261,0.9460041960115476
721d3e19c19d4319,0.6962812740937353
c4fe85ddbb854e77,0.9440063702823721
3f027c629bf14b83,0.9558895602417515
ac98099fc360464f,0.9057555003762878
0db2398605074c4e,0.9278422640968917
f02cbcc6692542e8,0.8196771212519077
0829321c70ac49f9,0.8660842606591452
e9aeb2f82d874cb0,0.7653190638667657
e53e155f03884277,0.8561826355843244
cb82f20d40fa4b35,0.8540339391441049
85a0a10302904df5,0.6005894399784585
df4023d8b4064ed6,0.9823874704968538
d532f22bcef74b9a,0.8677531950247458
6ccf4e6767914ce9,0.8628087695282386
db19e5105bd84a46,0.8589303640116196
9a6e40a827214ab7,0.7696212311902815
94afa34756f44cda,0.9337903920422248
8053c051f9ef4070,0.958841037780885
2368e91a14734159,0.860474237873381
205e54c16aef4d76,0.9367802659068505
0029be170ae54722,0.9196507282698947
a7ee91ad733443b5,0.8457207843245771
de9736e042b045e9,0.9395744411435233
05333ce9f03d4ef2,0.954418382365167
948086c42f4e4439,0.37213038561950296
1f08daf9b9ad400e,0.9523324308337897
128e6e963e444ea1,0.9276870803943605
5a8d733c69a14c93,0.9261472700780258
ffa57e3b482749fb,0.8883678826067547
0a020cf10f804ff4,0.9295453760819862
c78478b80e044e98,0.8412399295111617
075aabe7c0fc4fe7,0.7959576305766122
1873745416cc43da,0.9208030600279867
ee94b529b2464d35,0.9789054135729733
8418a3243ff34564,0.9019084790366945
60319111ee724aa9,0.8797226207744301
dbd128c111024fae,0.909092534989499
d77fed3fa47244c1,0.5698689632211589
0e9376cc1ce34e1a,0.9212847625117329
e033b5f623564684,0.7313475156024035
2574ce134ea04028,0.9082502516437106
63f72fee242e4ccf,0.9027817712623145
20c811992fe44285,0.620246898291626
9893ec45231045f3,0.9183466461992195
e35859e815c14aa9,0.40659644514735754
6a06c82b97354869,0.9491175133045939
9f43417aaa7c4686,0.785693869851075
4e5e4def3bf64b91,0.5358432993850791
6bc82123cf194e43,0.893976626578188
ce4862a52072467e,0.9045157721916048
d9f7e3aef3e042c5,0.9731355293782857
339d3a2cfd514230,0.8506528197489354
b706c9c6ce6b48de,0.9468527392309114
9447931da5644df8,0.7729676980241023
de8156118d224464,0.8884413042780506
b42729d7babd43b9,0.8443212145279325
0ee6928c02a04b2d,0.9572005935664833
bee967a35a7744b5,0.8794131659117613
a6b19146e9c54c88,0.9152278335515239
b13a49b10f3044da,0.8626251100584069
0291f5e63807413e,0.8274317487383827
6e802238fe5d46f7,0.9173140481564718
7c96c28b120a46eb,0.9663245359480493
3a801bbb29a34970,0.7433537752304084
fcdbc8d762914e88,0.9568171109469427
4ed5b16f7be54f80,0.8535695340706728
cbb793aad14d4ea0,0.8956453138400851
2f6678e2492049dd,0.5313377613090767
1ce5660b136a4517,0.9509537053474993
0caae72f13c247e3,0.9212001179277605
55a7aa0bd63a4891,0.8673354713964166
cd42b3ad422e46ae,0.9463223352325983
84a24dc81aba4c87,0.8779944199414541
80e71cc02ccb4dbe,0.8188727221579123
acadebd3cd5e488e,0.7516356865554644
446da89de79040ab,0.6755678920457528
ff6813bfca3244b1,0.9200511981708612
4fc9ef42b54c427c,0.936921915932802
2c52081e23c04380,0.9069013218042015
4556c4d83ba8439d,0.892848780461604
ae587f8eb4004fc1,0.8091969105959445
2018f81f37414cd9,0.9099751289675979
1693f86480c44c43,0.8295911520378951
b2a531d91ae84a89,0.8856400068025314
76a9031ed7d8460c,0.9156651310917802
9ab326af3b8a4d12,0.8324048170206985
c0b982b7b643445c,0.8308486523988471
6eafb8ce3baf421c,0.5467159477973483
59766bf737da48ed,0.6265088070130403
55db255b81d04900,0.9320149271859138
1ee5c88daae945f4,0.9704081537230591
989ce33a39da44fe,0.6591884450643649
8778fe2879224dcf,0.8048890351021246
ac1dea8651014d4a,0.9546206092374915
f253c20383fa4abc,0.6779283343744298
75fe20a953b142ba,0.8049548313211672
dd58d42b54d3445c,0.7319219042126953
fc4b7e61f5584a06,0.9329202605137947
b22300b792b545ab,0.9747292874508999
740c5d0f729d441a,0.7529529403053452
724453af0e3947f1,0.9064174988174634
9c1db9f764ce4890,0.8719270760222264
ff25c92ac5cf45cd,0.884200360307342
7cacdeab836f43fc,0.9259219608659486
e0bc0ccf0447443f,0.8910696459997864
d77242f44abe4afe,0.8098309614626833
b6e5ae425cae4086,0.9431396476071723
3dce8f836d414a87,0.9300882152268304
2c841af53a8841ec,0.9448004302826298
61fa28bac3ae44dc,0.8746035672476751
397bb5ce694a46bf,0.9612930720601485
49fa3ca1394a47b7,0.868374840398284
a82c281448c0452a,0.9520925128926766
f5dcc20cc39b4b0f,0.9641159944110949
4e942c4c2de14d51,0.8720795094197591
8ac944b0d57342e2,0.9126561626832062
30aef35c040e4db1,0.6560499700324416
13662d0cfbc742aa,0.9465435689095357
75858bbde22d46a9,0.7983316270445855
2bdbc524dab94b45,0.9068651264269675
0077056f939849d7,0.8969635915674837
3b51f487b45d4559,0.933240563711889
0575ae4f41744bfd,0.9622614289118594
c6b02ac28092459e,0.7895269992282206
1e19307bef774ccb,0.9306662055073118
b31088ae90454dbf,0.8908238597464281
39424608b06a4199,0.9124954604063598
460bd37702f04fea,0.8900824559731803
2703cb62e35543af,0.9755967030598652
5611efb7b5db4d04,0.9327618268427326
c4c03ddc6636443b,0.9617709437061904
cf9ff63c741c4d38,0.982167641051107
38f8b251468c4010,0.5306556071895876
09eadbb785564c2b,0.9765587057160127
918d9da73a444960,0.931217796377321
3f9a9422e6b94348,0.9595031349655603
b2ff067789154d05,0.9623993906754537
2e3011f3c61649db,0.9323356245852166
324bf22e756f48eb,0.9619219110359126
a9bda3e07873445b,0.9726951523872494
4277dff099224155,0.97135780595108
cc441f925a944a79,0.8374615568143717
6d7172c2dd0a4202,0.674208853356995
07294f9c1d39407f,0.9805323912693805
06d3a49f258e4077,0.9430943646072562
e26861f5f59c4264,0.8944870880467536
886540fcc0344dd4,0.8932726496785733
7685f09e3ca94703,0.8009839749202348
2aa7611afca14908,0.9131592047716357
3ae51a6fa3194169,0.9242174377696406
73cd646122ec4f67,0.8857526060959883
bee7e86ba0774ef5,0.8522833695802016
174ecf8184bb48b8,0.9051040900456516
4cce1581256d45ad,0.8993583553895863
96bac94a511b4146,0.95777870818768
39b6df857aff4399,0.9085538081610671
0143e55c0c314326,0.8874325470293304
01b194b0e2ca4215,0.8140595952834571
5b01f5aea1bd4d99,0.9386934293782988
7ab598ce87be46e7,0.8328077015482085
596afb75da644e1e,0.9304886446683017
abeb1bfef44844fd,0.9599215136424034
6db176b6e6cf45b9,0.9209343926271838
5f5e26baa37b4fa3,0.9165389189640286
7ce4fd008a334c73,0.8267661847445121
b1b426605b234b24,0.9447844206302525
41f24ca925884745,0.9731984189875272
9468e626aaf249a2,0.9809590448490123
0998b5c189f74638,0.967120782342923
9797f6b1a4c2426b,0.901531336159659
9192865d9d7d4721,0.9417367431381023
dfff5b0d96ca4b82,0.8942653803482354
856a2433fa234f98,0.9134990904222695
6507a90e09e1488e,0.8663095456287119
ba41bd5a20424fc2,0.7005989340543017
eaefdd877e1b41a9,0.9300005436627988
e6a52ed611284564,0.8248368538366175
534bc1f85fa841a6,0.9721906156165541
52ef29d838284832,0.920153918887554
d91d386ce36b41fc,0.8952259001583603
224d18c82e1440b7,0.7773257846554565
dd8977c0244e40fa,0.7610507098573691
0f6cab3834ab4adf,0.8932355477018323
735b5e65c8b94074,0.8764023945940969
03ac53f16549451e,0.947481424870413
65fa3f79e18f4c15,0.9157633745751772
181a386d0e64446e,0.6175449842188856
f4052d342674425e,0.9401458188380778
aae24a55d4d5428c,0.8783694049536307
c5df7999603a47cb,0.9146040609367327
3a76c4e569ba44c9,0.867220102178877
55ed1e9cec854631,0.8840167175342369
716571e8557843ac,0.9153705860522244
0303e1db5be24b71,0.7091149782845884
ab4716abb2a6404f,0.5945819629717185
625135ac35f64844,0.9009651847499494
83c8678717fc4ccc,0.4536932627181268
d4660f618f274785,0.9771890942720558
bc14620bd59d449c,0.37792123787056997
dbb5c90685ab4904,0.9294095326073347
be0d405e66364679,0.9505612826493942
0148037acae74b34,0.9460448654906956
3ba8c9f63905452f,0.9507833489612078
d8444adcb8a44203,0.9816061681493455
69add4ae0ec141f6,0.42437341552950314
68ac52e1dac44515,0.879945377494087
642e3be9b23f4d43,0.7970672989616512
8a9765cb09bb4220,0.9477212568985126
1ec87cd7221b4d3b,0.8517081162944856
7b063bf2bc564b5c,0.9621659711798854
f499207b97ec4fdb,0.9452470462222745
a3561ecf12dd4a5a,0.9549168777906897
ae4f50f1bbba4cc3,0.9564308093453695
26ac0cde8941478a,0.8071873937679844
f191c158e0eb4df1,0.9588330762813501
71775ba635ed4995,0.9534477568124794
e3a5c05f05ce4530,0.9466742865753615
77b2eae06624484c,0.8862428394273467
7cb99803b6664ef7,0.9141731306295081
70f571c76b7142f2,0.9230452902388682
88e782de52a642da,0.846223040758841
edfcb09a03d04ccd,0.911656922365432
03c40faea55f4c63,0.8361950379102836
659b99e513ba434d,0.975560979135318
c5edddd4e8654653,0.8170067673630163
2fc2cd17d80f4ca3,0.6358060366439318
c5721fb751d24575,0.8808509491990067
5db06c2bfedf47a3,0.9425304588046703
6d38f6dcc8214345,0.9159167247739013
a2256ab2e19a416b,0.9392924199955184
f990cf1f87874c8e,0.9197087921256598
50aec4ad60c44335,0.8596629583007198
65e465b9c50d47d6,0.5915168174525013
c53f6f1f431e4dad,0.9064789139935181
3dd7dd6e4ce84e20,0.947258897630642
25604928552e4199,0.6580762599399279
c98db733fc864920,0.8317623335661198
3c3035e94ba14065,0.9284994248882574
9dc8af19a3e34ca5,0.9694425931944539
8ab3f2d82b3a492c,0.9282563469741827
57c2e259e28b48da,0.9450900927318301
8aa5a64d407543fa,0.8944814509249757
90a3b868da95457f,0.5102753616401133
a096a58bf42e4020,0.9568819157153744
ac1fe15447754aee,0.9424823465158989
a321e1172d46461b,0.9657867779390394
737397033f99451c,0.8596790419953724
5a40ba09da254613,0.9141850170613806
43aee30466c241cc,0.945478230315431
95968abfa5084035,0.9776995624818072
435f84d052ab45e0,0.9567063666778739
681c116a0d8645b2,0.9139879245551016
2f120d23fbd3488c,0.42864319807018686
9ff32654a78c4f16,0.8827204181692226
0a49777506a24030,0.712650311282508
3022ce68a20d48a2,0.9735527745089105
959464b6a474492f,0.9330151616927963
4790698208d04961,0.9171756536513507
861f24225b4c4336,0.6947872402807275
1de7af77dc50464b,0.8377718424836359
e0196710aedd4d6d,0.8731006669142043
c3b62dbce9144224,0.8886753683246514
97b4c615ac5f472a,0.8927477814092669
78696d1f4af54cf4,0.8598339469041497
a8490bcc6a3748c2,0.8832400125282857
f7136f9d9641465c,0.5582155966922976
cb0268380675468c,0.8071118309802987
c9bea64701274232,0.30035248578771356
902b49ce05624582,0.953095393113436
df180efc64a649da,0.8529100242502544
7b4d4d52e6b84ce9,0.9138882749012115
24fda56c0faa4f9b,0.9518040281696291
c0588d047bc0473b,0.9638916430763234
43826dfcd77c44af,0.7274053977296233
e7b509ca816143f7,0.790406996354124
a409c173ae4245fc,0.965726705371589
e34a114f1bb346c6,0.8934399253859969
7721d71e194845f7,0.7761162158461558
65830242e77c484a,0.9498770589025298
b4742e5069454971,0.43715296084540595
